type,id,name,short_name,value_type,domain_type,dataset_names,period_types,opening_dates,search_term,data_rows_sample,has_data
data_element,R2QcelFpsuS,COM_MAT_Maternal Deaths in the Community,COM_Maternal Deaths in the Community,INTEGER_ZERO_OR_POSITIVE,AGGREGATE,,,,maternal,339,TRUE
data_element,YJ9U3sc79Wd,EHCRIG0403 - The health centre shall establish maternal waiting homes with necessary facilities (optional for urban HCs).,HC establish maternal waiting homes,BOOLEAN,AGGREGATE,,,,maternal,0,FALSE
data_element,wHjY7HvykXH,EHCRIG0404 - The Health Centre should ensure provision of Basic Emergency Maternal and Newborn Care (BEmONC) services for 24/7.,HC ensure provision of BEmONC services 24/7,BOOLEAN,AGGREGATE,,,,maternal,0,FALSE
data_element,tloUjSldtmp,EHSTGDE0802 - The hospital should ensure provision of Comprehensive Emergency Maternal and Newborn Care (CEmONC) services,Hospital should ensure provision CEmONC services,BOOLEAN,AGGREGATE,,,,maternal,0,FALSE
data_element,tIiiiF3NFQ5,ESV-ICD11 JA65.6 - Maternal hypotension syndrome,ESV-ICD11 - JA65.6,INTEGER_ZERO_OR_POSITIVE,AGGREGATE,,,,maternal,182,TRUE
data_element,QsPQsHWyc74,ESV-ICD11 JA65 - Maternal care for other conditions predominantly related to pregnancy,ESV-ICD11 - JA65,INTEGER_ZERO_OR_POSITIVE,AGGREGATE,,,,maternal,1716,TRUE
data_element,bQhZCsnf7Tk,ESV-ICD11 JA80 - Maternal care related to multiple gestation,ESV-ICD11 - JA80,INTEGER_ZERO_OR_POSITIVE,AGGREGATE,,,,maternal,656,TRUE
data_element,Ccg95wwkP2I,ESV-ICD11 JA87 - Maternal care related to polyhydramnios,ESV-ICD11 - JA87,INTEGER_ZERO_OR_POSITIVE,AGGREGATE,,,,maternal,1873,TRUE
data_element,pMaIDtVcadf,ESV-ICD11 JA88 - Maternal care related to certain specified disorders of amniotic fluid or membranes,ESV-ICD11 - JA88,INTEGER_ZERO_OR_POSITIVE,AGGREGATE,,,,maternal,753,TRUE
data_element,qx7r284km0B,ESV-ICD11 JA89 - Maternal care related to premature rupture of membranes,ESV-ICD11 - JA89,INTEGER_ZERO_OR_POSITIVE,AGGREGATE,,,,maternal,3684,TRUE
data_element,eSvo4q5gSO5,ESV-ICD11 JB05 - Obstructed labour due to maternal pelvic abnormality,ESV-ICD11 - JB05,INTEGER_ZERO_OR_POSITIVE,AGGREGATE,,,,maternal,1518,TRUE
data_element,qe1ci246KGm,ESV-ICD11 KA00 - Fetus or newborn affected by maternal conditions that may be unrelated to present pregnancy,ESV-ICD11 - KA00,INTEGER_ZERO_OR_POSITIVE,AGGREGATE,,,,maternal,134,TRUE
data_element,ovQoWvleHxv,ESV-ICD11 KA01 - Fetus or newborn affected by maternal complications of pregnancy,ESV-ICD11 - KA01,INTEGER_ZERO_OR_POSITIVE,AGGREGATE,,,,maternal,162,TRUE
data_element,zVkzq7dO1hh,ESV-ICD11 KA07 - Neonatal dermatoses due to maternal antibodies,ESV-ICD11 - KA07,INTEGER_ZERO_OR_POSITIVE,AGGREGATE,,,,maternal,74,TRUE
data_element,t2CFUHIC4XF,HBP-El Comprehensive Abortion Care by Maternal Age,WBP-El Comprehensive Abortion Care by MA,NUMBER,AGGREGATE,,,,maternal,0,FALSE
data_element,Zdvmvqc9udO,HBP-T# Comprehensive Abortion Care by Maternal Age-non aggregate,HBP-T# Comprehensive Abortion Care by MA - NA,NUMBER,AGGREGATE,,,,maternal,0,FALSE
data_element,Yih2Z1DKdxl,HBP-T# of Institutional Maternal Deaths-not aggregate,HBP-T# Institutional Maternal Deaths-not aggre,NUMBER,AGGREGATE,,,,maternal,0,FALSE
data_element,yEBKkBtAIll,Hosp_KPI - EHSIG chapter 9_Maternal newborn RH and Midwifery service,EHSIG chapter 9_Maternal newborn RH and Midwifery,PERCENTAGE,AGGREGATE,,,,maternal,3006,TRUE
data_element,lotDArt3TsU,MAT_ANC 1st by Maternal Age,ANC 1st by Maternal Age,INTEGER_ZERO_OR_POSITIVE,AGGREGATE,,,,maternal,37878,TRUE
data_element,dCyyyAiuofb,MAT_ANC >= 4 by Maternal Age,ANC >= 4 by Maternal Age,INTEGER_ZERO_OR_POSITIVE,AGGREGATE,,,,maternal,37934,TRUE
data_element,pj5uAe3P8EM,MAT_Maternal Deaths in Health Facility,Maternal Deaths in Health Facility,INTEGER_ZERO_OR_POSITIVE,AGGREGATE,,,,maternal,12543,TRUE
data_element,VbLl2M9cuzV,MAT_Maternal Deaths in the Community,Maternal Deaths in the Community,INTEGER_ZERO_OR_POSITIVE,AGGREGATE,,,,maternal,26602,TRUE
data_element,WERL7LjT4x5,O10-1230 Hypertension (Unspecified maternal hypertension),O10-1230 Hypertension (Unspecified maternal hypert,INTEGER_ZERO_OR_POSITIVE,AGGREGATE,,,,maternal,1405,TRUE
data_element,PzZR2zzbyW6,O20-1256 Maternal care for other conditions predominantly related to pregnancy,O20-1256 Maternal care for other conditions predom,INTEGER_ZERO_OR_POSITIVE,AGGREGATE,,,,maternal,163,TRUE
data_element,OrUAa3eJ9Yi,O30-1276 Maternal care for known or suspected malpresentation of fetus,O30-1276 Maternal care for known or suspected malp,INTEGER_ZERO_OR_POSITIVE,AGGREGATE,,,,maternal,182,TRUE
data_element,dgvLt3unKEg,O30-1277 Maternal care for unstable lie,O30-1277 Maternal care for unstable lie,INTEGER_ZERO_OR_POSITIVE,AGGREGATE,,,,maternal,117,TRUE
data_element,yZweNVKF450,O30-1278 Maternal care for breech presentation,O30-1278 Maternal care for breech presentation,INTEGER_ZERO_OR_POSITIVE,AGGREGATE,,,,maternal,1162,TRUE
data_element,lH6LbkboZsO,O30-1279 Maternal care for transverse and oblique lie,O30-1279 Maternal care for transverse and oblique,INTEGER_ZERO_OR_POSITIVE,AGGREGATE,,,,maternal,404,TRUE
data_element,WVy73xcVpYb,O30-1280 Maternal care for face brow and chin presentation,O30-1280 Maternal care for face brow and chin pres,INTEGER_ZERO_OR_POSITIVE,AGGREGATE,,,,maternal,268,TRUE
data_element,klkOjdxI4HD,O30-1281 Maternal care for compound presentation,O30-1281 Maternal care for compound presentation,INTEGER_ZERO_OR_POSITIVE,AGGREGATE,,,,maternal,119,TRUE
data_element,jX8QnjGYIFU,O30-1282 Maternal care for malpresentation of fetus unspecified,O30-1282 Maternal care for malpresentation of fetu,INTEGER_ZERO_OR_POSITIVE,AGGREGATE,,,,maternal,101,TRUE
data_element,JqhMpIe2HMN,O30-1283 Maternal care for known or suspected disproportion,O30-1283 Maternal care for known or suspected disp,INTEGER_ZERO_OR_POSITIVE,AGGREGATE,,,,maternal,99,TRUE
data_element,BVO9BXIuQIk,O30-1284 Maternal care for disproportion due to unusually large fetus,O30-1284 Maternal care for disproportion due to un,INTEGER_ZERO_OR_POSITIVE,AGGREGATE,,,,maternal,230,TRUE
data_element,ZvxlgI1dwyH,O30-1285 Maternal care for disproportion due to hydrocephalic fetus,O30-1285 Maternal care for disproportion due to hy,INTEGER_ZERO_OR_POSITIVE,AGGREGATE,,,,maternal,210,TRUE
data_element,FBItmnl9OgH,O30-1286 Maternal care for disproportion unspecified,O30-1286 Maternal care for disproportion unspecifi,INTEGER_ZERO_OR_POSITIVE,AGGREGATE,,,,maternal,182,TRUE
data_element,yRYcATaIBBZ,O30-1287 Maternal care for cervical incompetence,O30-1287 Maternal care for cervical incompetence,INTEGER_ZERO_OR_POSITIVE,AGGREGATE,,,,maternal,474,TRUE
data_element,j5cvFF1MJDE,O30-1288 Maternal care for other known or suspected fetal problems,O30-1288 Maternal care for other known or suspecte,INTEGER_ZERO_OR_POSITIVE,AGGREGATE,,,,maternal,107,TRUE
data_element,uYTTNfHAZ18,O30-1289 Maternal care for rhesus isoimmunization,O30-1289 Maternal care for rhesus isoimmunization,INTEGER_ZERO_OR_POSITIVE,AGGREGATE,,,,maternal,290,TRUE
data_element,RWulXW939kX,O30-1290 Maternal care for signs of fetal hypoxia,O30-1290 Maternal care for signs of fetal hypoxia,INTEGER_ZERO_OR_POSITIVE,AGGREGATE,,,,maternal,122,TRUE
data_element,cFlulEeuKRw,O30-1291 Intrauterine Fetal Death (Maternal care for intrauterine death),O30-1291 Intrauterine Fetal Death (Maternal care f,INTEGER_ZERO_OR_POSITIVE,AGGREGATE,,,,maternal,1807,TRUE
data_element,Qn9jp4jiZPt,O30-1292 Maternal care for poor fetal growth,O30-1292 Maternal care for poor fetal growth,INTEGER_ZERO_OR_POSITIVE,AGGREGATE,,,,maternal,200,TRUE
data_element,ZebTbvnO1zW,O30-1293 Maternal care for viable fetus in abdominal pregnancy,O30-1293 Maternal care for viable fetus in abdomin,INTEGER_ZERO_OR_POSITIVE,AGGREGATE,,,,maternal,59,TRUE
data_element,YLvinXoPLdQ,O30-1294 Maternal care for fetal problem unspecified,O30-1294 Maternal care for fetal problem unspecifi,INTEGER_ZERO_OR_POSITIVE,AGGREGATE,,,,maternal,192,TRUE
data_element,pOijPPDmY39,O60-1369 Maternal distress (Maternal distress during labour and delivery),O60-1369 Maternal distress (Maternal distress duri,INTEGER_ZERO_OR_POSITIVE,AGGREGATE,,,,maternal,76,TRUE
data_element,jvyjSeW5RXt,O94-1404 Maternal death (Obstetric death of unspecified cause),O94-1404 Maternal death (Obstetric death of unspec,INTEGER_ZERO_OR_POSITIVE,AGGREGATE,,,,maternal,106,TRUE
data_element,Y1afKMsExcC,O94-1411 Maternal Infectious & Parasitic Diseases Complicating Pregnancy Childbirth Puerperium (Other),O94-1411 Maternal Infectious & Parasitic Diseases,INTEGER_ZERO_OR_POSITIVE,AGGREGATE,,,,maternal,76,TRUE
data_element,SGfWzd9YDum,P00-1413 Fetus and newborn affected by maternal infectious and parasitic diseases,P00-1413 Fetus and newborn affected by maternal in,INTEGER_ZERO_OR_POSITIVE,AGGREGATE,,,,maternal,35,TRUE
data_element,j27xLM4OmA4,P00-1414 Fetus and newborn affected by maternal injury,P00-1414 Fetus and newborn affected by maternal in,INTEGER_ZERO_OR_POSITIVE,AGGREGATE,,,,maternal,47,TRUE
data_element,T1i9bqGgelr,P00-1415 Fetus and newborn affected by other maternal conditions,P00-1415 Fetus and newborn affected by other mater,INTEGER_ZERO_OR_POSITIVE,AGGREGATE,,,,maternal,35,TRUE
data_element,mNMAqsupPxB,P00-1416 Fetus and Newborn (Fetus and newborn affected by maternal complications of pregnancy),P00-1416 Fetus and Newborn (Fetus and newborn affe,INTEGER_ZERO_OR_POSITIVE,AGGREGATE,,,,maternal,22,TRUE
data_element,HLIyKfxBoVT,P00-1421 Fetus and newborn affected by maternal death,P00-1421 Fetus and newborn affected by maternal de,INTEGER_ZERO_OR_POSITIVE,AGGREGATE,,,,maternal,6,TRUE
data_element,TG0SiloDn6W,P00-1436 Fetus and newborn affected by maternal anaesthesia and analgesia in pregnancy labour and delivery,P00-1436 Fetus and newborn affected by maternal an,INTEGER_ZERO_OR_POSITIVE,AGGREGATE,,,,maternal,5,TRUE
data_element,gpKUgTvXXgo,P00-1437 Fetus and newborn affected by maternal use of drugs of addiction,P00-1437 Fetus and newborn affected by maternal us,INTEGER_ZERO_OR_POSITIVE,AGGREGATE,,,,maternal,7,TRUE
data_element,rq0nd3LGFnu,P50-1513 Neonatal jaundice due to swallowed maternal blood,P50-1513 Neonatal jaundice due to swallowed matern,INTEGER_ZERO_OR_POSITIVE,AGGREGATE,,,,maternal,43,TRUE
data_element,K3nxmxmgZhM,WBP-B% Institutional Maternal and Perinatal Death review coverage (%) - aggregated,WBP-B% Maternal&Perinatal Death review-agg,PERCENTAGE,AGGREGATE,,,,maternal,12,TRUE
data_element,LAYsVpQZAIH,WBP-EL Comprehensive Abortion Care by Maternal Age - aggregate,WBP-EL Comprehensive Abortion Care by MA Agg,NUMBER,AGGREGATE,,,,maternal,0,FALSE
data_element,ll5kZDFZrD9,WBP-EL Comprehensive Abortion Care by Maternal Age - not aggregate,WBP-EL Comprehensive Abortion Care by MA NA,NUMBER,AGGREGATE,,,,maternal,0,FALSE
data_element,kr0rYzZh4ws,WBP-T% Comprehensive Abortion Care by Maternal Age,WBP-T % Comprehensive Abortion Care by MA,PERCENTAGE,AGGREGATE,,,,maternal,2196,TRUE
data_element,JLdIrK8Fmem,WBP-T# Comprehensive Abortion Care by Maternal Age -aggregate,WBP-T# Comprehensive Abortion Care by MA aggregate,NUMBER,AGGREGATE,,,,maternal,0,FALSE
data_element,Y2RzATE5GSI,WBP-T# Comprehensive Abortion Care by Maternal Age-non aggregate,WBP-T# Comprehensive Abortion Care by MA -non aggr,NUMBER,AGGREGATE,,,,maternal,0,FALSE
data_element,uHhi9u4sb0X,WBP-T% Institutional Maternal and Perinatal Death review coverage (%)-aggregated,WBP-T% Maternal&Perinatal Death review-agg,PERCENTAGE,AGGREGATE,,,,maternal,48,TRUE
data_element,So3v9BiH2zA,WBP-T# Maternal Deaths in the Community-aggregate,Maternal Deaths in the Community-aggregate,NUMBER,AGGREGATE,,,,maternal,0,FALSE
data_element,DBIRSjcReWP,WBP-T# Maternal Deaths in the Community-non aggregate,Maternal Deaths in the Community-non aggregate,NUMBER,AGGREGATE,,,,maternal,0,FALSE
data_element,NFCPxtv85WE,WBP-T# of Institutional Maternal Deaths-aggregate,Institutional Maternal Deaths-aggregate,NUMBER,AGGREGATE,,,,maternal,0,FALSE
data_element,G4NOmVksJiR,WBP-T# of Institutional Maternal Deaths-not aggregate,Institutional Maternal Deaths-not aggregate,NUMBER,AGGREGATE,,,,maternal,0,FALSE
indicator,HJnJCWkFjGK,HBP-T# Comprehensive Abortion Care by Maternal Age-non aggregate,HBP-T# Comprehensive Abortion Care by MA - NA,Percent,,,,,maternal,0,derived_indicator_not_queryable
indicator,WzeDdCRruX5,HBP-T# of Institutional Maternal Deaths-non aggregate,HBP-T# Institutional Maternal Deaths-NA,Percent,,,,,maternal,0,derived_indicator_not_queryable
indicator,wz5DEc5Whxd,MAT_Comprehensive Abortion Care by Maternal Age,Abortion Care by Age,Number (Factor 1),,,,,maternal,0,derived_indicator_not_queryable
indicator,GiSDAhVYogM,MAT_% of Institutional Maternal Deaths,% of Institutional Maternal Deaths,Percent,,,,,maternal,0,derived_indicator_not_queryable
indicator,zcV8qRWd0Q7,WBP-B#  Comprehensive Abortion Care by Maternal Age,WBP-B#  Abortion Care by Age,Number (Factor 1),,,,,maternal,0,derived_indicator_not_queryable
indicator,KU67ss5mWLj,WBP-B% Comprehensive Abortion Care by Maternal Age,WBP-B% Comprehensive Abortion Care by MA,Percent,,,,,maternal,0,derived_indicator_not_queryable
indicator,AMtW6fuyfkN,WBP-B# Maternal Deaths in the Community,Maternal Deaths in the Community,Number (Factor 1),,,,,maternal,0,derived_indicator_not_queryable
indicator,yxW4R52SoSN,WBP-B#  of Institutional Maternal Deaths,WBP-B#  of Institutional Maternal Deaths,Number (Factor 1),,,,,maternal,0,derived_indicator_not_queryable
indicator,w7j9LMLlq4Q,WBP-El Comprehensive Abortion Care by Maternal Age,WBP-El Comprehensive Abortion Care by MA,Number (Factor 1),,,,,maternal,0,derived_indicator_not_queryable
indicator,WmCyDPGTsVI,WBP-T# Comprehensive Abortion Care by Maternal Age,WBP-T# Comprehensive Abortion Care by MA,Number (Factor 1),,,,,maternal,0,derived_indicator_not_queryable
data_element,JEM6ya5Bd6L,_2017_Number of clinically undernourished PLHIV who received therapeutic or supplementary food by age sex and pregnancy status,PLHIV undernourished therapeutic food,INTEGER_ZERO_OR_POSITIVE,AGGREGATE,,,,pregnancy,67218,TRUE
data_element,NHXvd743Zxu,_2017_Number of PLHIV that were nutritionally assessed and found to be clinically undernourished - by age sex and pregnancy,No. PLHIV clinically undernourished,INTEGER_ZERO_OR_POSITIVE,AGGREGATE,,,,pregnancy,69014,TRUE
data_element,T2Wr1NQWKpY,Denom_Estimated Teenage pregnancy,Denom_Estimated Teenage pregnancy,NUMBER,AGGREGATE,,,,pregnancy,0,FALSE
data_element,C3R80ZKDN6p,"ESV-ICD11 6E20 - Mental or behavioural Disorders associated with pregnancy, childbirth or the puerperium, without psychotic symptoms",ESV-ICD11 - 6E20,INTEGER_ZERO_OR_POSITIVE,AGGREGATE,,,,pregnancy,681,TRUE
data_element,YNCDSX4a6KG,"ESV-ICD11 6E21 - Mental or behavioural Disorders associated with pregnancy, childbirth or the puerperium, with psychotic symptoms",ESV-ICD11 - 6E21,INTEGER_ZERO_OR_POSITIVE,AGGREGATE,,,,pregnancy,813,TRUE
data_element,m8YCoIYJzIy,"ESV-ICD11 6E2Z - Mental or behavioural disorders associated with pregnancy, childbirth or the puerperium, unspecified",ESV-ICD11 - 6E2Z,INTEGER_ZERO_OR_POSITIVE,AGGREGATE,,,,pregnancy,305,TRUE
data_element,imw94dmsoGD,ESV-ICD11 GA33 - Recurrent pregnancy loss,ESV-ICD11 - GA33,INTEGER_ZERO_OR_POSITIVE,AGGREGATE,,,,pregnancy,1689,TRUE
data_element,H8ctZiKHbep,ESV-ICD11 JA01.0 - Abdominal pregnancy,ESV-ICD11 - JA01.0,INTEGER_ZERO_OR_POSITIVE,AGGREGATE,,,,pregnancy,3597,TRUE
data_element,cN7iAPXk5Ah,ESV-ICD11 JA01.1 - Tubal pregnancy,ESV-ICD11 - JA01.1,INTEGER_ZERO_OR_POSITIVE,AGGREGATE,,,,pregnancy,633,TRUE
data_element,AetFL9O93Ds,ESV-ICD11 JA01.2 - Ovarian pregnancy,ESV-ICD11 - JA01.2,INTEGER_ZERO_OR_POSITIVE,AGGREGATE,,,,pregnancy,1436,TRUE
data_element,iTEKHh0ttiy,ESV-ICD11 JA01 - Ectopic pregnancy,ESV-ICD11 - JA01,INTEGER_ZERO_OR_POSITIVE,AGGREGATE,,,,pregnancy,5245,TRUE
data_element,NtAByrJyqmA,"ESV-ICD11 JA01.Z - Ectopic pregnancy, unspecified",ESV-ICD11 - JA01.Z,INTEGER_ZERO_OR_POSITIVE,AGGREGATE,,,,pregnancy,3410,TRUE
data_element,IqrNcZcuw7C,ESV-ICD11 JA02 - Molar pregnancy,ESV-ICD11 - JA02,INTEGER_ZERO_OR_POSITIVE,AGGREGATE,,,,pregnancy,4898,TRUE
data_element,k0N8o9k8vOk,"ESV-ICD11 JA05.0 - Genital tract or pelvic infection following abortion, ectopic or molar pregnancy",ESV-ICD11 - JA05.0,INTEGER_ZERO_OR_POSITIVE,AGGREGATE,,,,pregnancy,352,TRUE
data_element,VtlDgucac2m,"ESV-ICD11 JA05.2 - Embolism following abortion, ectopic or molar pregnancy",ESV-ICD11 - JA05.2,INTEGER_ZERO_OR_POSITIVE,AGGREGATE,,,,pregnancy,475,TRUE
data_element,T6jxhxvMsY0,"ESV-ICD11 JA05 - Complications following abortion, ectopic or molar pregnancy",ESV-ICD11 - JA05,INTEGER_ZERO_OR_POSITIVE,AGGREGATE,,,,pregnancy,1213,TRUE
data_element,eatCx2ufqTR,"ESV-ICD11 JA05.Y - Other specified complications following abortion, ectopic or molar pregnancy",ESV-ICD11 - JA05.Y,INTEGER_ZERO_OR_POSITIVE,AGGREGATE,,,,pregnancy,1118,TRUE
data_element,GbYdGMVIUiu,"ESV-ICD11 JA2Z - Oedema, proteinuria, or hypertensive disorders in pregnancy, childbirth, or the puerperium, unspecified",ESV-ICD11 - JA2Z,INTEGER_ZERO_OR_POSITIVE,AGGREGATE,,,,pregnancy,1004,TRUE
data_element,YcaSc5Zt7eR,ESV-ICD11 JA40 - Haemorrhage in early pregnancy,ESV-ICD11 - JA40,INTEGER_ZERO_OR_POSITIVE,AGGREGATE,,,,pregnancy,1186,TRUE
data_element,UfvqQAhM8r3,ESV-ICD11 JA60 - Excessive vomiting in pregnancy,ESV-ICD11 - JA60,INTEGER_ZERO_OR_POSITIVE,AGGREGATE,,,,pregnancy,11024,TRUE
data_element,mbXjy109mEn,ESV-ICD11 JA61.0 - Varicose veins of lower extremity in pregnancy,ESV-ICD11 - JA61.0,INTEGER_ZERO_OR_POSITIVE,AGGREGATE,,,,pregnancy,1941,TRUE
data_element,u1XYME92ZdV,ESV-ICD11 JA61.1 - Genital varices in pregnancy,ESV-ICD11 - JA61.1,INTEGER_ZERO_OR_POSITIVE,AGGREGATE,,,,pregnancy,141,TRUE
data_element,Ov8yAx5zmKn,ESV-ICD11 JA61.2 - Superficial thrombophlebitis in pregnancy,ESV-ICD11 - JA61.2,INTEGER_ZERO_OR_POSITIVE,AGGREGATE,,,,pregnancy,71,TRUE
data_element,NBW5YtOQZZE,ESV-ICD11 JA61.3 - Deep phlebothrombosis in pregnancy,ESV-ICD11 - JA61.3,INTEGER_ZERO_OR_POSITIVE,AGGREGATE,,,,pregnancy,130,TRUE
data_element,e5oFrSVH5tx,ESV-ICD11 JA61.4 - Haemorrhoids in pregnancy,ESV-ICD11 - JA61.4,INTEGER_ZERO_OR_POSITIVE,AGGREGATE,,,,pregnancy,730,TRUE
data_element,ThU54LrzgKO,ESV-ICD11 JA61 - Venous complications in pregnancy,ESV-ICD11 - JA61,INTEGER_ZERO_OR_POSITIVE,AGGREGATE,,,,pregnancy,168,TRUE
data_element,JBq6A6H5yiu,ESV-ICD11 JA62 - Infections of genitourinary tract in pregnancy,ESV-ICD11 - JA62,INTEGER_ZERO_OR_POSITIVE,AGGREGATE,,,,pregnancy,3278,TRUE
data_element,kRtAz5BjnDR,ESV-ICD11 JA63.0 - Pre-existing type 1 diabetes mellitus in pregnancy,ESV-ICD11 - JA63.0,INTEGER_ZERO_OR_POSITIVE,AGGREGATE,,,,pregnancy,222,TRUE
data_element,OZ7iObczSfv,ESV-ICD11 JA63.1 - Pre-existing type 2 diabetes mellitus in pregnancy,ESV-ICD11 - JA63.1,INTEGER_ZERO_OR_POSITIVE,AGGREGATE,,,,pregnancy,243,TRUE
data_element,MMO5hO1SGEc,ESV-ICD11 JA63.2 - Diabetes mellitus arising in pregnancy,ESV-ICD11 - JA63.2,INTEGER_ZERO_OR_POSITIVE,AGGREGATE,,,,pregnancy,394,TRUE
data_element,auXHGN5ToAC,ESV-ICD11 JA63 - Diabetes mellitus in pregnancy,ESV-ICD11 - JA63,INTEGER_ZERO_OR_POSITIVE,AGGREGATE,,,,pregnancy,1912,TRUE
data_element,BX8jhiWcgHY,ESV-ICD11 JA64 - Malnutrition in pregnancy,ESV-ICD11 - JA64,INTEGER_ZERO_OR_POSITIVE,AGGREGATE,,,,pregnancy,2058,TRUE
data_element,I1miSrhVSqu,ESV-ICD11 JA65.1 - Pregnancy dermatoses,ESV-ICD11 - JA65.1,INTEGER_ZERO_OR_POSITIVE,AGGREGATE,,,,pregnancy,97,TRUE
data_element,tfDHzHVQdB4,ESV-ICD11 JA65.2 - Excessive weight gain in pregnancy,ESV-ICD11 - JA65.2,INTEGER_ZERO_OR_POSITIVE,AGGREGATE,,,,pregnancy,114,TRUE
data_element,CBJVSyU00mz,ESV-ICD11 JA65.3 - Low weight gain in pregnancy,ESV-ICD11 - JA65.3,INTEGER_ZERO_OR_POSITIVE,AGGREGATE,,,,pregnancy,167,TRUE
data_element,TdbFQvYml0X,"ESV-ICD11 JA65.7 - Subluxation of symphysis pubis in pregnancy, childbirth or the puerperium",ESV-ICD11 - JA65.7,INTEGER_ZERO_OR_POSITIVE,AGGREGATE,,,,pregnancy,184,TRUE
data_element,oeb8I5fZ6ye,ESV-ICD11 JA67.4 - Spinal or epidural anaesthesia-induced headache during pregnancy,ESV-ICD11 - JA67.4,INTEGER_ZERO_OR_POSITIVE,AGGREGATE,,,,pregnancy,268,TRUE
data_element,xIFSC73xd0L,ESV-ICD11 JA67.5 - Failed or difficult intubation during pregnancy,ESV-ICD11 - JA67.5,INTEGER_ZERO_OR_POSITIVE,AGGREGATE,,,,pregnancy,63,TRUE
data_element,O3I8Bi5C1LE,ESV-ICD11 JA67 - Complications of anaesthesia during pregnancy,ESV-ICD11 - JA67,INTEGER_ZERO_OR_POSITIVE,AGGREGATE,,,,pregnancy,23,TRUE
data_element,AhyTndrVp69,"ESV-ICD11 JA67.Z - Complications of anaesthesia during pregnancy, unspecified",ESV-ICD11 - JA67.Z,INTEGER_ZERO_OR_POSITIVE,AGGREGATE,,,,pregnancy,32,TRUE
data_element,G2h7hAurvnY,ESV-ICD11 JA80.0 - Twin pregnancy,ESV-ICD11 - JA80.0,INTEGER_ZERO_OR_POSITIVE,AGGREGATE,,,,pregnancy,3881,TRUE
data_element,BSMViwj5Mm0,ESV-ICD11 JA80.1 - Triplet pregnancy,ESV-ICD11 - JA80.1,INTEGER_ZERO_OR_POSITIVE,AGGREGATE,,,,pregnancy,449,TRUE
data_element,MNOaebbHgzf,ESV-ICD11 JA80.2 - Quadruplet pregnancy,ESV-ICD11 - JA80.2,INTEGER_ZERO_OR_POSITIVE,AGGREGATE,,,,pregnancy,42,TRUE
data_element,lZLbgtiG3Pa,ESV-ICD11 QA40 - Pregnancy examination or test,ESV-ICD11 - QA40,INTEGER_ZERO_OR_POSITIVE,AGGREGATE,,,,pregnancy,11713,TRUE
data_element,v212CdHovbc,ESV-ICD11 QA42 - Supervision of normal pregnancy,ESV-ICD11 - QA42,INTEGER_ZERO_OR_POSITIVE,AGGREGATE,,,,pregnancy,2081,TRUE
data_element,W7SFwvGoSAD,ESV-ICD11 XT0S - Pregnancy,ESV-ICD11 - XT0S,INTEGER_ZERO_OR_POSITIVE,AGGREGATE,,,,pregnancy,3524,TRUE
data_element,Srsr44CdSC5,"HBP-T # of HIV positive pregnant women who received ART to reduce the risk of mother-to child-transmission during pregnancy, labor & delivery (L&D) and postpartum",WBP-T # of HIV positives on ART,NUMBER,AGGREGATE,,,,pregnancy,0,FALSE
data_element,kVdAWLx1UaI,HIV_Currently on ART by pregnancy status,Currently on ART by pregnancy status,INTEGER_ZERO_OR_POSITIVE,AGGREGATE,,,,pregnancy,16360,TRUE
data_element,KIqdgOIIXmI,MAT_# of women Tested  Positive for Pregnancy,Tested Positive for Pregnancy,INTEGER_ZERO_OR_POSITIVE,AGGREGATE,,,,pregnancy,12488,TRUE
data_element,oNLXqTifGKY,MAT_Teenages Tested Positive for Pregnancy,Teenages Tested Positive for Pregnancy,INTEGER_ZERO_OR_POSITIVE,AGGREGATE,,,,pregnancy,24890,TRUE
data_element,v7nlDk4Yr0z,MTCT_HIV+ on ART Linked to ANC during Pregnancy,HIV+ on ART Linked to ANC during Pregnancy,INTEGER_ZERO_OR_POSITIVE,AGGREGATE,,,,pregnancy,12236,TRUE
data_element,pMTkfGFWr0n,MTCT_HIV Test Result during Pregnancy,HIV Test Result during Pregnancy,INTEGER_ZERO_OR_POSITIVE,AGGREGATE,,,,pregnancy,12644,TRUE
data_element,tD4ktdfz6Yz,O00-1187 Pregnancy (Ectopic pregnancy),O00-1187 Pregnancy (Ectopic pregnancy),INTEGER_ZERO_OR_POSITIVE,AGGREGATE,,,,pregnancy,4932,TRUE
data_element,EqHBWSa9yxf,O00-1188 Abdominal pregnancy,O00-1188 Abdominal pregnancy,INTEGER_ZERO_OR_POSITIVE,AGGREGATE,,,,pregnancy,2070,TRUE
data_element,cMHSqlfXbEI,O00-1189 Tubal pregnancy,O00-1189 Tubal pregnancy,INTEGER_ZERO_OR_POSITIVE,AGGREGATE,,,,pregnancy,325,TRUE
data_element,PYcOee7gzBZ,O00-1190 Ectopic Pregnancy (Other ectopic pregnancy),O00-1190 Ectopic Pregnancy (Other ectopic pregnanc,INTEGER_ZERO_OR_POSITIVE,AGGREGATE,,,,pregnancy,772,TRUE
data_element,Adz27IiCKga,O00-1191 Ectopic pregnancy unspecified,O00-1191 Ectopic pregnancy unspecified,INTEGER_ZERO_OR_POSITIVE,AGGREGATE,,,,pregnancy,1940,TRUE
data_element,cjrlyyoFABZ,O00-1211 Complications following abortion and ectopic and molar pregnancy,O00-1211 Complications following abortion and ecto,INTEGER_ZERO_OR_POSITIVE,AGGREGATE,,,,pregnancy,505,TRUE
data_element,Ee5Q3UT5RQo,O00-1212 Delayed or excessive haemorrhage following abortion and ectopic and molar pregnancy,O00-1212 Delayed or excessive haemorrhage followin,INTEGER_ZERO_OR_POSITIVE,AGGREGATE,,,,pregnancy,174,TRUE
data_element,ph4Vvd2ASih,O00-1213 Shock following abortion and ectopic and molar pregnancy,O00-1213 Shock following abortion and ectopic and,INTEGER_ZERO_OR_POSITIVE,AGGREGATE,,,,pregnancy,98,TRUE
data_element,WWHh1bIE8UN,O00-1214 Metabolic disorders following abortion and ectopic and molar pregnancy,O00-1214 Metabolic disorders following abortion an,INTEGER_ZERO_OR_POSITIVE,AGGREGATE,,,,pregnancy,96,TRUE
data_element,HX53HgeNPaN,O00-1215 Damage to pelvic organs and tissues following abortion and ectopic and molar pregnancy,O00-1215 Damage to pelvic organs and tissues follo,INTEGER_ZERO_OR_POSITIVE,AGGREGATE,,,,pregnancy,108,TRUE
data_element,HFXKYD9d9In,O00-1216 Complication following abortion and ectopic and molar pregnancy unspecified,O00-1216 Complication following abortion and ectop,INTEGER_ZERO_OR_POSITIVE,AGGREGATE,,,,pregnancy,359,TRUE
data_element,YBlOR5P2wXY,O10-1217 Hypertension (Pre-existing hypertension complicating pregnancy childbirth and the puerperium),O10-1217 Hypertension (Pre-existing hypertension c,INTEGER_ZERO_OR_POSITIVE,AGGREGATE,,,,pregnancy,561,TRUE
data_element,wC7ma4ULFA5,O10-1218 Hypertension (Unspecified pre-existing hypertension complicating pregnancy childbirth puerperium),O10-1218 Hypertension (Unspecified pre-existing hy,INTEGER_ZERO_OR_POSITIVE,AGGREGATE,,,,pregnancy,486,TRUE
data_element,il18oInXFKx,O10-1227 Eclampsia (Eclampsia in pregnancy),O10-1227 Eclampsia (Eclampsia in pregnancy),INTEGER_ZERO_OR_POSITIVE,AGGREGATE,,,,pregnancy,837,TRUE
data_element,r9Dng3zhIk2,O20-1231 Haemorrhage in early pregnancy,O20-1231 Haemorrhage in early pregnancy,INTEGER_ZERO_OR_POSITIVE,AGGREGATE,,,,pregnancy,253,TRUE
data_element,XBglnqPMGiy,O20-1233 Haemorrhage (Haemorrhage in early pregnancy unspecified),O20-1233 Haemorrhage (Haemorrhage in early pregnan,INTEGER_ZERO_OR_POSITIVE,AGGREGATE,,,,pregnancy,267,TRUE
data_element,vEVIJRWPnFT,O20-1234 Excessive vomiting in pregnancy,O20-1234 Excessive vomiting in pregnancy,INTEGER_ZERO_OR_POSITIVE,AGGREGATE,,,,pregnancy,948,TRUE
data_element,AikNOq44C7a,O20-1237 Late vomiting of pregnancy,O20-1237 Late vomiting of pregnancy,INTEGER_ZERO_OR_POSITIVE,AGGREGATE,,,,pregnancy,450,TRUE
data_element,vemQjSjK6hY,O20-1238 Vomiting (Vomiting of pregnancy unspecified),O20-1238 Vomiting (Vomiting of pregnancy unspecifi,INTEGER_ZERO_OR_POSITIVE,AGGREGATE,,,,pregnancy,3246,TRUE
data_element,NwEqyerhm0D,O20-1239 Varicose veins of lower extremity in pregnancy,O20-1239 Varicose veins of lower extremity in preg,INTEGER_ZERO_OR_POSITIVE,AGGREGATE,,,,pregnancy,310,TRUE
data_element,wGcEzX7USI5,O20-1240 Genital Varices (Genital varices in pregnancy),O20-1240 Genital Varices (Genital varices in pregn,INTEGER_ZERO_OR_POSITIVE,AGGREGATE,,,,pregnancy,67,TRUE
data_element,tKasy9zd8zl,O20-1241 Phlebitis In Pregnancy (Superficial thrombophlebitis in pregnancy),O20-1241 Phlebitis In Pregnancy (Superficial throm,INTEGER_ZERO_OR_POSITIVE,AGGREGATE,,,,pregnancy,82,TRUE
data_element,lNf2A92OYyy,O20-1242 Phlebothrombosis (Deep phlebothrombosis in pregnancy),O20-1242 Phlebothrombosis (Deep phlebothrombosis i,INTEGER_ZERO_OR_POSITIVE,AGGREGATE,,,,pregnancy,598,TRUE
data_element,s3PyYcVWjqz,O20-1243 Hemorrhoids (Haemorrhoids in pregnancy),O20-1243 Hemorrhoids (Haemorrhoids in pregnancy),INTEGER_ZERO_OR_POSITIVE,AGGREGATE,,,,pregnancy,5470,TRUE
data_element,Q2Eu6ZjdA9W,O20-1244 Infection (Infections of genitourinary tract in pregnancy),O20-1244 Infection (Infections of genitourinary tr,INTEGER_ZERO_OR_POSITIVE,AGGREGATE,,,,pregnancy,971,TRUE
data_element,qgY0HMjUdLG,O20-1245 Pyelonephritis (Infections of kidney in pregnancy),O20-1245 Pyelonephritis (Infections of kidney in p,INTEGER_ZERO_OR_POSITIVE,AGGREGATE,,,,pregnancy,1855,TRUE
data_element,rlHrL4d6AN3,O20-1246 Urinary Tract Infection (Unspecified infection of urinary tract in pregnancy),O20-1246 Urinary Tract Infection (Unspecified infe,INTEGER_ZERO_OR_POSITIVE,AGGREGATE,,,,pregnancy,6202,TRUE
data_element,FZtNeyoZSm7,O20-1247 Infection (Infections of the genital tract in pregnancy),O20-1247 Infection (Infections of the genital trac,INTEGER_ZERO_OR_POSITIVE,AGGREGATE,,,,pregnancy,245,TRUE
data_element,R3JYbKIM8mb,O20-1248 Genitourinary Tract Infection (Other and unspecified genitourinary tract infection in pregnancy),O20-1248 Genitourinary Tract Infection (Other and,INTEGER_ZERO_OR_POSITIVE,AGGREGATE,,,,pregnancy,826,TRUE
data_element,q1ruBjp1W86,O20-1249 Diabetes Mellitus (Diabetes mellitus in pregnancy),O20-1249 Diabetes Mellitus (Diabetes mellitus in p,INTEGER_ZERO_OR_POSITIVE,AGGREGATE,,,,pregnancy,756,TRUE
data_element,fK7qwvqpuI4,O20-1250 Diabetes mellitus in pregnancy Pre-existing diabetes mellitus insulin-dependent,O20-1250 Diabetes mellitus in pregnancy Pre-existi,INTEGER_ZERO_OR_POSITIVE,AGGREGATE,,,,pregnancy,49,TRUE
data_element,UuRAvF053zn,O20-1251 Diabetes mellitus in pregnancy Pre-existing diabetes mellitus non-insulin-dependent,O20-1251 Diabetes mellitus in pregnancy Pre-existi,INTEGER_ZERO_OR_POSITIVE,AGGREGATE,,,,pregnancy,103,TRUE
data_element,sNzdVoBXJ5D,O20-1252 Diabetes mellitus in pregnancy Pre-existing malnutrition-related diabetes mellitus,O20-1252 Diabetes mellitus in pregnancy Pre-existi,INTEGER_ZERO_OR_POSITIVE,AGGREGATE,,,,pregnancy,9,TRUE
data_element,EkNgBXGmizi,O20-1253 Diabetes mellitus in pregnancy Pre-existing diabetes mellitus unspecified,O20-1253 Diabetes mellitus in pregnancy Pre-existi,INTEGER_ZERO_OR_POSITIVE,AGGREGATE,,,,pregnancy,103,TRUE
data_element,hNt7mVKqH7f,O20-1254 Diabetes mellitus arising in pregnancy,O20-1254 Diabetes mellitus arising in pregnancy,INTEGER_ZERO_OR_POSITIVE,AGGREGATE,,,,pregnancy,194,TRUE
data_element,txgF0BhqQsA,O20-1255 Malnutrition (Malnutrition in pregnancy),O20-1255 Malnutrition (Malnutrition in pregnancy),INTEGER_ZERO_OR_POSITIVE,AGGREGATE,,,,pregnancy,546,TRUE
data_element,ztj8i66W4H3,O20-1257 Excessive weight gain in pregnancy,O20-1257 Excessive weight gain in pregnancy,INTEGER_ZERO_OR_POSITIVE,AGGREGATE,,,,pregnancy,8,TRUE
data_element,eLRv5LpyuKm,O20-1258 Weight gain (Low weight gain in pregnancy),O20-1258 Weight gain (Low weight gain in pregnancy,INTEGER_ZERO_OR_POSITIVE,AGGREGATE,,,,pregnancy,73,TRUE
data_element,wJLZfkyOx5c,O20-1259 Retained intrauterine contraceptive device in pregnancy,O20-1259 Retained intrauterine contraceptive devic,INTEGER_ZERO_OR_POSITIVE,AGGREGATE,,,,pregnancy,67,TRUE
data_element,exYKyX860Wq,O20-1260 Pregnancy-related condition unspecified,O20-1260 Pregnancy-related condition unspecified,INTEGER_ZERO_OR_POSITIVE,AGGREGATE,,,,pregnancy,1506,TRUE
data_element,V8KOqoXcMAh,O20-1269 Complications of anaesthesia during pregnancy,O20-1269 Complications of anaesthesia during pregn,INTEGER_ZERO_OR_POSITIVE,AGGREGATE,,,,pregnancy,15,TRUE
data_element,czh9apDQY0t,O20-1270 Failed or difficult intubation during pregnancy,O20-1270 Failed or difficult intubation during pre,INTEGER_ZERO_OR_POSITIVE,AGGREGATE,,,,pregnancy,72,TRUE
data_element,dnRWyKhC0eR,O20-1271 Complication of anaesthesia during pregnancy unspecified,O20-1271 Complication of anaesthesia during pregna,INTEGER_ZERO_OR_POSITIVE,AGGREGATE,,,,pregnancy,30,TRUE
data_element,G1Jh6qEesmr,O30-1273 Twin pregnancy,O30-1273 Twin pregnancy,INTEGER_ZERO_OR_POSITIVE,AGGREGATE,,,,pregnancy,2256,TRUE
data_element,H4HHlmYUxme,O30-1274 Triplet pregnancy,O30-1274 Triplet pregnancy,INTEGER_ZERO_OR_POSITIVE,AGGREGATE,,,,pregnancy,162,TRUE
data_element,nB43hx9YvT5,O30-1275 Pregnancy (Continuing pregnancy after intrauterine death of one fetus or more),O30-1275 Pregnancy (Continuing pregnancy after int,INTEGER_ZERO_OR_POSITIVE,AGGREGATE,,,,pregnancy,44,TRUE
data_element,m0j9dD48jVP,O30-1310 Prolonged pregnancy,O30-1310 Prolonged pregnancy,INTEGER_ZERO_OR_POSITIVE,AGGREGATE,,,,pregnancy,1450,TRUE
data_element,YWWHSHXkj6f,O94-1403 Pregnancy (Sequelae of complication of pregnancy childbirth and the puerperium),O94-1403 Pregnancy (Sequelae of complication of pr,INTEGER_ZERO_OR_POSITIVE,AGGREGATE,,,,pregnancy,347,TRUE
data_element,XfkilS4FUL1,O94-1408 Syphilis (Syphilis complicating pregnancy childbirth and the puerperium),O94-1408 Syphilis (Syphilis complicating pregnancy,INTEGER_ZERO_OR_POSITIVE,AGGREGATE,,,,pregnancy,158,TRUE
data_element,J4WbkE4amvM,O94-1409 Gonorrhea (Gonorrhoea complicating pregnancy childbirth and the puerperium),O94-1409 Gonorrhea (Gonorrhoea complicating pregna,INTEGER_ZERO_OR_POSITIVE,AGGREGATE,,,,pregnancy,222,TRUE
data_element,Uy3sUGYDocU,O94-1410 HIV (Human immunodeficiency [HIV] disease complicating pregnancy childbirth and the puerperium),O94-1410 HIV (Human immunodeficiency [HIV] disease,INTEGER_ZERO_OR_POSITIVE,AGGREGATE,,,,pregnancy,145,TRUE
data_element,Gviy3f6fuSR,O94-1412 Anaemia (Anaemia complicating pregnancy childbirth and the puerperium),O94-1412 Anaemia (Anaemia complicating pregnancy c,INTEGER_ZERO_OR_POSITIVE,AGGREGATE,,,,pregnancy,1704,TRUE
data_element,rm7AEz7cj4A,P05-1447 Pregnancy (Disorders related to long gestation and high birth weight),P05-1447 Pregnancy (Disorders related to long gest,INTEGER_ZERO_OR_POSITIVE,AGGREGATE,,,,pregnancy,103,TRUE
data_element,Z8tMDMow0Vn,P05-1448 pregnancy (Exceptionally large baby),P05-1448 pregnancy (Exceptionally large baby),INTEGER_ZERO_OR_POSITIVE,AGGREGATE,,,,pregnancy,131,TRUE
data_element,iOMUvBju61m,P90-1541 Acephaly (Termination of pregnancy affecting fetus and newborn),P90-1541 Acephaly (Termination of pregnancy affect,INTEGER_ZERO_OR_POSITIVE,AGGREGATE,,,,pregnancy,243,TRUE
data_element,jQKsYxqygP9,"WBP-B% of HIV-positive pregnant women who received ART to reduce the risk of mother-to child-transmission during pregnancy, labor & delivery (L&D) and PNC-not Aggregated",WBP-B%  PMTCT ART,NUMBER,AGGREGATE,,,,pregnancy,24,TRUE
data_element,t8bUjrKJMBG,"WBP-B% of HIV-positive pregnant women who received ART to reduce the risk of mother-to child-transmission during pregnancy, labor & delivery (L&D) and postpartum	-Aggregated","WBP-B% HIV + ART_ANC, delivery and PNC -Aggregated",NUMBER,AGGREGATE,,,,pregnancy,2712,TRUE
data_element,mZCqcHS5I0U,WBP-T% Teenage Pregnancy Rate - aggregated,WBP-T% Teenage Pregnancy Rate - aggregate,PERCENTAGE,AGGREGATE,,,,pregnancy,4452,TRUE
data_element,SShabl6HEhw,WBP-T% Teenage Pregnancy Rate - non aggregated,WBP-T% Teenage Pregnancy Rate - non aggregated,PERCENTAGE,AGGREGATE,,,,pregnancy,1020,TRUE
data_element,Q2dnF1NLaXx,Z30-1983 Pregnancy (Pregnancy examination and test),Z30-1983 Pregnancy (Pregnancy examination and test,INTEGER_ZERO_OR_POSITIVE,AGGREGATE,,,,pregnancy,7634,TRUE
data_element,yNNuPHpkgcj,Z30-1984 Pregnancy (Pregnancy not (yet) confirmed),Z30-1984 Pregnancy (Pregnancy not (yet) confirmed),INTEGER_ZERO_OR_POSITIVE,AGGREGATE,,,,pregnancy,2014,TRUE
data_element,CP4PUeHUlIS,Z30-1985 Pregnancy (Pregnancy confirmed),Z30-1985 Pregnancy (Pregnancy confirmed),INTEGER_ZERO_OR_POSITIVE,AGGREGATE,,,,pregnancy,5906,TRUE
data_element,DAl4jMmwL8T,Z30-1986 Pregnancy (Pregnant state incidental),Z30-1986 Pregnancy (Pregnant state incidental),INTEGER_ZERO_OR_POSITIVE,AGGREGATE,,,,pregnancy,432,TRUE
data_element,XDCHRZctCbE,Z30-1987 Antenatal Care (Supervision of normal pregnancy),Z30-1987 Antenatal Care (Supervision of normal pre,INTEGER_ZERO_OR_POSITIVE,AGGREGATE,,,,pregnancy,828,TRUE
data_element,lGme383bPPi,Z30-1988 Antenatal Care (Supervision of normal pregnancy unspecified),Z30-1988 Antenatal Care (Supervision of normal pre,INTEGER_ZERO_OR_POSITIVE,AGGREGATE,,,,pregnancy,449,TRUE
data_element,mzX0cipJBfa,Z30-1989 Antenatal Care (Supervision of high-risk pregnancy),Z30-1989 Antenatal Care (Supervision of high-risk,INTEGER_ZERO_OR_POSITIVE,AGGREGATE,,,,pregnancy,430,TRUE
data_element,mnGdWPJLaf8,Z30-1990 ANC (Supervision of pregnancy with history of abortive outcome),Z30-1990 ANC (Supervision of pregnancy with histor,INTEGER_ZERO_OR_POSITIVE,AGGREGATE,,,,pregnancy,6,TRUE
data_element,AxkfDHsp3Fj,Z30-1991 ANC (Supervision of pregnancy with other poor reproductive or obstetric history),Z30-1991 ANC (Supervision of pregnancy with other,INTEGER_ZERO_OR_POSITIVE,AGGREGATE,,,,pregnancy,119,TRUE
data_element,E6n13aUjE9R,Z30-1992 ANC (Supervision of pregnancy with history of insufficient antenatal care),Z30-1992 ANC (Supervision of pregnancy with histor,INTEGER_ZERO_OR_POSITIVE,AGGREGATE,,,,pregnancy,26,TRUE
data_element,T5gna2TEX32,Z30-1993 ANC (Supervision of pregnancy with grand multiparity),Z30-1993 ANC (Supervision of pregnancy with grand,INTEGER_ZERO_OR_POSITIVE,AGGREGATE,,,,pregnancy,24,TRUE
data_element,v8BaFA9jF6z,Z55-2045 Socioeconomic psychosocial (Problems related to unwanted pregnancy),Z55-2045 Socioeconomic psychosocial (Problems rela,INTEGER_ZERO_OR_POSITIVE,AGGREGATE,,,,pregnancy,636,TRUE
indicator,ewPIWhjVavr,MAT_Teenage Pregnancy Rate    ,Teenage Pregnancy Rate    ,Percent,,,,,pregnancy,0,derived_indicator_not_queryable
indicator,arBoqCrox1e,"MTCT_Number of HIV-positive pregnant Mother who received ART to reduce the risk of Mother-to child-transmission (MTCT) during pregnancy, L&D and PNC","MTCT-during pregnancy, L&D and PNC",Number (Factor 1),,,,,pregnancy,0,derived_indicator_not_queryable
indicator,C5a4mR3Vt7t,WBP-B# Teenage Pregnancy Rate    ,WBP-B# Teenage Pregnancy Rate    ,Number (Factor 1),,,,,pregnancy,0,derived_indicator_not_queryable
indicator,gr0K1MZ4JWo,WBP-B% Teenage Pregnancy Rate    ,WBP-B% Teenage Pregnancy Rate    ,Number (Factor 1),,,,,pregnancy,0,derived_indicator_not_queryable
indicator,ZdwFfkjgYto,WBP-El Teenage Pregnancy Rate,WBP-El Proportion of teenage pregnant group,Number (Factor 1),,,,,pregnancy,0,derived_indicator_not_queryable
indicator,lEOslpoCnwx,"WBP-T # of HIV positive pregnant women who received ART to reduce the risk of mother-to child-transmission during pregnancy, labor & delivery (L&D) and postpartum",WBP-T # of HIV positives on ART,Number (Factor 1),,,,,pregnancy,0,derived_indicator_not_queryable
indicator,pqZt8nekfsQ,WBP-T# Teenage Pregnancy Rate    ,WBP-T# Teenage Pregnancy Rate    ,Number (Factor 1),,,,,pregnancy,0,derived_indicator_not_queryable
data_element,Oy4yu3xjrdF,_2017_Total number of pregnant women treated for Hepatitis (B&C),Pregnant  women treated for hepatitis,INTEGER_ZERO_OR_POSITIVE,AGGREGATE,,,,pregnant,3901,TRUE
data_element,REzpaYJ1w8Z,Denom - Estimated number of HIV positive pregnant women,Estimated  HIV positive pregnant women,NUMBER,AGGREGATE,,,,pregnant,0,FALSE
data_element,x9PV9s5V9BD,Denom - Estimated number of Non-pregnant women aged 15-49 year,Total number of estimated Non-pregnant ,NUMBER,AGGREGATE,,,,pregnant,0,FALSE
data_element,qAwgHcMYpFH,Denom - Estimated number of pregnant women,Estimated pregnant women,NUMBER,AGGREGATE,,,,pregnant,0,FALSE
data_element,LCrnvJv6qtz,EHCRIG0306 - The Health center should establish pregnant mothers waiting room with necessary materials and facilities.,EHCRIG Chapter 3 Standard 6,BOOLEAN,AGGREGATE,,,,pregnant,0,FALSE
data_element,YJECLopvCny,FNS_Number of currently pregnant women & caregivers of children 0-23m who attended in atleast one Community conversation session during the reporting period.,#ofPLW&CaregiverattendCommunityConversationSession,INTEGER_ZERO_OR_POSITIVE,AGGREGATE,,,,pregnant,2152,TRUE
data_element,MczqAdfjJKR,FNS_Number of currently pregnant women & caregivers of children 0-23m who were exposed to religious leaders (priest or imam) discussion of MIYCN during this reporting period,#ofPLW&CaregiverexposedtoMIYCNdiscussion,INTEGER_ZERO_OR_POSITIVE,AGGREGATE,,,,pregnant,1993,TRUE
data_element,nYcQoY7Kvda,FNS_Number of pregnant women counselled for nutrition during ANC visits,PLW counselled for nutrition,INTEGER_ZERO_OR_POSITIVE,AGGREGATE,,,,pregnant,2075,TRUE
data_element,h4uKZ0nqM1d,FNS_Total estimated number of pregnant women during reporting period,Total No of pregnant women,INTEGER_ZERO_OR_POSITIVE,AGGREGATE,,,,pregnant,0,FALSE
data_element,D0WqD9pg4MG,FNS_Total number of currently pregnant women & caregivers of children 0-23m in the Kebele,FNS_#prgnt women_caregivers 0-23m in the Kebele,NUMBER,AGGREGATE,,,,pregnant,0,FALSE
data_element,fTkmtWeUdSl,HBP-El Estimated number of pregnant women,WBP-El Estimated number of pregnant women ,NUMBER,AGGREGATE,,,,pregnant,0,FALSE
data_element,onM6C3zf5Qd,HBP-EL Number of HIV Positive Pregnant Women- Not Aggregated,HBP-EL Number of HIV+ Pregnant - Not Aggregated,NUMBER,AGGREGATE,,,,pregnant,0,FALSE
data_element,StxafcWdDxj,"HBP-T # of pregnant, laboring and lactating women who were tested for HIV and who know their results","WBP-T # Preg, Lac Tested for HIV",NUMBER,AGGREGATE,,,,pregnant,0,FALSE
data_element,d4jfwTUdVl2,"HBP-T% of pregnant, labouring and lactating women who were tested for HIV and who know their results (PMTCT test)-non aggregate",HBP-B% PMTCT tested for HIV and know result-non ag,NUMBER,AGGREGATE,,,,pregnant,252,TRUE
data_element,fnNpXcJUGaP,HBP-T% of Pregnants Tested for Syphilis- not aggregated,HBP-T% Pregnants Tested for Syphilis- not aggr,NUMBER,AGGREGATE,,,,pregnant,264,TRUE
data_element,uScVjePxccw,HBP-T # Pregnants Tested for Syphilis,WBP-T # Pregnants Tested for Syphilis,NUMBER,AGGREGATE,,,,pregnant,0,FALSE
data_element,PKxXN9AKtcs,HIV_Non-pregnant women living with HIV on ART aged 15-49 reported the use of any method of modern family planning by method,Non-pregnant 15-49 on ART using FP by method,INTEGER_ZERO_OR_POSITIVE,AGGREGATE,,,,pregnant,35954,TRUE
data_element,yzsA1swEYrc,HIV_Non-pregnant women living with HIV on ART aged 15-49 reporting the use of any method of modern family planning by age,Non-pregnant 15-49 on ART using FP by Age,INTEGER_ZERO_OR_POSITIVE,AGGREGATE,,,,pregnant,40321,TRUE
data_element,if4lacYdfaR,MAT_Pregnant Women Received HBV Prophylaxis,Pregnant Women Received HBV Prophylaxis,INTEGER_ZERO_OR_POSITIVE,AGGREGATE,,,,pregnant,8807,TRUE
data_element,bb2rPC8OnHe,MAT_Pregnant Women Tested for Hepitis B,Pregnant Women Tested for Hepitis B,INTEGER_ZERO_OR_POSITIVE,AGGREGATE,,,,pregnant,25165,TRUE
data_element,kbVb7uFcWuH,MAT_Pregnant Women Tested for Syphilis,Pregnant Women Tested for Syphilis,INTEGER_ZERO_OR_POSITIVE,AGGREGATE,,,,pregnant,25184,TRUE
data_element,Q831ZIXPYSX,MAT_Pregnant Women Treated for Syphilis,Pregnant Women Treated for Syphilis,INTEGER_ZERO_OR_POSITIVE,AGGREGATE,,,,pregnant,12447,TRUE
data_element,CA8EZIKDTry,MTCT_HIV+ Pregnant on ART during L&D -1st Time,HIV+ Pregnant on ART during L&D -1st Time,INTEGER_ZERO_OR_POSITIVE,AGGREGATE,,,,pregnant,12104,TRUE
data_element,cmav5iXqALq,Number of pregnant women who received ANC first visit by gestational week,ANC 1st visit by gestational week,INTEGER_ZERO_OR_POSITIVE,AGGREGATE,,,,pregnant,8133,TRUE
data_element,XfbcACv3sB8,NUT_Pregnant Women De-Wormed,Pregnant Women De-Wormed,INTEGER_ZERO_OR_POSITIVE,AGGREGATE,,,,pregnant,12401,TRUE
data_element,y7drS5G9QGT,NUT_Pregnant Women Received IFA - 90+,Pregnant Women Received IFA - 90+,INTEGER_ZERO_OR_POSITIVE,AGGREGATE,,,,pregnant,37427,TRUE
data_element,tvJEMrsYB1V,WBP-CF Estimated HIV positive pregnant women,WBP-CF Estimated HIV positive pregnant women,NUMBER,AGGREGATE,,,,pregnant,12288,TRUE
data_element,pcQgjyLmMgj,WBP-CF non-pregnant women in fertile age,WBP-CF non-pregnant women in fertile age,NUMBER,AGGREGATE,,,,pregnant,16842,TRUE
data_element,T0iR5HNtJHY,WBP-EL Number of HIV Positive Pregnant Women- Aggregated,WBP-EL Number of HIV + pregnant -Aggregated,NUMBER,AGGREGATE,,,,pregnant,0,FALSE
data_element,DLQrbM1GjJP,WBP-EL Number of HIV Positive Pregnant Women- Not Aggregated,WBP-EL Number of HIV+ Pregnant - Not Aggregated,NUMBER,AGGREGATE,,,,pregnant,0,FALSE
data_element,kuEoTiYijnw,WBP-El Number of pregnant women who were tested for HBV and who know their results-aggregated,pregnant women tested HBV and who know results-agg,NUMBER,AGGREGATE,,,,pregnant,0,FALSE
data_element,AZ4HqwmnfAL,WBP-El Number of pregnant women who were tested for HBV and who know their results-not aggregated,pregnant women tested HBV and know results-!agg,NUMBER,AGGREGATE,,,,pregnant,0,FALSE
data_element,jML45bIrNTP,WBP-El Total number of non-pregnant women living with HIV on ART aged 15-49-Aggregated,WBP-El number of non-pregnant women living w-agg,NUMBER,AGGREGATE,,,,pregnant,1812,TRUE
data_element,S4XcALkh3cO,WBP-El Total number of non-pregnant women living with HIV on ART aged 15-49- non-Aggregated,WBP-El non-pregnant women living non-aggregate,NUMBER,AGGREGATE,,,,pregnant,48,TRUE
data_element,e1LLqjYqlwm,WBP-El Total number of pregnant women who attended first ANC contact-Aggregated,WBP-El number of pregnant women who attended-agg,NUMBER,AGGREGATE,,,,pregnant,0,FALSE
data_element,cyYFR3RfMPN,WBP-El Total number of pregnant women who attended first ANC contact-Not aggregated,WBP-El number of pregnant women who attended-!agg,NUMBER,AGGREGATE,,,,pregnant,0,FALSE
data_element,NSvNjHTY7K4,WBP-T% Number of pregnant women who were tested for HBV and who know their results,WBP-T% PW who were tested for HBV  know  results,NUMBER,AGGREGATE,,,,pregnant,2136,TRUE
data_element,TrKs7Byq3cJ,WBP-T# Number of pregnant women who were tested for HBV and who know their results-aggregate ,pregnant women tested HBV and who know result -ag,INTEGER_ZERO_OR_POSITIVE,AGGREGATE,,,,pregnant,0,FALSE
data_element,r7uXrv7PBde,WBP-T# Number of pregnant women who were tested for HBV and who know their results- non aggregate,pregnant women tested HBV who know  result-non ag,INTEGER_ZERO_OR_POSITIVE,AGGREGATE,,,,pregnant,0,FALSE
data_element,MOgFaBDNe3o,WBP-T% Number of pregnant women who were tested for HBV and who know their results- non aggregate ,WBP-T% tested 4HBV know esults - non aggregate. ,NUMBER,AGGREGATE,,,,pregnant,0,FALSE
data_element,zcZzVtmFAzI, WBP-T% of non-pregnant women living with HIV on ART using a modern family planning method-aggregate , WBP-T%  on ART using a family planning method-agg,PERCENTAGE,AGGREGATE,,,,pregnant,4032,TRUE
data_element,FObPnVfgkpD,"WBP-T% of pregnant, labouring and lactating women who were tested for HIV and who know their results (PMTCT test)-aggregate",PMTCT tested for HIV and know result-aggre,PERCENTAGE,AGGREGATE,,,,pregnant,4416,TRUE
data_element,YYsHmvMon8x,"WBP-T% of pregnant, labouring and lactating women who were tested for HIV and who know their results (PMTCT test)-non aggregate",WBP-B% PMTCT tested for HIV and know result-non ag,PERCENTAGE,AGGREGATE,,,,pregnant,276,TRUE
data_element,XvKsHgvcgUc,WBP-T% of Pregnants Tested for Syphilis- non aggregate,WBP-T% Pregnants Tested for Syphilis- not aggr,PERCENTAGE,AGGREGATE,,,,pregnant,300,TRUE
data_element,Utc55nuATAY,WBP-T% of Pregnant Tested for Syphilis-aggregate ,WBP-T% of Pregnant Tested for Syphilis-aggregate ,PERCENTAGE,AGGREGATE,,,,pregnant,4416,TRUE
data_element,mS9W9TrdUxa, WBP-T% Percentage of non-pregnant women living with HIV on ART using a modern family planning method- non aggregate , WBP-T% on ART using a family planning method,PERCENTAGE,AGGREGATE,,,,pregnant,240,TRUE
data_element,wBzODnNOE1C,WBP-T% Pregnant Women de-wormed-aggregated,WBP-T% Pregnant Women de-wormed-aggregated,PERCENTAGE,AGGREGATE,,,,pregnant,0,FALSE
data_element,wzPA6EIIBzO,WBP-T% Pregnant Women de-wormed-non aggregated,WBP-T% Pregnant Women de-wormed-non aggregated,PERCENTAGE,AGGREGATE,,,,pregnant,48,TRUE
data_element,qPyWQ8N3d5F,WBP-T% Pregnant Women Received IFA - 90+-aggregate,WBP-T% Pregnant Women Received IFA - 90+-aggregate,PERCENTAGE,AGGREGATE,,,,pregnant,4356,TRUE
data_element,zxchddFVhNs,WBP-T% Pregnant Women Received IFA - 90+-non aggregate,WBP-T% Pregnant Women Received IFA - 90+-non aggr,PERCENTAGE,AGGREGATE,,,,pregnant,288,TRUE
indicator,JfnjGmWNH0J,FNS_Proportion of currently pregnant women & caregivers of children 0-23m who attended a community conversation (CC) session during the reporting period.,FNS_%pregnant women & caregivers ptcptd on CC,Percent,,,,,pregnant,0,derived_indicator_not_queryable
indicator,w2CejtzkzEL,FNS_Proportion of currently pregnant women & caregivers of children 0-23m who were exposed to  religious leaders (priest or imam) discussion of on MIYCN during this reporting period,%ofPLW&CaregiversExposedtoReligiousleaders,Percent,,,,,pregnant,0,derived_indicator_not_queryable
indicator,tGdccVRHUy4,FNS_Proportion of of currently pregnant women & caregivers of children 0-23m who attended a Community conversation session during the reporting period.,%ofPLW&CaregivrsattendCommunityConversation,Percent,,,,,pregnant,0,derived_indicator_not_queryable
indicator,J2kzYXVjRLZ,FNS_Proportion of pregnant women counselled for nutrition during ANC,%ofPW counselled for nutrition during ANC,Percent,,,,,pregnant,0,derived_indicator_not_queryable
indicator,wAJYjf966zA,HBP-EL Number of HIV Positive Pregnant Women- Not Aggregated,HBP-EL Number of HIV+ Pregnant - Not Aggregated,Percent,,,,,pregnant,0,derived_indicator_not_queryable
indicator,m5igDJyJeuv,"HBP-T% of pregnant, labouring and lactating women who were tested for HIV and who know their results (PMTCT test)-non aggregate",HBP-B% PMTCT tested for HIV and know result-non ag,Percent,,,,,pregnant,0,derived_indicator_not_queryable
indicator,SOxFlnNXBm6,HBP-T% of Pregnants Tested for Syphilis- non aggregate,HBP-T% Pregnants Tested for Syphilis- NA,Percent,,,,,pregnant,0,derived_indicator_not_queryable
indicator,KSKrI5aH596,HIV_Percentage of non-pregnant women in the reproductive age living with HIV on ART using a modern family planning method,% of non-pregnant women on ART using modern FP,Percent,,,,,pregnant,0,derived_indicator_not_queryable
indicator,Xntj4FLb5OP,MAT_% of Pregnants Tested for Syphilis,% of Pregnants Tested for Syphilis,Percent,,,,,pregnant,0,derived_indicator_not_queryable
indicator,hYeXdLc701l,"MTCT_ %of pregnant, labouring and lactating women who were tested for HIV and who know their results (PMTCT test)",PMTCT tested for HIV and know results,Percent,,,,,pregnant,0,derived_indicator_not_queryable
indicator,H3VqPJ3i03j,MTCT_Pregnant and lactating Women who were Tested for HIV and know their results	,Pregnant and lactating recieved Test result,Number (Factor 1),,,,,pregnant,0,derived_indicator_not_queryable
indicator,hOijhh8OCKL,NUT_ % of Pregnant and lactating women (PLW)  screened for malnutrition,% of PLW screened for acute malnutrition,Percent,,,,,pregnant,0,derived_indicator_not_queryable
indicator,TIGUsMIvnm2,NUT_ % of Pregnants received IFA 90+,% of Pregnants received IFA 90+,Percent,,,,,pregnant,0,derived_indicator_not_queryable
indicator,Z0gqEOQ3t1V,WBP-B# Number of pregnant women who were tested for HBV and who know their results,WBP-B#  Pregnant women tested for HBV,Number (Factor 1),,,,,pregnant,0,derived_indicator_not_queryable
indicator,zbzibFpdvCY,WBP-B% Number of pregnant women who were tested for HBV and who know their results,WBP-B%  Pregnant women tested for HBV,Percent,,,,,pregnant,0,derived_indicator_not_queryable
indicator,yEJmeGDsape,WBP-B# Number of pregnant women who were tested for HBV and who know their results non-aggre,WBP-B#  Pregnant women tested for HBV non-aggre,Number (Factor 1),,,,,pregnant,0,derived_indicator_not_queryable
indicator,BhJNeZbudzO,WBP-B% Number of pregnant women who were tested for HBV and who know their results non-aggre,WBP-B%  Pregnant women tested for HBV non-aggre,Percent,,,,,pregnant,0,derived_indicator_not_queryable
indicator,v6801IxAoEk,WBP-B# % of Pregnant and lactating women (PLW)  screened for malnutrition,WBP-B# % of PLW screened for acute malnutrition,Number (Factor 1),,,,,pregnant,0,derived_indicator_not_queryable
indicator,z86CRIX2g8Q,WBP-B% of Pregnant and lactating women (PLW)  screened for malnutrition,WBP-B% of PLW screened for acute malnutrition,Number (Factor 1),,,,,pregnant,0,derived_indicator_not_queryable
indicator,JS8cN2B5Hta,"WBP-B#  of pregnant, labouring and lactating women who were tested for HIV and who know their results (PMTCT test)",WBP-B#  PMTCT tested for HIV and know results,Number (Factor 1),,,,,pregnant,0,derived_indicator_not_queryable
indicator,JG1S7K2XBIt,"WBP-B% of pregnant, labouring and lactating women who were tested for HIV and who know their results (PMTCT test)",WBP-B% PMTCT tested for HIV and know results,Number (Factor 1),,,,,pregnant,0,derived_indicator_not_queryable
indicator,BYKtVU5hXkk,WBP-B# % of Pregnants received IFA 90+,WBP-B# % of Pregnants received IFA 90+,Number (Factor 1),,,,,pregnant,0,derived_indicator_not_queryable
indicator,PgbDIUQgMpJ,WBP-B% of Pregnants received IFA 90+,WBP-B% of Pregnants received IFA 90+,Number (Factor 1),,,,,pregnant,0,derived_indicator_not_queryable
indicator,raJFSj7Ci1S,WBP-B% of Pregnants Tested for Syphilis,WBP-B%  of Pregnants Tested for Syphilis,Number (Factor 1),,,,,pregnant,0,derived_indicator_not_queryable
indicator,mMLIuPwQ2sr,WBP-B# Percentage of non-pregnant women in the reproductive age living with HIV on ART using a modern family planning method,WBP-B# % of non-preg women on ART using modern FP,Number (Factor 1),,,,,pregnant,0,derived_indicator_not_queryable
indicator,aayEqGzxRdx,WBP-B% Percentage of non-pregnant women in the reproductive age living with HIV on ART using a modern family planning method,WBP-B% of non-preg women on ART using modern FP,Number (Factor 1),,,,,pregnant,0,derived_indicator_not_queryable
indicator,p4ZbJQHoes0,WBP-B# Pregnants Tested for Syphilis,WBP-B# Pregnants Tested for Syphilis,Number (Factor 1),,,,,pregnant,0,derived_indicator_not_queryable
indicator,GaBS8bRwzco,WBP-B# Proportion of Pregnant received deworming, WBP-B#  Proportion of Pregnant received deworming,Number (Factor 1),,,,,pregnant,0,derived_indicator_not_queryable
indicator,AFkDB7alPJq,WBP-B% Proportion of Pregnant received deworming,WBP-B%  Proportion of Pregnant received deworming,Number (Factor 1),,,,,pregnant,0,derived_indicator_not_queryable
indicator,bR5asvPHotg,WBP-El Estimated HIV positive pregnant women,WBP-El Estimated HIV positive pregnant women,Number (Factor 1),,,,,pregnant,0,derived_indicator_not_queryable
indicator,bYRFbGNM7u8,WBP-El Estimated number of pregnant women,WBP-El Estimated number of pregnant women ,Number (Factor 1),,,,,pregnant,0,derived_indicator_not_queryable
indicator,pPgYYvRQoqS,WBP-El Non-pregnant women in fertile age,WBP-El Non-pregnant women in fertile age,Number (Factor 1),,,,,pregnant,0,derived_indicator_not_queryable
indicator,lgAVJtyROXj,WBP-El Number of pregnant women who were tested for HBV and who know their results,PW who were tested for HBV  know their results,Number (Factor 1),,,,,pregnant,0,derived_indicator_not_queryable
indicator,ek4GMZq2hMC,WBP-El Total HIV positive pregnant women,WBP-El Total HIV positive pregnant women,Number (Factor 1),,,,,pregnant,0,derived_indicator_not_queryable
indicator,MaxGFw0DloE,WBP-El Total number of non-pregnant women living with HIV on ART aged 15-49,WBP-El Total number of non-pregnant women living w,Number (Factor 1),,,,,pregnant,0,derived_indicator_not_queryable
indicator,GDXfRt3DQv8,WBP-El Total number of pregnant women who attended first ANC contact,WBP-El Total number of pregnant women who attended,Number (Factor 1),,,,,pregnant,0,derived_indicator_not_queryable
indicator,e1tX9KRj3Ff,WBP-T# Number of pregnant women who were tested for HBV and who know their results   ,WBP-T# PW HBV know result,Number (Factor 1),,,,,pregnant,0,derived_indicator_not_queryable
indicator,ST8TD29HYBa,WBP-T # of non-pregnant women living with HIV on ART using a modern family planning method,WBP-T # of non-pregnant HIV +  on FP,Number (Factor 1),,,,,pregnant,0,derived_indicator_not_queryable
indicator,pjcde46WvQd,WBP-T# of Pregnant and lactating women (PLW)  screened for malnutrition,WBP-T# of PLW screened for acute malnutrition,Number (Factor 1),,,,,pregnant,0,derived_indicator_not_queryable
indicator,pabya8BWGE7,"WBP-T # of pregnant, laboring and lactating women who were tested for HIV and who know their results","WBP-T # Preg, Lac Tested for HIV",Number (Factor 1),,,,,pregnant,0,derived_indicator_not_queryable
indicator,BWoJxfbbdhv,WBP-T# of Pregnants received IFA 90+,WBP-T# of Pregnants received IFA 90+,Number (Factor 1),,,,,pregnant,0,derived_indicator_not_queryable
indicator,i9Dj9e6GHdo,WBP-T # Pregnants Tested for Syphilis,WBP-T # Pregnants Tested for Syphilis,Number (Factor 1),,,,,pregnant,0,derived_indicator_not_queryable
indicator,JFfa5m3QVUM,WBP-T# Proportion of Pregnant received deworming,WBP-T#  Proportion of Pregnant received deworming,Number (Factor 1),,,,,pregnant,0,derived_indicator_not_queryable
indicator,sm6HehRmIru,WT_HC_MAT_% of Pregnants Tested for Syphilis(1),WT_HC_MAT_% of Pregnants Tested for Syphilis(1),Number (Factor 1),,,,,pregnant,0,derived_indicator_not_queryable
indicator,R5hdX5dVtrq,WT_HC_NUT_ % of Pregnants received IFA 90+(1),WT_HC_NUT_ % of Pregnants received IFA 90+(1),Number (Factor 1),,,,,pregnant,0,derived_indicator_not_queryable
data_element,W8jiEREfx2S,ESV-ICD11 QA45 - Antenatal screening,ESV-ICD11 - QA45,INTEGER_ZERO_OR_POSITIVE,AGGREGATE,,,,antenatal,1039,TRUE
data_element,ai20yLnWn20,ESV-ICD11 QA45.Y - Other specified antenatal screening,ESV-ICD11 - QA45.Y,INTEGER_ZERO_OR_POSITIVE,AGGREGATE,,,,antenatal,315,TRUE
data_element,zGhaPBmBF5J,O20-1261 Abnormal findings on antenatal screening of mother,O20-1261 Abnormal findings on antenatal screening,INTEGER_ZERO_OR_POSITIVE,AGGREGATE,,,,antenatal,113,TRUE
data_element,XJJfk46K8EE,O20-1262 Abnormal biochemical finding on antenatal screening of mother,O20-1262 Abnormal biochemical finding on antenatal,INTEGER_ZERO_OR_POSITIVE,AGGREGATE,,,,antenatal,42,TRUE
data_element,pQl74J9IGOu,O20-1263 Abnormal cytological finding on antenatal screening of mother,O20-1263 Abnormal cytological finding on antenatal,INTEGER_ZERO_OR_POSITIVE,AGGREGATE,,,,antenatal,19,TRUE
data_element,X5r4gjJC924,O20-1264 Abnormal ultrasonic finding on antenatal screening of mother,O20-1264 Abnormal ultrasonic finding on antenatal,INTEGER_ZERO_OR_POSITIVE,AGGREGATE,,,,antenatal,118,TRUE
data_element,jVtnCYPDOV9,O20-1265 Abnormal radiological finding on antenatal screening of mother,O20-1265 Abnormal radiological finding on antenata,INTEGER_ZERO_OR_POSITIVE,AGGREGATE,,,,antenatal,22,TRUE
data_element,OxMJIjTQGbY,O20-1266 Abnormal chromosomal and genetic finding on antenatal screening of mother,O20-1266 Abnormal chromosomal and genetic finding,INTEGER_ZERO_OR_POSITIVE,AGGREGATE,,,,antenatal,22,TRUE
data_element,L9SL0p4ZWVC,O20-1267 ANC (Other abnormal findings on antenatal screening of mother),O20-1267 ANC (Other abnormal findings on antenatal,INTEGER_ZERO_OR_POSITIVE,AGGREGATE,,,,antenatal,202,TRUE
data_element,erxlcxBNgEl,O20-1268 Abnormal finding on antenatal screening of mother unspecified,O20-1268 Abnormal finding on antenatal screening o,INTEGER_ZERO_OR_POSITIVE,AGGREGATE,,,,antenatal,99,TRUE
data_element,gujb4v5vkIL,RMNCH - Antenatal care services provided,Antenatal care services provided,BOOLEAN,AGGREGATE,,,,antenatal,4965,TRUE
data_element,Jmz4P4VX3J7,Z30-1995 Antenatal Care (Antenatal screening),Z30-1995 Antenatal Care (Antenatal screening),INTEGER_ZERO_OR_POSITIVE,AGGREGATE,,,,antenatal,298,TRUE
data_element,cuHh2AziiSA,Z30-1996 ANC (Antenatal screening for malformations using ultrasound and other physical methods),Z30-1996 ANC (Antenatal screening for malformation,INTEGER_ZERO_OR_POSITIVE,AGGREGATE,,,,antenatal,157,TRUE
data_element,f3aWK6vrsZZ,Z30-1997 ANC (Antenatal screening for isoimmunization),Z30-1997 ANC (Antenatal screening for isoimmunizat,INTEGER_ZERO_OR_POSITIVE,AGGREGATE,,,,antenatal,42,TRUE
data_element,NmVYVPMjkBg,-2017_Number of women aged 30 - 49 screened with VIA for cervical cancer,Women aged 30 - 49 screened once with VIA,INTEGER_ZERO_OR_POSITIVE,AGGREGATE,,,,ANC,11613,TRUE
data_element,rirepkMdK4x,"2017_Total amount of fees waived, exempted fee and health insurance requested (public facilities only, in birr)","Fees waive requested (public facilities, in birr)",NUMBER,AGGREGATE,,,,ANC,0,FALSE
data_element,aGeij93fapx,"2017_Total amount of waived fees, exempted fee, fee for health insurance and 3rd party reimbursed (public facilities only, in birr)",Amount of waived fees reimbursed (public facility),NUMBER,AGGREGATE,,,,ANC,0,FALSE
data_element,qrR5ORwopaG,A50-93 Chancroid (Chlamydial lymphogranuloma (venereum)),A50-93 Chancroid (Chlamydial lymphogranuloma (vene,INTEGER_ZERO_OR_POSITIVE,AGGREGATE,,,,ANC,1628,TRUE
data_element,O6GeRy0pxvO,A50-96 Chlamydial lymphogranuloma (venereum) (Chancroid),A50-96 Chlamydial lymphogranuloma (venereum) (Chan,INTEGER_ZERO_OR_POSITIVE,AGGREGATE,,,,ANC,788,TRUE
data_element,S70W5MdX0sL,A65-108 Cancrum Oris (Necrotizing ulcerative stomatitis),A65-108 Cancrum Oris (Necrotizing ulcerative stoma,INTEGER_ZERO_OR_POSITIVE,AGGREGATE,,,,ANC,1122,TRUE
data_element,O7NhykrxnsH,B65-224 Elephantiasis (Filariasis due to Wuchereria bancrofti),B65-224 Elephantiasis (Filariasis due to Wuchereri,INTEGER_ZERO_OR_POSITIVE,AGGREGATE,,,,ANC,4129,TRUE
data_element,ZQNWh3Kfb3S,D60-323 Pancytopenia (Other specified aplastic anaemias),D60-323 Pancytopenia (Other specified aplastic ana,INTEGER_ZERO_OR_POSITIVE,AGGREGATE,,,,ANC,3622,TRUE
data_element,eepaFJUuCA6,E50-425 Deficiency (Imbalance of constituents of food intake),E50-425 Deficiency (Imbalance of constituents of f,INTEGER_ZERO_OR_POSITIVE,AGGREGATE,,,,ANC,1308,TRUE
data_element,hKxqVWdQs9i,EHCRIG0106 - The health centre submits monthly performance report to sub city /woreda health office.,EHCRIG Chapter 1 Standard 6,BOOLEAN,AGGREGATE,,,,ANC,0,FALSE
data_element,jBj8PCI5zZN,EHCRIG0110 - The Health Centre Finance team shall submit reports on monthly basis to the health centre management committee.,HC financial reports to HC management,BOOLEAN,AGGREGATE,,,,ANC,0,FALSE
data_element,LB0rOPmzAi7,EHCRIG0114 - There is a current Health Facility Financial Management manual which establishes all policies and procedures relating to financial management in the facility.,HC third party audited,BOOLEAN,AGGREGATE,,,,ANC,0,FALSE
data_element,A0nfoK9Qvje,EHCRIG0205 - The health center collects weekly plan and performance report from each HP/family health team and then provided feedback,Plan & performance report analysis,BOOLEAN,AGGREGATE,,,,ANC,0,FALSE
data_element,H1PzBvMHhFk,EHCRIG0207 - Conduct monthly performance review meeting with health extension workers/urban HEps at PHCU level.,monthly performance review meeting,BOOLEAN,AGGREGATE,,,,ANC,0,FALSE
data_element,Kh3ItFMZXm1,EHCRIG0302 - The health Centre shall have ambulance parking area.,HC has ambulance parking area.,BOOLEAN,AGGREGATE,,,,ANC,0,FALSE
data_element,Q3vWEkwjoGJ,EHCRIG0402 - The health center avails resources for comprehensive ANC and PMTCT services.,HC avails resources for ANC and PMTCT services,BOOLEAN,AGGREGATE,,,,ANC,0,FALSE
data_element,UfyBhWnigsM,EHCRIG0508 - The Health Center ensures proper and safe disposal of pharmaceutical wastes and expired drugs in line with national guidance.,Disposal of pharmaceutical wastes mgt,BOOLEAN,AGGREGATE,,,,ANC,0,FALSE
data_element,PLC6Us7uDLJ,"EHCRIG0701 - Management Committee supports improvement efforts in infection prevention and patient safety by ensuring that operational and technical capacity, financial and human resources required are available.",EHCRIG Chapter 7 Standard 1,BOOLEAN,AGGREGATE,,,,ANC,0,FALSE
data_element,wsMb0gSpQRQ,EHCRIG0802 - Health center has maintenance officer / delegate to oversee maintenance.,HC has maintenance officer / delegate,BOOLEAN,AGGREGATE,,,,ANC,0,FALSE
data_element,t8Y92kZSwcq,EHCRIG0804 - There is a schedule for preventive and curative maintenance for each piece of equipment as guided by the manufacturer’s recommendations and that schedule is appropriately implemented.,EHCRIG Chapter 8 Standard 4,BOOLEAN,AGGREGATE,,,,ANC,0,FALSE
data_element,vQx4Y1u5G27,EHCRIG0806 - The HC conducts quarterly preventive and corrective maintenance for all facilities and operating systems to ensure patient and staff safety and comfort.,Quarterly preventive and corrective maintenance,BOOLEAN,AGGREGATE,,,,ANC,0,FALSE
data_element,EJUuwAziMF4,EHCRIG0902 - The health centre has an active medical equipment maintenance work order system and ensure functional work relationship with workshops available within zone health department or nearby Primary Hospital.,Medical equipment maintenance work order system,BOOLEAN,AGGREGATE,,,,ANC,0,FALSE
data_element,ZCTCL8iiyoR,EHCRIG0904 - All new equipment's are installed and commissioned in accordance with the manufacturer's specifications & undergoes acceptance testing prior to its initial use for good operating condition.,Specification and acceptance test,BOOLEAN,AGGREGATE,,,,ANC,0,FALSE
data_element,sC6UqYoETew,"EHCRIG0905 - All equipment operators and personnel are trained on proper application, safety, and maintenance of medical equipment.",equipment operators and personnel are trained,BOOLEAN,AGGREGATE,,,,ANC,0,FALSE
data_element,vLemYvrkwzW,EHCRIG1003 - The health centre establishes and institutionalizes Human Resources Information Management System (HRIS) that enhance the HR management function.,HC establishes and institutionalizes HRIS,BOOLEAN,AGGREGATE,,,,ANC,0,FALSE
data_element,BkHAJdUPxBV,EHCRIG1006 - The HC has a performance management process in which all employees are formally evaluated at least two times per annum.,biannual employee evaluation ,BOOLEAN,AGGREGATE,,,,ANC,0,FALSE
data_element,ktdNmU9sReA,EHCRIG1010 - Health center has grievance management system,HC has grievance management system,BOOLEAN,AGGREGATE,,,,ANC,0,FALSE
data_element,jCijMur1Snd,"EHCRIG1101 - The health center has a functional QI committee that leads clinical governance, quality and safety initiatives",functional QI committee,BOOLEAN,AGGREGATE,,,,ANC,0,FALSE
data_element,vOSyJlYDvTV,"EHCRIG1102 - The health center has operational plan disaggregated by quarter for clinical governance, quality and safety.","clinical governance, quality and safety plan",BOOLEAN,AGGREGATE,,,,ANC,0,FALSE
data_element,EwIYQ84BArn,"EHCRIG1105 - The health center implemented quarterly clinical audit (using EPHCG ,health center clinical audit ) and use the findings for quality improvement and assurance",The HC conducts quarterly clinical audit,BOOLEAN,AGGREGATE,,,,ANC,0,FALSE
data_element,eeufQmIv8B5,EHCRIG1108 - The health center participates quarterly in collaborative learning and experience sharing platform of Ethiopian Primary Health Care Alliance for Quality (EPAQ).,HC participates quarterlyon EPAQ meeting,BOOLEAN,AGGREGATE,,,,ANC,0,FALSE
data_element,ofj5yhVST7x,EHCRIG1111 - Health center conducts quarterly good governance index assessment.,HC conducts quarterly GG index assessment,BOOLEAN,AGGREGATE,,,,ANC,0,FALSE
data_element,rgHIxs9kCNx,EHCRIG1207 - The health center should establish a functional Performance Monitoring Team (PMT).,HC establish a functional PMT,BOOLEAN,AGGREGATE,,,,ANC,0,FALSE
data_element,rR6wzqzM43h,EHSTGDE0105 - There is a system and practice for measuring performance and results in the hospital,Performance and results are measured in hospital,BOOLEAN,AGGREGATE,,,,ANC,0,FALSE
data_element,KrGfagnCAKF,EHSTGDE0303 - The hospital shall have easily accessible Emergency department with an ambulance parking area,Hospital has easily accessible Emergency dept,BOOLEAN,AGGREGATE,,,,ANC,0,FALSE
data_element,GgF1EVthsOZ,EHSTGDE0607 - The hospital ensures patients medical records return from different service units to medical records unit at the end of each service day in accordance with medical record tracing system,Hospital ensures patients medical records return,BOOLEAN,AGGREGATE,,,,ANC,0,FALSE
data_element,suFJpa1gFKf,"EHSTGDE0801 - The hospital ANC unit provides individualized, client centered and evidence based care to clients on all working days and high risk mothers should be seen in the referral clinic",Hospital ANC unit provides individualized care,BOOLEAN,AGGREGATE,,,,ANC,0,FALSE
data_element,Y6UxkiqF3RM,"EHSTGDE0904 - The hospital laboratory has and implements a proper management system for its equipment that includes the calibration, maintenance and inventory to ensure the provision of accurate, reliable and timely test results",Hospital lab implements a proper management system,BOOLEAN,AGGREGATE,,,,ANC,0,FALSE
data_element,baSOYa5FYuw,EHSTGDE1103 - All radiological and imaging equipment users are appropriately trained on the operation and maintenance of such equipment with standard operating procedures readily available to the service providers,Radiological and imaging equipment users trained,BOOLEAN,AGGREGATE,,,,ANC,0,FALSE
data_element,ov5vJFcAKbC,"EHSTGDE1104 - The hospital has established procedures for the maintenance, calibration, capability, quality control testing and functionality of all radiological and imaging equipment",Hospital has procedures maintenance rad equipment,BOOLEAN,AGGREGATE,,,,ANC,0,FALSE
data_element,ylClN7QG7wD,"EHSTGDE1401 - The hospital has established functional management and governance structure that integrates patient care, medical education and research",Hospital has functional mgt and gov structure,BOOLEAN,AGGREGATE,,,,ANC,0,FALSE
data_element,CH21YoQUYH5,"EHSTGDE1502 - The hospital has appropriate medical equipment maintenance workshop as per the national standard, proper calibration, maintenance and measuring tools in adequate manner",Hospital has medical equip maintenance workshop,BOOLEAN,AGGREGATE,,,,ANC,0,FALSE
data_element,LqsHg0Q9GFx,EHSTGDE1507 - All new equipments are installed and commissioned in accordance with the manufacturers specifications and undergoes acceptance testing prior to its initial use to ensure the equipment is in good operating condition,All new equipments are installed and commissioned,BOOLEAN,AGGREGATE,,,,ANC,0,FALSE
data_element,q6f4HFMGHml,"EHSTGDE1508 - There is a schedule for inspection testing and preventive maintenance for each piece of equipment as per the service manual and that schedule is appropriately implemented on daily, weekly and monthly bases",Schedule for inspection and preventive maintenance,BOOLEAN,AGGREGATE,,,,ANC,0,FALSE
data_element,VXzKqanKOUo,"EHSTGDE1509 - All equipment operators and personnel are trained and re-trained on proper application, safety, and maintenance of medical equipment",All equipment operators and personnel are trained,BOOLEAN,AGGREGATE,,,,ANC,0,FALSE
data_element,MRSIHJjeXZg,EHSTGDE1510 - There is a notification and work order system for corrective maintenance and calibration of medical equipment based on their risk level,Notification and work order system for maintenance,BOOLEAN,AGGREGATE,,,,ANC,0,FALSE
data_element,c2DKpBTOPLi,EHSTGDE1602 - Designated hospital staff members are assigned for facility maintenance functions,Designated hospital staff members are assigned,BOOLEAN,AGGREGATE,,,,ANC,0,FALSE
data_element,tVeP0ZUmy3I,"EHSTGDE1606 - The hospital has a maintenance centre with technical personnel, sufficient space and adequate ventilation to conduct maintenance and repair work on the facility operating systems and equipment",Hospital has maintenanc centre with tech personnel,BOOLEAN,AGGREGATE,,,,ANC,0,FALSE
data_element,hTuqLJ8Yk2W,"EHSTGDE1607 - The maintenance centre has appropriate tools and testing equipment to perform repairs, as well as procedures to ensure the routine calibration of the testing equipment is performed as required",Maintenance centre has appropriate tools,BOOLEAN,AGGREGATE,,,,ANC,0,FALSE
data_element,yjCHiImW0XW,"EHSTGDE1608 - The hospital conducts regular preventive and corrective maintenance for all facilities and operating systems (electrical, water, sanitation, sewerage and ventilation) to ensure patient and staff safety and comfort",Hospital conducts regular maintenance,BOOLEAN,AGGREGATE,,,,ANC,0,FALSE
data_element,BafSkR7C6ye,EHSTGDE1703 - The hospital establishes and institutionalizes Human Resources Information Management Systems (HRIS) that enhance the HR management functions,Hospital establishes and institutionalizes HRIS,BOOLEAN,AGGREGATE,,,,ANC,0,FALSE
data_element,j9GLoch6oJI,"EHSTGDE1711 - The hospital has a performance management process and reward policies in which employees are formally evaluated at least semi-annually higher performers are recognized and rewarded, and action plans are documented",Hospital has a performance management process,BOOLEAN,AGGREGATE,,,,ANC,0,FALSE
data_element,jpvpTzGZ7qW,"EHSTGDE1801 - The hospital has established finance, procurement and asset management structure, personnel per unit cost and an operational plan , approved by the Senior Management Team","Hospital has established finance, etc. structure",BOOLEAN,AGGREGATE,,,,ANC,0,FALSE
data_element,PIMiB3WbgTC,EHSTGDE1803 - The hospital provides exempted services in accordance with the relevant Federal/Regional Legislation and displays a list of exempted services at appropriate locations,Hospital provides exempted services,BOOLEAN,AGGREGATE,,,,ANC,0,FALSE
data_element,WrdOIappKNP,EHSTGDE1804 - The hospital provides all services indicated in health insurance benefit package in accordance with the agreement and should be displayed at appropriate locations,Hospital provides services indicated in HI package,BOOLEAN,AGGREGATE,,,,ANC,0,FALSE
data_element,v1LVNKi2KLy,EHSTGDE1805 - The hospital submits timely payment requests/claims /reimbursements for services to the Health Insurance Agency and fee waiver beneficiaries in accordance with established standards and formats,Hospital submits timely payment requests,BOOLEAN,AGGREGATE,,,,ANC,0,FALSE
data_element,zhRD5X3aPhV,"EHSTGDE1806 - The hospital keeps records of services provided to eligible health insurance agency, fee waiver and exempted service beneficiaries and related financial information as appropriate and, reported to the relevant body",Hospital keeps records provides to HI body,BOOLEAN,AGGREGATE,,,,ANC,0,FALSE
data_element,HdldLfSczAw,EHSTGDE1807 - The hospital ensures a private wing service is established in accordance with the required federal /regional directives and approved by the Hospital Governing Board,Hospital ensures a private wing service,BOOLEAN,AGGREGATE,,,,ANC,0,FALSE
data_element,zOnFDGNpSdN,EHSTGDE1901 - The hospital has an established Clinical Governance and Quality Improvement Unit that is led by an assigned Senior Physician or General Practitioner,Hospital has Clinical Governance and QI Unit,BOOLEAN,AGGREGATE,,,,ANC,0,FALSE
data_element,ku9U82hn1bp,EHSTGDE1902 - The hospital develops and implements a clinical governance and quality improvement strategy and an operational plan that addresses the key components of quality,Hospital implements governance and QI strategy,BOOLEAN,AGGREGATE,,,,ANC,0,FALSE
data_element,YODpt8aYZRR,EHSTGDE1903 - Procedures are established to monitor clinical practices and standards through services specific process and outcome measures to ensure clinical governance and quality improvement problems identified are addressed,Procedures are est to monitor clinical practices,BOOLEAN,AGGREGATE,,,,ANC,0,FALSE
data_element,XSw0Dcjdj1W,"EHSTGDE2002 - The hospital conducts a self-assessment of its own performance at a minimum every quarter, using HMIS indicators and any additional local indicators determined by hospital management",Hospital conducts a self-assessment,BOOLEAN,AGGREGATE,,,,ANC,0,FALSE
data_element,JepZ2bWbXZM,"EHSTGDE2004 - The correspondence between data reported on HMIS forms and data recorded in registers and patientrecords, as measured by Data Quality Assurance (DQA) and Lot Quality Assurance Sample (LQAS) is greater or equal to 85%",DQA and LQAS is greater than 85%,BOOLEAN,AGGREGATE,,,,ANC,0,FALSE
data_element,qZLHtFp6N4K,"EHSTGDE2005 - In collaboration with the Governing Board through the CEO, Clinical Governance and Quality Improvement Unit have established performance indicators for hospital that are described in hospital performance report",Clinical Gov and QI Unit have est perf indicators,BOOLEAN,AGGREGATE,,,,ANC,0,FALSE
data_element,R8BWQ0nNIWM,EHSTGDE2006 - Indicators included in the hospital performance monitoring system are a combination of national/regional indicators and other local indicators as determined by the Governing Board,Indicators included determined by Governing Board,BOOLEAN,AGGREGATE,,,,ANC,0,FALSE
data_element,Jk3jjCveGpM,EHSTGDE2007 - Hospital staff receive orientation on all performance indicators and case teams/departments determine indicators and monitor their own performance using the process improvement model,Hospital staff receive orientation perf indicators,BOOLEAN,AGGREGATE,,,,ANC,0,FALSE
data_element,bosblgRTaHL,ESV-ICD11 1A90 - Chancroid,ESV-ICD11 - 1A90,INTEGER_ZERO_OR_POSITIVE,AGGREGATE,,,,ANC,8900,TRUE
data_element,L8QIpAzh2Of,ESV-ICD11 2C10 - Malignant neoplasm of pancreas,ESV-ICD11 - 2C10,INTEGER_ZERO_OR_POSITIVE,AGGREGATE,,,,ANC,2384,TRUE
data_element,gx1UChSzeMF,ESV-ICD11 5A44 - Insulin-resistance syndromes,ESV-ICD11 - 5A44,INTEGER_ZERO_OR_POSITIVE,AGGREGATE,,,,ANC,1073,TRUE
data_element,hZwEwvvBDsn,ESV-ICD11 5A45 - Persistent hyperinsulinaemic hypoglycaemia of infancy,ESV-ICD11 - 5A45,INTEGER_ZERO_OR_POSITIVE,AGGREGATE,,,,ANC,159,TRUE
data_element,KUXRySYIZxZ,ESV-ICD11 5C61.6 - Lactose intolerance,ESV-ICD11 - 5C61.6,INTEGER_ZERO_OR_POSITIVE,AGGREGATE,,,,ANC,431,TRUE
data_element,kHkY4SviTyN,ESV-ICD11 5C75 - Mixed disorder of acid-base balance,ESV-ICD11 - 5C75,INTEGER_ZERO_OR_POSITIVE,AGGREGATE,,,,ANC,1327,TRUE
data_element,MMq4bNOaCar,"ESV-ICD11 5C7Y - Other specified disorders of fluid, electrolyte or acid-base balance",ESV-ICD11 - 5C7Y,INTEGER_ZERO_OR_POSITIVE,AGGREGATE,,,,ANC,2395,TRUE
data_element,eQcO9OtzuR7,ESV-ICD11 6A41 - Catatonia induced by substances or medications,ESV-ICD11 - 6A41,INTEGER_ZERO_OR_POSITIVE,AGGREGATE,,,,ANC,1055,TRUE
data_element,wThIBlMJ689,ESV-ICD11 6B62 - Trance disorder,ESV-ICD11 - 6B62,INTEGER_ZERO_OR_POSITIVE,AGGREGATE,,,,ANC,39,TRUE
data_element,tuYWCfJDfX0,ESV-ICD11 6B63 - Possession trance disorder,ESV-ICD11 - 6B63,INTEGER_ZERO_OR_POSITIVE,AGGREGATE,,,,ANC,678,TRUE
data_element,CCCBNM7qj3e,"ESV-ICD11 6C4Z - Disorders due to substance use, unspecified",ESV-ICD11 - 6C4Z,INTEGER_ZERO_OR_POSITIVE,AGGREGATE,,,,ANC,7151,TRUE
data_element,ZNGhycGe3V8,ESV-ICD11 6D84 - Dementia due to psychoactive substances including medications,ESV-ICD11 - 6D84,INTEGER_ZERO_OR_POSITIVE,AGGREGATE,,,,ANC,524,TRUE
data_element,R4KG76I6l0u,ESV-ICD11 6D86 - Behavioural or psychological disturbances in dementia,ESV-ICD11 - 6D86,INTEGER_ZERO_OR_POSITIVE,AGGREGATE,,,,ANC,1269,TRUE
data_element,tb6NOxNLp4C,ESV-ICD11 8D89 - Disorders of orthostatic tolerance,ESV-ICD11 - 8D89,INTEGER_ZERO_OR_POSITIVE,AGGREGATE,,,,ANC,249,TRUE
data_element,hd1AIGgzgUk,ESV-ICD11 BC63.3 - Right bundle branch block,ESV-ICD11 - BC63.3,INTEGER_ZERO_OR_POSITIVE,AGGREGATE,,,,ANC,301,TRUE
data_element,OZYk72mC5GN,ESV-ICD11 BC63.4 - Left bundle branch block,ESV-ICD11 - BC63.4,INTEGER_ZERO_OR_POSITIVE,AGGREGATE,,,,ANC,240,TRUE
data_element,uYbbvzOBrcc,ESV-ICD11 CB04 - Primary interstitial lung diseases specific to infancy or childhood,ESV-ICD11 - CB04,INTEGER_ZERO_OR_POSITIVE,AGGREGATE,,,,ANC,546,TRUE
data_element,n5Ft9VBOBVc,ESV-ICD11 DA0F - Sensory disturbances affecting orofacial complex,ESV-ICD11 - DA0F,INTEGER_ZERO_OR_POSITIVE,AGGREGATE,,,,ANC,638,TRUE
data_element,vaOAswKUfX1,ESV-ICD11 DC31 - Acute pancreatitis,ESV-ICD11 - DC31,INTEGER_ZERO_OR_POSITIVE,AGGREGATE,,,,ANC,9823,TRUE
data_element,RTKEPllfeTO,ESV-ICD11 DC32 - Chronic pancreatitis,ESV-ICD11 - DC32,INTEGER_ZERO_OR_POSITIVE,AGGREGATE,,,,ANC,2377,TRUE
data_element,n4TjiJc7RnB,ESV-ICD11 DC34 - Obstructive pancreatitis,ESV-ICD11 - DC34,INTEGER_ZERO_OR_POSITIVE,AGGREGATE,,,,ANC,591,TRUE
data_element,cKymCtQRQil,ESV-ICD11 EH40.2 - Erythrodermas of infancy,ESV-ICD11 - EH40.2,INTEGER_ZERO_OR_POSITIVE,AGGREGATE,,,,ANC,20,TRUE
data_element,HlLGDXHcuzC,ESV-ICD11 EH40 - Dermatoses of infancy,ESV-ICD11 - EH40,INTEGER_ZERO_OR_POSITIVE,AGGREGATE,,,,ANC,88,TRUE
data_element,KrrO20q8gxO,ESV-ICD11 GA34.4 - Premenstrual disturbances,ESV-ICD11 - GA34.4,INTEGER_ZERO_OR_POSITIVE,AGGREGATE,,,,ANC,998,TRUE
data_element,eqvrzVLOLry,ESV-ICD11 GA42 - Sensory disturbance of the vulva,ESV-ICD11 - GA42,INTEGER_ZERO_OR_POSITIVE,AGGREGATE,,,,ANC,96,TRUE
data_element,v7Uv2kMvEi1,ESV-ICD11 KB63 - Certain specified transitory neonatal electrolyte or metabolic disturbances,ESV-ICD11 - KB63,INTEGER_ZERO_OR_POSITIVE,AGGREGATE,,,,ANC,27,TRUE
data_element,W6j3LaVwYLF,ESV-ICD11 LB21.0 - Annular pancreas,ESV-ICD11 - LB21.0,INTEGER_ZERO_OR_POSITIVE,AGGREGATE,,,,ANC,35,TRUE
data_element,tsizXCPLBtE,ESV-ICD11 LB21 - Structural developmental anomalies of pancreas,ESV-ICD11 - LB21,INTEGER_ZERO_OR_POSITIVE,AGGREGATE,,,,ANC,21,TRUE
data_element,XnnT7HKDtWG,ESV-ICD11 MA80 - Speech disturbances,ESV-ICD11 - MA80,INTEGER_ZERO_OR_POSITIVE,AGGREGATE,,,,ANC,1350,TRUE
data_element,HOMufSvTMi2,ESV-ICD11 MB23 - Symptoms or signs involving appearance or behaviour,ESV-ICD11 - MB23,INTEGER_ZERO_OR_POSITIVE,AGGREGATE,,,,ANC,636,TRUE
data_element,NDtRxtCmhJv,ESV-ICD11 MB40 - Sensation disturbance,ESV-ICD11 - MB40,INTEGER_ZERO_OR_POSITIVE,AGGREGATE,,,,ANC,318,TRUE
data_element,e9IXqQaEBeP,ESV-ICD11 NE60&NE60&XM1X11 - Carbon monoxide poisoning [Harmful effects of substances],ESV-ICD11 - NE60&NE60&XM1X11,INTEGER_ZERO_OR_POSITIVE,AGGREGATE,,,,ANC,20910,TRUE
data_element,nnSfaVLjSac,ESV-ICD11 NE60&XM0TV9 - Formaldehyde poisoning [Harmful effects of substances],ESV-ICD11 - NE60&XM0TV9,INTEGER_ZERO_OR_POSITIVE,AGGREGATE,,,,ANC,7346,TRUE
data_element,CAsDTX23FXf,ESV-ICD11 NE60&XM0ZH6 - Lead poisoning [Harmful effects of substances],ESV-ICD11 - NE60&XM0ZH6,INTEGER_ZERO_OR_POSITIVE,AGGREGATE,,,,ANC,8592,TRUE
data_element,WVtEMmGzvwT,ESV-ICD11 NE60&XM32P2 - Pentachlorophenol poisoning[Harmful effects of substances],ESV-ICD11 - NE60&XM32P2,INTEGER_ZERO_OR_POSITIVE,AGGREGATE,,,,ANC,1275,TRUE
data_element,IfO5NXQaJL8,ESV-ICD11 NE60&XM3ES1 - Tranquilizers poisoning [Harmful effects of substances],ESV-ICD11 - NE60&XM3ES1,INTEGER_ZERO_OR_POSITIVE,AGGREGATE,,,,ANC,1091,TRUE
data_element,l3oNl7v7GOO,ESV-ICD11 NE60&XM4XU4 - Chlorinated hydrocarbons poisoning[Harmful effects of substances],ESV-ICD11 - NE60&XM4XU4,INTEGER_ZERO_OR_POSITIVE,AGGREGATE,,,,ANC,2286,TRUE
data_element,d57bo2VWemb,ESV-ICD11 NE60&XM4YG0 - Barbiturate poisoning [Harmful effects of substances],ESV-ICD11 - NE60&XM4YG0,INTEGER_ZERO_OR_POSITIVE,AGGREGATE,,,,ANC,1843,TRUE
data_element,yp6OxAh64gb,ESV-ICD11 NE60&XM7154 - Organophosphate insecticide poisoning [Harmful effects of substances],ESV-ICD11 - NE60&XM7154,INTEGER_ZERO_OR_POSITIVE,AGGREGATE,,,,ANC,22531,TRUE
data_element,Y5R4HzvbsVi,ESV-ICD11 NE60&XM86W0 - Warfarin poisoning[Harmful effects of substances],ESV-ICD11 - NE60&XM86W0,INTEGER_ZERO_OR_POSITIVE,AGGREGATE,,,,ANC,1261,TRUE
data_element,GwMKafux556,ESV-ICD11 NE60&XM96H3 - Carbamates poisoning [Harmful effects of substances],ESV-ICD11 - NE60&XM96H3,INTEGER_ZERO_OR_POSITIVE,AGGREGATE,,,,ANC,1672,TRUE
data_element,TVReLu5XnGb,ESV-ICD11 NE60&XM9EL1 - DDT(chlorophenothane) poisoning[Harmful effects of substances],ESV-ICD11 - NE60&XM9EL1,INTEGER_ZERO_OR_POSITIVE,AGGREGATE,,,,ANC,3201,TRUE
data_element,juavchVGQgn,ESV-ICD11 NE60&XM9JS2  - Strychnine rodenticide poisoning [Harmful effects of substances],ESV-ICD11 NE60&XM9JS2,INTEGER_ZERO_OR_POSITIVE,AGGREGATE,,,,ANC,3036,TRUE
data_element,sZPu5ZsuU5o,ESV-ICD11 NE6Z - Harmful effects of unspecified substance,ESV-ICD11 - NE6Z,INTEGER_ZERO_OR_POSITIVE,AGGREGATE,,,,ANC,8127,TRUE
data_element,o7NCiNebi6K,"ESV-ICD11 PB29 - Unintentional exposure to or harmful effects of multiple drugs, medicaments or biological substances",ESV-ICD11 - PB29,INTEGER_ZERO_OR_POSITIVE,AGGREGATE,,,,ANC,1420,TRUE
data_element,RM7iQK6TkWN,ESV-ICD11 PB34 - Unintentional exposure to or harmful effects of corrosive substances,ESV-ICD11 - PB34,INTEGER_ZERO_OR_POSITIVE,AGGREGATE,,,,ANC,294,TRUE
data_element,Fvo7EZ34qtO,ESV-ICD11 QA01.6 - Examination for insurance purposes,ESV-ICD11 - QA01.6,INTEGER_ZERO_OR_POSITIVE,AGGREGATE,,,,ANC,390,TRUE
data_element,lbpYPDxUhWf,ESV-ICD11 VV30 - Exercise tolerance functions,ESV-ICD11 - VV30,INTEGER_ZERO_OR_POSITIVE,AGGREGATE,,,,ANC,91,TRUE
data_element,dWDLghdFtjA,ESV-ICD11 XE3SH - Exposure to or harmful effects of substances,ESV-ICD11 - XE3SH,INTEGER_ZERO_OR_POSITIVE,AGGREGATE,,,,ANC,370,TRUE
data_element,oPvOGClXr6I,F00-441 Delirium (Delirium not induced by alcohol and other psychoactive substances),F00-441 Delirium (Delirium not induced by alcohol,INTEGER_ZERO_OR_POSITIVE,AGGREGATE,,,,ANC,992,TRUE
data_element,DT6Bqpu0FY7,F90-488 Attention-Deficit Hyperactivity Disorder (Disturbance of activity and attention),F90-488 Attention-Deficit Hyperactivity Disorder (,INTEGER_ZERO_OR_POSITIVE,AGGREGATE,,,,ANC,1152,TRUE
data_element,OTDfdSy23Yk,FNS_Number of inspected food items through conducting post-marketing surveillance ,Number of inspected food items,INTEGER_ZERO_OR_POSITIVE,AGGREGATE,,,,ANC,0,FALSE
data_element,tf1IEo1RqRi,FNS_Number of post marketing surveillance conducted on perishable and high risk food,#ofPost marketing surveillance conducted,INTEGER_ZERO_OR_POSITIVE,AGGREGATE,,,,ANC,0,FALSE
data_element,P9igAgLf7Wk,FNS_Total numbe of post marketing surveillance conducted,Total#ofPost marketing surveillance conducted,INTEGER_ZERO_OR_POSITIVE,AGGREGATE,,,,ANC,0,FALSE
data_element,nMsDYw06QDU,HBP-El Prevallence of Sever subtance use disorders( alcohol),WBP-El Prevallence of Sever subtance use disorders,NUMBER,AGGREGATE,,,,ANC,0,FALSE
data_element,IDclk27qCa7,HBP-T% ANC 4+ Contacts Coverage,HBP-T% ANC 4+ Contacts Coverage,PERCENTAGE,AGGREGATE,,,,ANC,0,FALSE
data_element,Mml6gXOQmbP,HBP-T% Contraceptive Acceptance Rate,HBP-T% CAR ,PERCENTAGE,AGGREGATE,,,,ANC,0,FALSE
data_element,y0XbgVqaeYZ,HBP-T% Immediate Postpartum Contraceptive Acceptance rate (IPPCAR),HBP-T% IPPCAR,PERCENTAGE,AGGREGATE,,,,ANC,0,FALSE
data_element,UFB6veSIg4w,"HBP-T% of HIV+ Women received ART during ANC, L&D and PNC-non aggregate","HBP-T% HIV+ Women ART during ANC, L&D PNC-NA",NUMBER,AGGREGATE,,,,ANC,252,TRUE
data_element,FNnTohH7oaH,HBP-T # Proportion of eligible population who received care for sever substance use disorders (Alcohol),WBP-T # of treated for Substances and Alcohol,NUMBER,AGGREGATE,,,,ANC,0,FALSE
data_element,hycpzyTzv7U,HBP-T% Proportion of individuals treated for Substance Use and Alcohol - non aggregate,HBP-T% treated for Substance Use and Alcohol -NA,NUMBER,AGGREGATE,,,,ANC,192,TRUE
data_element,y0k83VlZlX8,HIV_HIV positive women (15+) on ART screened for Cervical Cancer by type of test,HIV +ve women >15 on ART screened for Cervical Ca,INTEGER_ZERO_OR_POSITIVE,AGGREGATE,,,,ANC,16065,TRUE
data_element,TOLMZrynVxB,HIV_Long distance drivers :Positive,Long distance drivers :Positive,INTEGER_ZERO_OR_POSITIVE,AGGREGATE,,,,ANC,12066,TRUE
data_element,usC3MHbdDWb,HIV_Long distance drivers: Received result,Long distance drivers: Received result,INTEGER_ZERO_OR_POSITIVE,AGGREGATE,,,,ANC,12128,TRUE
data_element,eMAs8JITmiY,HIV_PLHIV currently on differentiated service Delivery model (DSD) clients on Advanced HIV Disease Care Model,Clients on advanced HIV disease care model,INTEGER_ZERO_OR_POSITIVE,AGGREGATE,,,,ANC,128010,TRUE
data_element,TtEJXXdKwzd,HIV_Treatment of precancerous cervical lesion with Cryotherapy,Precancerous cervical lesion treated with Cryother,INTEGER_ZERO_OR_POSITIVE,AGGREGATE,,,,ANC,39762,TRUE
data_element,R28CI7GV2OB,HIV_Treatment of precancerous cervical lesion with LEEP,Precancerous cervical lesion treated with LEEP,INTEGER_ZERO_OR_POSITIVE,AGGREGATE,,,,ANC,39751,TRUE
data_element,UmIP0C722RE,HIV_Treatment of precancerous cervical lesion with Thermal Ablation/Thermocoagulation,Precancerous cervical lesion treated with Ablation,INTEGER_ZERO_OR_POSITIVE,AGGREGATE,,,,ANC,39763,TRUE
data_element,lfMv1gHzzn2,HIV_VIA Screening Result Precancerous Lesion:15+,VIA Screening Result Precancerous Lesion:15+,INTEGER_ZERO_OR_POSITIVE,AGGREGATE,,,,ANC,39895,TRUE
data_element,hSoQn38Hasq,HIV_VIA Screening Result Suspecious cancerous Lesion:15+,VIA Screening Result Suspecious cancer Lesion:15+,INTEGER_ZERO_OR_POSITIVE,AGGREGATE,,,,ANC,39807,TRUE
data_element,mmlMf8Go7IE,HK - Cancelled elective surgical procedures,# elective surgical procedure cancelled,INTEGER_ZERO_OR_POSITIVE,AGGREGATE,,,,ANC,1499,TRUE
data_element,lI0yQ3CGSiI,HK - Major surgical and obstetric procedures cancelled or referred due to lack of blood,# major surgeries canceled due to lack blood,INTEGER_ZERO_OR_POSITIVE,AGGREGATE,,,,ANC,0,FALSE
data_element,b01QJEatBDJ,HK - Senior Managements Team (SMT) Performance Audit Score,# SMT Performance Audit Score,INTEGER_ZERO_OR_POSITIVE,AGGREGATE,,,,ANC,0,FALSE
data_element,qOWgRFnR3Oo,HOSPKPI45 - Total number of major surgical/obstetric  procedures cancelled or referred because of lack of blood for transfusion,# major surgical/obstetric procedures cancelled,INTEGER_ZERO_OR_POSITIVE,AGGREGATE,,,,ANC,2588,TRUE
data_element,ZMn08tpcVfw,Hosp_KPI - Domain 10_Hand Hygiene (HH) Practice Compliance,Domain 10_Hand Hygiene (HH) Practice Compliance,PERCENTAGE,AGGREGATE,,,,ANC,3000,TRUE
data_element,gIMIXxc5a8V,Hosp_KPI - Domain 4_Health care-associated infection (HAI) surveillance,Domain 4_HAI surveillance,PERCENTAGE,AGGREGATE,,,,ANC,3009,TRUE
data_element,XC41q2E2j1Q,"Hosp_KPI - Domain 7_Workload, staffing and bed occupancy","Domain 7_Workload, staffing and bed occupancy",PERCENTAGE,AGGREGATE,,,,ANC,3003,TRUE
data_element,ZNVZtBLU9ar,"Hosp_KPI - EHSIG chapter 1_Hospital Leadership, Management and Governance",EHSIG chapter 1_HLMG,PERCENTAGE,AGGREGATE,,,,ANC,3039,TRUE
data_element,ALLEXvLStsQ,Hosp_KPI - EHSIG chapter 21_Managing Health Financing,EHSIG chapter 21_Health financing,PERCENTAGE,AGGREGATE,,,,ANC,3015,TRUE
data_element,KezP9uOklEl,Hosp_KPI - EHSIG chapter 23_Hospital Performance Monitoring and Reporting,EHSIG chapter 23_Hospital performance M&E,PERCENTAGE,AGGREGATE,,,,ANC,3036,TRUE
data_element,krQd2KablUr,Hosp_KPI - Good governance index assessment score,Good governance index assessment score,NUMBER,AGGREGATE,,,,ANC,0,FALSE
data_element,x4660ZwXh75,Hosp_KPI - Total number of major elective surgical  procedures canceled or referred out due to lack of blood           ,major surgical procedures canceled or referred,INTEGER_ZERO_OR_POSITIVE,AGGREGATE,,,,ANC,3113,TRUE
data_element,M5zPZdvCW15,Hosp_KPI - Total number of MD maintenance Request in the reporting period,MD maintenance Request,INTEGER_ZERO_OR_POSITIVE,AGGREGATE,,,,ANC,0,FALSE
data_element,xLgbq7wGKz4,HOSP_ Number of new and repeated outpatient attendances at public facility,# new and repeat outpatient attendances at public ,INTEGER_ZERO_OR_POSITIVE,AGGREGATE,,,,ANC,0,FALSE
data_element,RRIOvu4RkNn,K00-745 Disturbances in tooth formation,K00-745 Disturbances in tooth formation,INTEGER_ZERO_OR_POSITIVE,AGGREGATE,,,,ANC,1015,TRUE
data_element,OvNcIzCMPEc,K00-746 Hereditary disturbances in tooth structure not elsewhere classified,K00-746 Hereditary disturbances in tooth structure,INTEGER_ZERO_OR_POSITIVE,AGGREGATE,,,,ANC,385,TRUE
data_element,N4S7bKsdPg5,K00-747 Disturbances in tooth eruption,K00-747 Disturbances in tooth eruption,INTEGER_ZERO_OR_POSITIVE,AGGREGATE,,,,ANC,2125,TRUE
data_element,ho1JOWBovBZ,K80-902 Acute pancreatitis,K80-902 Acute pancreatitis,INTEGER_ZERO_OR_POSITIVE,AGGREGATE,,,,ANC,2472,TRUE
data_element,EzOQYtEQuY7,LG_Availability and management of ambulance - percentage,Availability and management of ambulance,PERCENTAGE,AGGREGATE,,,,ANC,9616,TRUE
data_element,OwZLk7XTMn9,LG_Good Governance Index Score,Good Governance Index,INTEGER_ZERO_OR_POSITIVE,AGGREGATE,,,,ANC,4872,TRUE
data_element,hJGEI95aFvT,MAT_ANC-1st by Gestional Week,ANC-1st by Gestional Week,INTEGER_ZERO_OR_POSITIVE,AGGREGATE,,,,ANC,27470,TRUE
data_element,FMHlxx3lBcZ,MAT_ANC >= 4 by Gestional Week,ANC >= 4 by Gestional Week,INTEGER_ZERO_OR_POSITIVE,AGGREGATE,,,,ANC,18325,TRUE
data_element,NTidDdqjEde,MAT_ANC >= 8 Contacts,ANC >= 8 Contacts,INTEGER_ZERO_OR_POSITIVE,AGGREGATE,,,,ANC,9036,TRUE
data_element,lzhOxCHJMOV,MAT_Skilled Birth Attendance,Skilled Birth Attendance,INTEGER_ZERO_OR_POSITIVE,AGGREGATE,,,,ANC,12720,TRUE
data_element,Ns38QEQw4Ta,MS_Ambulance dispatched_by case,Ambulance dispatched by case,INTEGER_ZERO_OR_POSITIVE,AGGREGATE,,,,ANC,48004,TRUE
data_element,gkywwx481ca,MS_Ambulance requests,Ambulance requests made,INTEGER_ZERO_OR_POSITIVE,AGGREGATE,,,,ANC,10416,TRUE
data_element,fZetVOC9kge,MS_Ambulances dispatched_by technician companionship,Ambulance dispatched by technician companionship,INTEGER_ZERO_OR_POSITIVE,AGGREGATE,,,,ANC,20781,TRUE
data_element,CUByVJta6Px,MS_Clients that came to health facility using ambulance,Number of clients that came to HF using ambulance,INTEGER_ZERO_OR_POSITIVE,AGGREGATE,,,,ANC,17193,TRUE
data_element,vuAIMDDVMFZ,MS_Emergency attendances with more than 24 hours stay,Emergency attendance with > 24 hours stay,INTEGER_ZERO_OR_POSITIVE,AGGREGATE,,,,ANC,8710,TRUE
data_element,NR52X4BRSN4,MS_Emergency unit attendances,Emergency unit attendance,INTEGER_ZERO_OR_POSITIVE,AGGREGATE,,,,ANC,12472,TRUE
data_element,F7KLra5Vio4,MS_Health insurance beneficiaries that visited health facilities,OPD visits by health insurance members,INTEGER_ZERO_OR_POSITIVE,AGGREGATE,,,,ANC,12206,TRUE
data_element,DEBDn5wa8P8,MSR_Long distance Drivers reached with HIV prevention demand creation activities ,LDD reached HIV prevention demand creation ,INTEGER_ZERO_OR_POSITIVE,AGGREGATE,,,,ANC,0,FALSE
data_element,wEWni822Yyj,MTCT_HIV+ Women on ART during ANC - 1st Time,HIV+ Women on ART during ANC - 1st Time,INTEGER_ZERO_OR_POSITIVE,AGGREGATE,,,,ANC,12138,TRUE
data_element,yODHrujiq1D,"MTCT_Known HIV+ attending ANC, Delivery, and PNC","Known HIV+ attending ANC, Delivery, and PNC",INTEGER_ZERO_OR_POSITIVE,AGGREGATE,,,,ANC,12562,TRUE
data_element,Dacn889dCwe,"MTCT_New HIV+ Women during ANC, L&D, and PNC","New HIV+ Women during ANC, L&D, and PNC",INTEGER_ZERO_OR_POSITIVE,AGGREGATE,,,,ANC,12499,TRUE
data_element,xxM9xVAjWgP,N10-1085 Nephropathy (Nephropathy induced by unspecified drug medicament or biological substance),N10-1085 Nephropathy (Nephropathy induced by unspe,INTEGER_ZERO_OR_POSITIVE,AGGREGATE,,,,ANC,2019,TRUE
data_element,jm0Ij4Cc0Lo,NCD_Women 30-49 years screened for cervical cancer by type,Women 30-49 yrs screened cervical cancer screening,INTEGER_ZERO_OR_POSITIVE,AGGREGATE,,,,ANC,17132,TRUE
data_element,lVuvygTVFJQ,O20-1236 Hyperemesis gravidarum (Hyperemesis gravidarum with metabolic disturbance),O20-1236 Hyperemesis gravidarum (Hyperemesis gravi,INTEGER_ZERO_OR_POSITIVE,AGGREGATE,,,,ANC,6782,TRUE
data_element,BI4u5mehsYD,R20-1667 Disturbances of skin sensation,R20-1667 Disturbances of skin sensation,INTEGER_ZERO_OR_POSITIVE,AGGREGATE,,,,ANC,3639,TRUE
data_element,CFVFFg1vzeq,R40-1718 Disturbances of smell and taste,R40-1718 Disturbances of smell and taste,INTEGER_ZERO_OR_POSITIVE,AGGREGATE,,,,ANC,959,TRUE
data_element,zV6jrYdGizW,R40-1733 Bizarre personal appearance,R40-1733 Bizarre personal appearance,INTEGER_ZERO_OR_POSITIVE,AGGREGATE,,,,ANC,47,TRUE
data_element,qZXjGiTaPnP,R47-1735 Speech disturbances not elsewhere classified,R47-1735 Speech disturbances not elsewhere classif,INTEGER_ZERO_OR_POSITIVE,AGGREGATE,,,,ANC,202,TRUE
data_element,JyoREELM11c,R47-1737 Voice Disturbances,R47-1737 Voice Disturbances,INTEGER_ZERO_OR_POSITIVE,AGGREGATE,,,,ANC,354,TRUE
data_element,CckwLccp0Pr,T36-1868 Poisoning (Poisoning Other and unspecified drugs medicaments and biological substances),T36-1868 Poisoning (Poisoning Other and unspecifie,INTEGER_ZERO_OR_POSITIVE,AGGREGATE,,,,ANC,20080,TRUE
data_element,E2JlLB3uZNt,T51-1872 Toxic effect Toxic effect of other specified substances,T51-1872 Toxic effect Toxic effect of other specif,INTEGER_ZERO_OR_POSITIVE,AGGREGATE,,,,ANC,717,TRUE
data_element,o7NMjhmXbGv,WBP-B% Contraceptive acceptance rate -aggregate,WBP-B% Contraceptive acceptance rate -aggregate,PERCENTAGE,AGGREGATE,,,,ANC,0,FALSE
data_element,V0lnNkMcOX0,WBP-B# of Long Distance Truck Drivers reached with HIV prevention SBCC Interventions-Aggregated,WBP-B# drivers for SBCC-Aggregated,NUMBER,AGGREGATE,,,,ANC,0,FALSE
data_element,mQjOuHb8ORf,WBP-B% of Long Distance Truck Drivers reached with HIV prevention SBCC Interventions-Aggregated,WBP-B% Drivers for SBCC- Aggregated,NUMBER,AGGREGATE,,,,ANC,2256,TRUE
data_element,AQViq7Yzi4T,WBP-B# of Long Distance Truck Drivers reached with HIV prevention SBCC Interventions-not Aggregated,WBP-B# of drivers for SBCC-not Aggregated,NUMBER,AGGREGATE,,,,ANC,0,FALSE
data_element,H54ggIyCTk5,WBP-B% Percentage of Long Distance Truck Drivers reached with HIV prevention SBCC Interventions-not Aggregated,WBP-B%  Drivers for SBCC not Aggregated,NUMBER,AGGREGATE,,,,ANC,0,FALSE
data_element,qzpSARg5STC,WBP-B% Proportion of eligible civil servants covered by social health inurance-Aggregated,WBP-B% civil servants covered by inurance-agg,PERCENTAGE,AGGREGATE,,,,ANC,0,FALSE
data_element,ZD5Y2r766Is, WBP-B% Proportion of eligible households enrolled in Community Based Health Insurance (CBHI) - Aggregated,Proportion of eligible HHs enrolled in CBHIa,NUMBER,AGGREGATE,,,,ANC,3624,TRUE
data_element,ynmvzJ7i82c,WBP-B# Proportion of eligible households enrolled in Community Based Health Insurance (CBHI)- Aggregated,WBP-B# eligible HHs enrolled in CBHIa,NUMBER,AGGREGATE,,,,ANC,0,FALSE
data_element,MUXBbCkOgve, WBP-B% Proportion of eligible households enrolled in Community Based Health Insurance (CBHI) - non aggregate,Proportion of eligible HHs enrolled in CBHIn,NUMBER,AGGREGATE,,,,ANC,0,FALSE
data_element,cUCvfa2PSyg,WBP-B# Proportion of eligible households enrolled in Community Based Health Insurance (CBHI)-  Not aggregated,WBP-B# eligible HHs enrolled in CBHIn,NUMBER,AGGREGATE,,,,ANC,0,FALSE
data_element,Qf7iQv49C4C,WBP-CF Substance use disorderd (Alcohol),Substance use disorderd (Alcohol),NUMBER,AGGREGATE,,,,ANC,12288,TRUE
data_element,vdFj1JNnuJA,WBP-CF Substance use disorderd (Chat),Substance use disorderd (Chat),NUMBER,AGGREGATE,,,,ANC,9972,TRUE
data_element,gH6ex5A6uZj,WBP-CF Substance use disorderd (Other),Substance use disorderd (Other),NUMBER,AGGREGATE,,,,ANC,9972,TRUE
data_element,oZuiC0yCz8F,WBP-CF Substance use disorderd (Tobaccco),Substance use disorderd (Tobaccco),NUMBER,AGGREGATE,,,,ANC,9972,TRUE
data_element,D5TvS4VeAQu,WBP-CF Total number of estimated pregnancies / Births,WBP-CFTotal number of estimated pregnancies ,NUMBER,AGGREGATE,,,,ANC,16842,TRUE
data_element,Md7fod87lsq,WBP-El number of expected pregnancies-aggregate ,WBP-El number of expected pregnancies-aggregate ,NUMBER,AGGREGATE,,,,ANC,0,FALSE
data_element,YZDaeH5vO1X,WBP-El Number of women 30 - 49 years with identified pre-cancerous cervical lesion-Aggregated,WBP-El of women 30 - 49 years with identifi-agg,NUMBER,AGGREGATE,,,,ANC,0,FALSE
data_element,yio6nxpiAYB,WBP-EL # of Long Distance Truck Drivers reached with HIV prevention SBCC Interventions-Aggregated,WBP-EL Number of Drivers with SBCC -Aggregated,NUMBER,AGGREGATE,,,,ANC,0,FALSE
data_element,HFuUBw3xYhC,WBP-EL # of Long Distance Truck Drivers reached with HIV prevention SBCC Interventions-not Aggregated,WBP-EL % of Drivers workers SBCC -not Aggregated,NUMBER,AGGREGATE,,,,ANC,0,FALSE
data_element,W3u0VHQS3A2,WBP-EL Outpatient attendance per capita-Aggregated,WBP-EL Outpatient attendance per capita-Aggregated,NUMBER,AGGREGATE,,,,ANC,0,FALSE
data_element,ijY4dXtItnp,WBP-EL Outpatient attendance per capita-not aggregated,WBP-EL Outpatient attendance per capita-NA,NUMBER,AGGREGATE,,,,ANC,0,FALSE
data_element,aZV5GhhkR7h,WBP-EL Proportion of eligible households enrolled in Community Based Health Insurance (CBHI)-Aggregated,WBP-EL enrolled in CBHI-Aggregated,NUMBER,AGGREGATE,,,,ANC,0,FALSE
data_element,z7mTZhYYngm,WBP-EL Proportion of eligible households enrolled in Community Based Health Insurance (CBHI)-not Aggregated,WBP-EL enrolled in CBHI-not Aggregated,NUMBER,AGGREGATE,,,,ANC,0,FALSE
data_element,fJkRyw3ibWq,WBP-EL Proportion of health facilities conducted Lots quality assurance Sampling (LQAS)-Aggregated,WBP-EL quality Sampling (LQAS)-Aggregated,NUMBER,AGGREGATE,,,,ANC,0,FALSE
data_element,QNutO7TYOJz,WBP-T% Ambulance service response rate-aggregate ,Ambulance service response rate-aggregate,PERCENTAGE,AGGREGATE,,,,ANC,4092,TRUE
data_element,xae3ltkP9ig,WBP-T% Ambulance service response rate-non aggregate ,Ambulance service response rate-non aggre,PERCENTAGE,AGGREGATE,,,,ANC,264,TRUE
data_element,xE0gwDlZgl5,WBP-T% ANC 1st Contacts before 12 Weeks Coverage - aggregate,WBP-T% ANC_1 Coverage <=12 weeks aggregate,PERCENTAGE,AGGREGATE,,,,ANC,4536,TRUE
data_element,LUxbmvyvQdu,WBP-T% ANC 1st Contacts before 12 Weeks Coverage - non aggregate,WBP-T% ANC_1 Coverage <=12 weeks non aggregate,PERCENTAGE,AGGREGATE,,,,ANC,300,TRUE
data_element,zcCEgTBfMIP,WBP-T% ANC 4+ Contacts Coverage- aggregate ,ANC 4+ Contacts Coverage,PERCENTAGE,AGGREGATE,,,,ANC,4560,TRUE
data_element,SLBaq1J2zaW,WBP-T% ANC 4+ Contacts Coverage- non aggregate,ANC 4+ Contacts Coverage- non aggregate,PERCENTAGE,AGGREGATE,,,,ANC,300,TRUE
data_element,hfqUwjltEcp,WBP-T% ANC 8+ Contacts Coverage- aggregate,ANC 8+ Contacts Coverage- aggregate,PERCENTAGE,AGGREGATE,,,,ANC,4548,TRUE
data_element,yNnaAHvI38b,WBP-T% ANC 8+ Contacts Coverage- non aggregate,ANC 8+ Contacts Coverage- non aggregate,PERCENTAGE,AGGREGATE,,,,ANC,300,TRUE
data_element,BL1FRG2thmr,WBP-T% Bed Occupancy Rate-aggregate,Bed Occupancy Rate-aggregate,PERCENTAGE,AGGREGATE,,,,ANC,3864,TRUE
data_element,MeeYp2ry5kR,WBP-T% Bed Occupancy Rate-non aggregate,Bed Occupancy Rate-non aggregate,PERCENTAGE,AGGREGATE,,,,ANC,264,TRUE
data_element,crLLNQnbH6O,WBP-T% Contraceptive acceptance rate -aggregate,WBP-T% Contraceptive acceptance rate -aggregate,PERCENTAGE,AGGREGATE,,,,ANC,4740,TRUE
data_element,QiObfwvRIAa,WBP-T% Contraceptive acceptance rate - non aggregate,WBP-T% CAR-non aggregate,PERCENTAGE,AGGREGATE,,,,ANC,3720,TRUE
data_element,ek2OzX6kxoh, WBP-T% Drop out Rate of ANC1 to ANC 4 +-agreggate , WBP-T% Drop out ANC1 to ANC 4 +-aggregate,PERCENTAGE,AGGREGATE,,,,ANC,0,FALSE
data_element,lUwOnw2Oujc, WBP-T% Drop out Rate of ANC1 to ANC 4 +- non aggregate , WBP-T% Drop out ANC1 to ANC 4 +- non aggregate. ,PERCENTAGE,AGGREGATE,,,,ANC,0,FALSE
data_element,YyOipIP7lxq,WBP-T% Elective Surgical case cancellation ratio due to blood unavailability for surgical patients- non aggregate,WBP-T% Elective Surgical cnclltn - non aggregate,PERCENTAGE,AGGREGATE,,,,ANC,96,TRUE
data_element,p68rwtm5SPj, WBP-T% Emergency room attendances with length of stay > 24 hours, T% Emergency room attendances,PERCENTAGE,AGGREGATE,,,,ANC,1896,TRUE
data_element,HrxvRZYeR9S,WBP-T% Immediate Postpartum Contraceptive Acceptance rate (IPPCAR)-aggregated,WBP-T% IPPCAR aggregate,PERCENTAGE,AGGREGATE,,,,ANC,4560,TRUE
data_element,wzYCGUhDCu0,WBP-T% Immediate Postpartum Contraceptive Acceptance rate (IPPCAR)-non aggregated,WBP-T% IPPCAR,PERCENTAGE,AGGREGATE,,,,ANC,3252,TRUE
data_element,ZyXkTA6lFqW,"WBP-T%  of HIV+ Women received ART during ANC, L&D and PNC-aggregate","HIV+ Womn received ART ANC, L&D PNC-aggregate",PERCENTAGE,AGGREGATE,,,,ANC,4236,TRUE
data_element,xMy59cRBH7Y,"WBP-T%  of HIV+ Women received ART during ANC, L&D and PNC-non aggregate","HIV+ Women ART during ANC, L&D PNC-non aggregate",PERCENTAGE,AGGREGATE,,,,ANC,300,TRUE
data_element,a681CeRnRKV,WBP-T # of Long Distance Truck Drivers reached with HIV prevention SBCC Interventions-Aggregated,WBP-T# of drivers workers for SBCC-Aggregated,NUMBER,AGGREGATE,,,,ANC,0,FALSE
data_element,jyIVZDl1a2y,WBP-T # of Long Distance Truck Drivers reached with HIV prevention SBCC Interventions-not Aggregated,WBP-T% of drivers of workers SBCC -not Aggregated,NUMBER,AGGREGATE,,,,ANC,0,FALSE
data_element,it4kYzBg7Br, WBP-T # Outpatient attendance per capita-Aggregated , WBP-T # Outpatient attendance per capita-Agg,NUMBER,AGGREGATE,,,,ANC,0,FALSE
data_element,I2cWnijVWH6,WBP-T Outpatient attendance per capital-aggregate,WBP-T Outpatient attendance per capital-aggregate,PERCENTAGE,AGGREGATE,,,,ANC,2196,TRUE
data_element,nb1nHaxDEyf,WBP-T# Outpatient attendance per capital-aggregate,WBP-T# Outpatient attendance per capital-aggregate,NUMBER,AGGREGATE,,,,ANC,0,FALSE
data_element,ElLBPEzyebU,WBP-T% Outpatient attendance per capital for CBHI beneficiaries-aggregate,OPD attendance per cap-CBHI beneficiar-aggregate,PERCENTAGE,AGGREGATE,,,,ANC,0,FALSE
data_element,gpAs4oJYvWv,WBP-T% Outpatient attendance per capital for CBHI beneficiaries-non aggregate,OPD attendance per cap-CBHI beneficiaries-non ag ,PERCENTAGE,AGGREGATE,,,,ANC,0,FALSE
data_element,eQC8XCp6K42,WBP-T Outpatient attendance per capital-non aggregate,WBP-T Outpatient attendance per capital-non agg,PERCENTAGE,AGGREGATE,,,,ANC,12,TRUE
data_element,mL4CLsSxsfT, WBP-T # Outpatient attendance per capita-non aggregate, WBP-T # Outpatient attendance per capita-NA,NUMBER,AGGREGATE,,,,ANC,0,FALSE
data_element,n0basODoGx1, WBP-T% Percentage of Long Distance Truck Drivers reached with HIV prevention SBCC Interventions-agreggate , WBP-T% drivers in SBCC -aggregate,PERCENTAGE,AGGREGATE,,,,ANC,3768,TRUE
data_element,yxI1ggRMbQy, WBP-T% Percentage of Long Distance Truck Drivers reached with HIV prevention SBCC Interventions-non aggregate, WBP-T% Percentage of Drivers with SBCC,PERCENTAGE,AGGREGATE,,,,ANC,0,FALSE
data_element,uDZYb4uaAl3,WBP-T% Proportion of eligible civil servants covered by social health inurance-Aggregated,WBP-T% civil servants covered by inurance-agg,PERCENTAGE,AGGREGATE,,,,ANC,48,TRUE
data_element,Jwx1pnIf1yK, WBP-T% Proportion of eligible households enrolled in Community Based Health Insurance (CBHI)-aggregate , WBP-T% enrolled in CBHI-aggregate,PERCENTAGE,AGGREGATE,,,,ANC,4200,TRUE
data_element,JopXMVsoZ7a, WBP-T% Proportion of eligible households enrolled in Community Based Health Insurance (CBHI)- non aggregate , WBP-T%  hhs enrolled in CBHI- non aggregate. ,PERCENTAGE,AGGREGATE,,,,ANC,0,FALSE
data_element,gRkuoi2w7KP, WBP-T% Proportion of health facilities conducted Lots quality assurance Sampling (LQAS)- non aggregate , WBP-T% Lots quality assurance Sampling (LQAS). ,PERCENTAGE,AGGREGATE,,,,ANC,0,FALSE
data_element,lv3PWuVsAC5, WBP-T% Proportion of individuals treated for Substance Use and Alcohol -aggregate , WBP-T% treated for Substance Use and Alcohol,PERCENTAGE,AGGREGATE,,,,ANC,4188,TRUE
data_element,WSIl1A9miEt, WBP-T% Proportion of individuals treated for Substance Use and Alcohol  - non aggregate , WBP-T% treated for Substance Use and Alcohol -NA,PERCENTAGE,AGGREGATE,,,,ANC,240,TRUE
data_element,PiZUawvWV4g,WT_DE-HC Good Governance index score,WT_DE-HC Good Governance index score,NUMBER,AGGREGATE,,,,ANC,4320,TRUE
data_element,abGSDkIcBw5,WT_DE-WR Enhanced multi-sectoral engagement score,WT_DE-WR Woreda multi-sectoral engagement score,NUMBER,AGGREGATE,,,,ANC,2247,TRUE
data_element,dIrhjxJ7b9P,WT-HC Health financing,WT-HC Health financing,NUMBER,AGGREGATE,,,,ANC,5406,TRUE
data_element,GWGvUr6ym6y,WT-HC Leadership and governance score,WT-HC Leadership and governance score,NUMBER,AGGREGATE,,,,ANC,5406,TRUE
data_element,IBxcTYOvZJ9,WT-HP Leadership and governance score,WT-HP Leadership and governance score,NUMBER,AGGREGATE,,,,ANC,4665,TRUE
data_element,n3zsrPnTrZ6,WT-PH Health financing,WT-PH Health financing,NUMBER,AGGREGATE,,,,ANC,2577,TRUE
data_element,EwwhfLqPHVa,WT-PH Leadership and governance,WT-PH Leadership and governance,NUMBER,AGGREGATE,,,,ANC,2577,TRUE
data_element,taD3G9YmQcq,WT-WR Health financing,WT-WR Health financing,NUMBER,AGGREGATE,,,,ANC,4944,TRUE
data_element,tUxs6EY9ZAm,WT-WR Leadership and governance score,WT-WR Leadership and governance score,NUMBER,AGGREGATE,,,,ANC,4944,TRUE
data_element,LsmbnKhTmQZ,X60-1913 Poisoning (Intentional self-poisoning by and exposure to other unspecified drugs medicaments biological substances),X60-1913 Poisoning (Intentional self-poisoning by,INTEGER_ZERO_OR_POSITIVE,AGGREGATE,,,,ANC,12329,TRUE
data_element,KdGskA8Fq6A,X85-1914 Assault (Assault by corrosive substance),X85-1914 Assault (Assault by corrosive substance),INTEGER_ZERO_OR_POSITIVE,AGGREGATE,,,,ANC,781,TRUE
data_element,R8fgMDfXpz7,Z00-1945 Examination Encounter (Examination for insurance purposes),Z00-1945 Examination Encounter (Examination for in,INTEGER_ZERO_OR_POSITIVE,AGGREGATE,,,,ANC,551,TRUE
data_element,MVL2NBWtt0C,Z30-1977 Contraceptive Drugs (Surveillance of contraceptive drugs),Z30-1977 Contraceptive Drugs (Surveillance of cont,INTEGER_ZERO_OR_POSITIVE,AGGREGATE,,,,ANC,15,TRUE
data_element,JTm0SnNGjms,Z30-1994 ANC (Supervision of elderly primigravida),Z30-1994 ANC (Supervision of elderly primigravida),INTEGER_ZERO_OR_POSITIVE,AGGREGATE,,,,ANC,38,TRUE
data_element,CW031pk4LXF,Z40-2012 Plastic Surgery (Other plastic surgery for unacceptable cosmetic appearance),Z40-2012 Plastic Surgery (Other plastic surgery fo,INTEGER_ZERO_OR_POSITIVE,AGGREGATE,,,,ANC,106,TRUE
data_element,PlDvSAvvTMz,Z70-2046 Counselling (Drug abuse counselling and surveillance),Z70-2046 Counselling (Drug abuse counselling and s,INTEGER_ZERO_OR_POSITIVE,AGGREGATE,,,,ANC,814,TRUE
data_element,waDC09q1sc0,Z70-2050 reduced mobility (Need for assistance due to reduced mobility),Z70-2050 reduced mobility (Need for assistance due,INTEGER_ZERO_OR_POSITIVE,AGGREGATE,,,,ANC,236,TRUE
data_element,QeGQEqEsQXY,Z70-2051 Encounter For Medical Or Nursing Care Or Supervision (Need for assistance with personal care),Z70-2051 Encounter For Medical Or Nursing Care Or,INTEGER_ZERO_OR_POSITIVE,AGGREGATE,,,,ANC,376,TRUE
data_element,y5CMu8f2dGZ,Z80-2052 Allergy (Personal history of allergy to drugs medicaments and biological substances),Z80-2052 Allergy (Personal history of allergy to d,INTEGER_ZERO_OR_POSITIVE,AGGREGATE,,,,ANC,3598,TRUE
indicator,q7Y6AB89bRA,ACCESS - ANC service availability,ANC service availability,Percent,,,,,ANC,0,derived_indicator_not_queryable
indicator,wWQRndoiEDA,EHCRIGIND1001 - Health center established a structure for performance monitoring and quality improvement,HC established structure for PMQ,Percent,,,,,ANC,0,derived_indicator_not_queryable
indicator,ezmOdMSkylj,EHCRIGIND-CH11 - Quality Governance, Quality Governance,Percent,,,,,ANC,0,derived_indicator_not_queryable
indicator,DLCPPjpEDfJ,EHCRIGIND-CH1 - Governance and Leadership, Governance and Leadership,Percent,,,,,ANC,0,derived_indicator_not_queryable
indicator,OTzi9vLs9rW,FNS_Proprtion of post marketing surveillance conducted on perishable and high risk food,%ofPost marketing surveillance conducted,Percent,,,,,ANC,0,derived_indicator_not_queryable
indicator,FFciQ9IrO0P,"HBP-T% of HIV+ Women received ART during ANC, L&D and PNC-non aggregate","HBP-T% HIV+ Women ART during ANC, L&D PNC-NA",Percent,,,,,ANC,0,derived_indicator_not_queryable
indicator,i7vI6nxh6RP,HBP-T% Proportion of individuals treated for Substance Use and Alcohol - non aggregate,HBP-T% treated for Substance Use and Alcohol -NA,Percent,,,,,ANC,0,derived_indicator_not_queryable
indicator,WDH6FCIDUGi,HCF_Proportion of health insurance fee reimbursed amount,% health insurance from reimbursed amount,Percent,,,,,ANC,0,derived_indicator_not_queryable
indicator,VLEEvR7L4fw,HIV_ Percentage of PLHIV currently on differentiated service Delivery model (DSD) clients on Advanced HIV Disease Care Model,PLHIV on DSD on Advanced HIV Disease Care Model,Percent,,,,,ANC,0,derived_indicator_not_queryable
indicator,YbyJBfbWMJq,HIV_Proportion of HIV positive women (15+) on ART screened for Cervical Cancer,Women 15+ on ART screened for Cervical Ca,Percent,,,,,ANC,0,derived_indicator_not_queryable
indicator,DkUjO3AZBCj,HIV_Proportion of newly started ART at ANC/L&D/ PNC for the first time,%of newly started ART at ANC/L&D/ PNC for 1st time,Percent,,,,,ANC,0,derived_indicator_not_queryable
indicator,VODAlAMDEif,HIV_Treatment of precancerous cervical lesion,HIV_Treatment of precancerous cervical lesion,Number (Factor 1),,,,,ANC,0,derived_indicator_not_queryable
indicator,qZSC89ezoGP,HK_ Elective surgery cancellation rate,Elective surgery cancellation rate,Percent,,,,,ANC,0,derived_indicator_not_queryable
indicator,Jhd3Ceje5ig,HOSP_KPI - Elective Surgical procedure cancellation ratio due to blood unavailability,KPI - Elective Surgical procedures cancellation ,Percent,,,,,ANC,0,derived_indicator_not_queryable
indicator,TcrDfKjIJZl,HSTQIND-DQ4 - Lots Quality Assurance is done regularly,Data Quality Standard 4,Number (Factor 1),,,,,ANC,0,derived_indicator_not_queryable
indicator,ggh6jpRLPEr,"HSTQIND-HC6 - For adults with HIV/AIDS, evidence based PMTCT service is provided in ANC, LandD and postnatal",HIV Care Standard 6,Number (Factor 1),,,,,ANC,0,derived_indicator_not_queryable
indicator,RooWCgd3KX3,HSTQIND-NCD11 - CERVICAL CANCER and BREAST CANCER screening is provided for all women with indications,NCD Standard 11,Number (Factor 1),,,,,ANC,0,derived_indicator_not_queryable
indicator,VW40a4tBekY,"HSTQIND-PS2 - The hospital involves patient, family and community in assurance of patient safety",Patient Safety Standard S2,Number (Factor 1),,,,,ANC,0,derived_indicator_not_queryable
indicator,Bnhsa4Rf5ky,LG_Proportion of hospitals with Good Governance Index (GGI) of >=80%,% of hospitals with GGI of >=80%,Percent,,,,,ANC,0,derived_indicator_not_queryable
indicator,bTOblQ6zuCQ,MAL_Proportion of health facilities covered by external quality assurance (EQA) for malaria diagnosis ,EQA for malaria diagnosis covered ,Percent,,,,,ANC,0,derived_indicator_not_queryable
indicator,vwj0o7OOaTS,MAT_ANC 1st Contacts >12 and <=16 wks Coverage,ANC_1 Coverage >12 and <=16 weeks,Percent,,,,,ANC,0,derived_indicator_not_queryable
indicator,QUt3tt1rLpp,MAT_ANC 1st Contacts above 16 Weeks Coverage,ANC_1 Coverage >=16 weeks,Percent,,,,,ANC,0,derived_indicator_not_queryable
indicator,mLlXCSnhSzq,MAT_ANC 1st Contacts before 12 Weeks Coverage,ANC_1 Coverage <=12 weeks,Percent,,,,,ANC,0,derived_indicator_not_queryable
indicator,kdkf3Zb6VD3,MAT_ANC 4+ Contacts Coverage,ANC 4+ Contacts Coverage,Percent,,,,,ANC,0,derived_indicator_not_queryable
indicator,HC8b6otA0nz,MAT_ANC 8+ Contacts Coverage,ANC 8+ Contact Coverage,Percent,,,,,ANC,0,derived_indicator_not_queryable
indicator,wUrAHDaX3QE,MAT_ANC coverage – First Contact,ANC coverage – First Contact,Percent,,,,,ANC,0,derived_indicator_not_queryable
indicator,VGp83gMzReC,MAT_Contraceptive Acceptance Rate,CAR,Percent,,,,,ANC,0,derived_indicator_not_queryable
indicator,ge5jwBSmmvb,MAT_ Drop out Rate of ANC1 to ANC 4 +,ANC1 to ANC 4 Drop Out,Percent,,,,,ANC,0,derived_indicator_not_queryable
indicator,ZaV7tyCsi1G,MAT_Immediate Postpartum Contraceptive Acceptance rate (IPPCAR),IPPCAR,Percent,,,,,ANC,0,derived_indicator_not_queryable
indicator,IonfBkGRK1w,MH_Number of individuals treated for Substance Use and Alcohol,Number of individuals treated for Substance Use,Number (Factor 1),,,,,ANC,0,derived_indicator_not_queryable
indicator,ReRGBHE0MXu,MH_Proportion of individuals treated for Substance Use and Alcohol,% individuals treated for Substance Use,Percent,,,,,ANC,0,derived_indicator_not_queryable
indicator,vN0R3Zf5XxR,MS_Ambulance service response rate,Ambulance service response rate,Percent,,,,,ANC,0,derived_indicator_not_queryable
indicator,aarZ7SyON3t,MS_Ambulance service utilization for emergency referral service,Ambulance service utilization for referral service,Percent,,,,,ANC,0,derived_indicator_not_queryable
indicator,WB9RjruQ4Xp,MS_Bed Occupancy Rate,Bed Occupancy Rate,Percent,,,,,ANC,0,derived_indicator_not_queryable
indicator,wCz8HOsEO1n,MS_Emergency room attendances with length of stay > 24 hours,Emergency  attendances with LOS > 24 hours,Percent,,,,,ANC,0,derived_indicator_not_queryable
indicator,TBAxe5hsc55, MS_Outpatient attendance per capita,OPD attendance per cap,Number (Factor 1),,,,,ANC,0,derived_indicator_not_queryable
indicator,V6BzEMMJ2uG,"MTCT_ HIV+ Women received ART  during ANC, L&D and PNC",HIV+ Women received ART,Number (Factor 1),,,,,ANC,0,derived_indicator_not_queryable
indicator,cQneiMLJbiS,"MTCT_ % of HIV+ Women received ART  during ANC, L&D and PNC",% of HIV+ Women received ART,Percent,,,,,ANC,0,derived_indicator_not_queryable
indicator,gZcRXUsm8u6,MTCT_Proportion of Linked from ART to ANC,Proportion of Linked from ART to ANC,Percent,,,,,ANC,0,derived_indicator_not_queryable
indicator,Gw8e9zDJRNY,PHC-T Leadership and governance self,PHC-T Leadership and governance,Number (Factor 1),,,,,ANC,0,derived_indicator_not_queryable
indicator,N5rYVUMlJ7y,Proportion of health insurance beneficiaries that visited HF in the reporting period,Proportion of HI beneficiaries that visited HF,Percent,,,,,ANC,0,derived_indicator_not_queryable
indicator,H8rEfIbmanM,Sex ratio of opd attendance per capita,Sex ratio of opd attendance per capita,Number (Factor 1),,,,,ANC,0,derived_indicator_not_queryable
indicator,qVVgb9d17xs,WBP-B# Ambulance service response rate,Ambulance service response rate,Number (Factor 1),,,,,ANC,0,derived_indicator_not_queryable
indicator,TpXg59KeMlj,WBP-B% Ambulance service response rate,Ambulance service response rate,Number (Factor 1),,,,,ANC,0,derived_indicator_not_queryable
indicator,OPmTfcNYMxE,WBP-B# ANC 1st Contacts before 12 Weeks Coverage,WBP-B# ANC_1 Coverage <=12 weeks,Number (Factor 1),,,,,ANC,0,derived_indicator_not_queryable
indicator,HgfC2vTlblw,WBP-B% ANC 1st Contacts before 12 Weeks Coverage,WBP-B% ANC_1 Coverage <=12 weeks,Number (Factor 1),,,,,ANC,0,derived_indicator_not_queryable
indicator,IbqArt1QzjM,WBP-B# ANC 4+ Contacts Coverage,WBP-B# ANC 4+ Contacts Coverage,Number (Factor 1),,,,,ANC,0,derived_indicator_not_queryable
indicator,megcqdyNk9c,WBP-B% ANC 4+ Contacts Coverage,WBP-B% ANC 4+ Contacts Coverage,Number (Factor 1),,,,,ANC,0,derived_indicator_not_queryable
indicator,CiyyE6Z96Xq,WBP-B# ANC 8+ Contacts Coverage,WBP-B# ANC 8+ Contact Coverage,Number (Factor 1),,,,,ANC,0,derived_indicator_not_queryable
indicator,eUcUHsptHN3,WBP-B% ANC 8+ Contacts Coverage,WBP-B% ANC 8+ Contact Coverage,Number (Factor 1),,,,,ANC,0,derived_indicator_not_queryable
indicator,kI7MJJKkEqe,WBP-B % Bed Occupancy Rate,WBP-B % Bed Occupancy Rate,Number (Factor 1),,,,,ANC,0,derived_indicator_not_queryable
indicator,EfREO7uTvp8,WBP-B# Contraceptive acceptance rate,WBP-B# Contraceptive acceptance rate,Number (Factor 1),,,,,ANC,0,derived_indicator_not_queryable
indicator,kXRAOrF8TmW,WBP-B% Contraceptive acceptance rate,WBP-B% Contraceptive acceptance rate,Number (Factor 1),,,,,ANC,0,derived_indicator_not_queryable
indicator,i0c6aJhgdNd,WBP-B%  Drop out Rate of ANC1 to ANC 4 +,WBP-B% ANC1 to ANC 4 Drop Out,Number (Factor 1),,,,,ANC,0,derived_indicator_not_queryable
indicator,yytyrnbEUaw,WBP-B# Elective Surgical case cancellation ratio due to blood unavailability for surgical patients,Elective Surgical  blood  for surgical patients,Number (Factor 1),,,,,ANC,0,derived_indicator_not_queryable
indicator,Iv3stTgXwcv,WBP-B% Elective Surgical case cancellation ratio due to blood unavailability for surgical patients,WBP-B% Elective Surgical case blood unavailability,Number (Factor 1),,,,,ANC,0,derived_indicator_not_queryable
indicator,TsLVXTRv8g9, WBP-B# - Emergency room attendances with length of stay > 24 hours, WBP-B% Emergency attendances length of stay > 24,Number (Factor 1),,,,,ANC,0,derived_indicator_not_queryable
indicator,v23rIG93hNN, WBP-B% - Emergency room attendances with length of stay > 24 hours, WBP-B% Emergency attendances length of stay > 24,Number (Factor 1),,,,,ANC,0,derived_indicator_not_queryable
indicator,VOjftUqJWMv,WBP-B# Hosp_KPI - Total number of major elective surgical  procedures canceled or referred out due to lack of blood,WBP-B# MES canceled due to lack of blood,Number (Factor 1),,,,,ANC,0,derived_indicator_not_queryable
indicator,yOvy5Vf9BTo,WBP-B# Hosp_KPI - Total number of major elective surgical  procedures canceled or referred out due to lack of blood  ,major elective canceled due to lack of blood  ,Number (Factor 1),,,,,ANC,0,derived_indicator_not_queryable
indicator,yyWwtaaAkS2,WBP-B# Immediate Postpartum Contraceptive Acceptance rate (IPPCAR),WBP-B# IPPCAR,Number (Factor 1),,,,,ANC,0,derived_indicator_not_queryable
indicator,u5pqEBpj84u,WBP-B% Immediate Postpartum Contraceptive Acceptance rate (IPPCAR),WBP-B% IPPCAR,Number (Factor 1),,,,,ANC,0,derived_indicator_not_queryable
indicator,zt7mbf5qLif,"WBP-B#  of HIV+ Women received ART  during ANC, L&D and PNC",WBP-B#  of HIV+ Women received ART,Number (Factor 1),,,,,ANC,0,derived_indicator_not_queryable
indicator,M34VVNabZrV,WBP-B # of individuals treated for Substance Use and Alcohol,Number of individuals treated for Substance Use,Number (Factor 1),,,,,ANC,0,derived_indicator_not_queryable
indicator,dn4gOgU7tfs,WBP-B % of individuals treated for Substance Use and Alcohol,% individuals treated for Substance Use,Number (Factor 1),,,,,ANC,0,derived_indicator_not_queryable
indicator,LJz7OjLzOvV,WBP-B% outpatient attendance per capital,OPD attendance per cap,Number (Factor 1),,,,,ANC,0,derived_indicator_not_queryable
indicator,Lm5B9VuYMaW,WBP-B# Outpatient attendance per capital ,WBP OPD attendance per cap,Number (Factor 1),,,,,ANC,0,derived_indicator_not_queryable
indicator,qGia6VfzC2B, WBP-B% Proportion of eligible households enrolled in Community Based Health Insurance (CBHI),Proportion of eligible HHs enrolled in CBHI,Number (Factor 1),,,,,ANC,0,derived_indicator_not_queryable
indicator,LYaiFteVyuo,WBP-B# Proportion of eligible households enrolled in Community Based Health Insurance (CBHI),WBP-B# eligible HHs enrolled in CBHI,Number (Factor 1),,,,,ANC,0,derived_indicator_not_queryable
indicator,CMU1dFvOv0v,WBP-B# Proportion of HIV positive women (15+) on ART screened for Cervical Cancer,WBP-B# Women 15+ on ART screened for Cervical Ca,Number (Factor 1),,,,,ANC,0,derived_indicator_not_queryable
indicator,wkzpNi8CA0b,WBP-B% Proportion of HIV positive women (15+) on ART screened for Cervical Cancer,WBP-B% Women 15+ on ART screened for Cervical Ca,Number (Factor 1),,,,,ANC,0,derived_indicator_not_queryable
indicator,yLPmWCoIlcm,WBP-El  Contraceptive acceptance rate,WBP-El Contraceptive acceptance rate,Number (Factor 1),,,,,ANC,0,derived_indicator_not_queryable
indicator,VDliwkwrh9S,WBP-El # Immediate postpartum contraceptive acceptance rate (IPPCAR),WBP-El # IPPCAR,Number (Factor 1),,,,,ANC,0,derived_indicator_not_queryable
indicator,sfP2on2dOcg,WBP-El Number of women 30 - 49 years with identified pre-cancerous cervical lesion,WBP-El Number of women 30 - 49 years with identifi,Number (Factor 1),,,,,ANC,0,derived_indicator_not_queryable
indicator,E8QVEcBMVhL,WBP-El Prevallence of Sever subtance use disorders( alcohol),WBP-El Prevallence of Sever subtance use disorders,Number (Factor 1),,,,,ANC,0,derived_indicator_not_queryable
indicator,NzCSRQFiea0,WBP-El Substance use disorder (Chat),WBP-El Substance use disorder (Chat),Number (Factor 1),,,,,ANC,0,derived_indicator_not_queryable
indicator,zDaGfd6pYtL,WBP-El Substance use disorder (other),WBP-El Substance use disorder (other),Number (Factor 1),,,,,ANC,0,derived_indicator_not_queryable
indicator,xm0QAI8Q3Ev,WBP-El Substance use disorder (tobacco),WBP-El Substance use disorder (tobacco),Number (Factor 1),,,,,ANC,0,derived_indicator_not_queryable
indicator,HjA5sHGgCLO,WBP-T# ANC 1st Contacts before 12 Weeks Coverage,WBP-T# ANC_1 Coverage <=12 weeks,Number (Factor 1),,,,,ANC,0,derived_indicator_not_queryable
indicator,x9IAKLv8Ruc,WBP-T# ANC 4+ Contacts Coverage,WBP-T# ANC 4+ Contacts Coverage,Number (Factor 1),,,,,ANC,0,derived_indicator_not_queryable
indicator,jMBxHnJJliZ,WBP-T# ANC 8+ Contacts Coverage,WBP-T# ANC 8+ Contacts Coverage,Number (Factor 1),,,,,ANC,0,derived_indicator_not_queryable
indicator,MwnVNbbbbJP,WBP-T# Contraceptive acceptance rate,WBP-T# Contraceptive acceptance rate,Number (Factor 1),,,,,ANC,0,derived_indicator_not_queryable
indicator,ab4Mpb7Y08a,WBP-T# Immediate Postpartum Contraceptive Acceptance rate (IPPCAR),WBP-T# IPPCAR-aggre,Number (Factor 1),,,,,ANC,0,derived_indicator_not_queryable
indicator,qsoshbbKpaJ,WBP-T #  of Long Distance Truck Drivers reached with HIV prevention SBCC Interventions,WBP-T # of Drivers  reached for SBCC,Number (Factor 1),,,,,ANC,0,derived_indicator_not_queryable
indicator,wCw3Uey1uQm,WBP-T# Proportion of eligible households enrolled in Community Based Health Insurance (CBHI),WBP-T# hh enrolled in CBHI,Number (Factor 1),,,,,ANC,0,derived_indicator_not_queryable
indicator,NmsSTWgKTIV,WBP-T #  Proportion of eligible population who received care for sever substance use disorders (Alcohol),WBP-T # of treated for Substances and Alcohol,Number (Factor 1),,,,,ANC,0,derived_indicator_not_queryable
indicator,byjiZicxWDS,WT-Composite Health financing,WT-Composite Health financing,Number (Factor 1),,,,,ANC,0,derived_indicator_not_queryable
indicator,C3wg0qG6GWM,WT-Composite Leadership and governance score,WT-Composite Leadership and governance score,Number (Factor 1),,,,,ANC,0,derived_indicator_not_queryable
indicator,ATDMgjqJpxu,WT_Drop-out rate from ANC1 to Delivery,WT_Drop-out rate from ANC1 to Delivery,Percent,,,,,ANC,0,derived_indicator_not_queryable
indicator,mlnLezpooJ0,WT_HC_Good governance index score(2),WT_HC_Good governance index score(2),Number (Factor 1),,,,,ANC,0,derived_indicator_not_queryable
indicator,UPYT8T43N2l,WT_HC_Leadership/Governance Score(20%),WT_HC_Leadership/Governance Score(20%),Number (Factor 1),,,,,ANC,0,derived_indicator_not_queryable
indicator,mUMbBShUV02,WT_HC_MAT_ANC 1st Contacts before 12 Weeks Coverage(2),WT_HC_MAT_ANC 1st Contacts before 12 Weeks (2),Number (Factor 1),,,,,ANC,0,derived_indicator_not_queryable
indicator,PeEIDVSM5cT,WT_HC_MAT_ANC 8+ Contacts Coverage(1),WT_HC_MAT_ANC 8+ Contacts Coverage(1),Number (Factor 1),,,,,ANC,0,derived_indicator_not_queryable
indicator,tQyOXRbTE7O,WT_HC_MAT_Contraceptive Acceptance Rate(1),WT_HC_MAT_Contraceptive Acceptance Rate(1),Number (Factor 1),,,,,ANC,0,derived_indicator_not_queryable
indicator,mnZ8AftwpTE,WT_HC_MS_Outpatient attendance per capita(2),WT_HC_MS_Outpatient attendance per capita(2),Number (Factor 1),,,,,ANC,0,derived_indicator_not_queryable
indicator,t9h3cGu6JwA,WT_HP_Leadership/Governance score(30%),WT_HP_Leadership/Governance score(30%),Number (Factor 1),,,,,ANC,0,derived_indicator_not_queryable
indicator,AynnRbI0IAA,WT_HP_Outpatient attendance per capita(6%),opd,Number (Factor 1),,,,,ANC,0,derived_indicator_not_queryable
indicator,eOLVAu4LYWh,WT_woreda_Enhanced multi-sectoral engagement score(8),WT_woreda_Enhanced multi-sectoral engagement score,Number (Factor 1),,,,,ANC,0,derived_indicator_not_queryable
indicator,CKjg1rqYRkd,WT_woreda_Leadership/Governance Score (40),WT_woreda_Leadership/Governance Score (40),Number (Factor 1),,,,,ANC,0,derived_indicator_not_queryable
indicator,hjGr2GW47xs,WT_woreda_MS_Outpatient attendance per capita(20),WT_woreda_MS_Outpatient attendance per capita(20),Number (Factor 1),,,,,ANC,0,derived_indicator_not_queryable
data_element,qfVa4BLIip8,COM_RMNCH - Postnatal care services provided,COM_Early PNC services provided,BOOLEAN,AGGREGATE,,,,postnatal,0,FALSE
data_element,BKBeEz0HT9d,EHCRIG0406 - The Health Centre shall provide comprehensive postnatal care in the facility as per national standards.,HC provide comprehensive postnatal care,BOOLEAN,AGGREGATE,,,,postnatal,0,FALSE
data_element,KkMSnHrl9yp,EHSTGDE0806 - The hospital should provide comprehensive postnatal care in the facility as per national standards,Hospital provides comprehensive postnatal care,BOOLEAN,AGGREGATE,,,,postnatal,0,FALSE
data_element,bSGjEcAXYyW,RMNCH - Postnatal care services provided,Early PNC services provided,BOOLEAN,AGGREGATE,,,,postnatal,4876,TRUE
indicator,thTYD3LVtgq,"HSTQIND-MH3 - Every woman and newborn receives evidence-based routine care and management of complications during labor, childbirth and the early postnatal period according to National guidelines.",Maternal Health Standard 3,Number (Factor 1),,,,,postnatal,0,derived_indicator_not_queryable
indicator,IGTvTmUZMbV,MAT_Number of Postnatal visits for 0-2 days,Number of Postnatal visits for 0-2 days,Number (Factor 1),,,,,postnatal,0,derived_indicator_not_queryable
data_element,lDa3SlEIWf1,MAT_PNC Within 7 Days Of Delivery,PNC Within 7 Days Of Delivery,INTEGER_ZERO_OR_POSITIVE,AGGREGATE,,,,PNC,59328,TRUE
data_element,GFOhNASU6hH,MTCT_HIV+ Lactating on ART during PNC - 1st Time,HIV+ Lactating on ART during PNC - 1st Time,INTEGER_ZERO_OR_POSITIVE,AGGREGATE,,,,PNC,12094,TRUE
data_element,f1MPyvj5C0E,MTCT_HIV Test Result during PNC,HIV Test Result during PNC,INTEGER_ZERO_OR_POSITIVE,AGGREGATE,,,,PNC,12469,TRUE
data_element,MgvSfM1fJev,WBP-T% Early PNC Coverage- aggregate ,Early PNC Coverage- aggregate ,PERCENTAGE,AGGREGATE,,,,PNC,4464,TRUE
data_element,KkfpZAHO3MY,WBP-T% Early PNC Coverage- non aggregate ,Early PNC Coverage- non aggregate ,PERCENTAGE,AGGREGATE,,,,PNC,12,TRUE
indicator,Oy1ujG7CiEx,ACCESS - PNC service availability,PNC service availability,Percent,,,,,PNC,0,derived_indicator_not_queryable
indicator,EmPOBxh5K5S,MAT_Early PNC Coverage,PNC Coverage,Percent,,,,,PNC,0,derived_indicator_not_queryable
indicator,kiWHNOMaX8W,MAT_Early PNC Coverage (0-2 days),PNC Coverage (0-2 days),Percent,,,,,PNC,0,derived_indicator_not_queryable
indicator,qVuwmOehUwg,MAT_Early PNC Coverage  (2-3 days),PNC Coverage  (2-3 days),Percent,,,,,PNC,0,derived_indicator_not_queryable
indicator,pz1GAp7xV2I,MAT_Early PNC Coverage  (4-7 days),PNC Coverage  (4-7 days),Percent,,,,,PNC,0,derived_indicator_not_queryable
indicator,JmO71ua3N07,WBP-B%Early PNC Coverage witin 2 days,WBP-B%PNC Coverage,Number (Factor 1),,,,,PNC,0,derived_indicator_not_queryable
indicator,eZF4YLkG6Br,WBP-B# Early PNC  numbers (0-2 days) of delivery,WBP-B# PNC Coverage,Number (Factor 1),,,,,PNC,0,derived_indicator_not_queryable
indicator,ANQeZWLHxCG,WBP-T# Early PNC Coverage,WBP-T# Early PNC Coverage,Number (Factor 1),,,,,PNC,0,derived_indicator_not_queryable
indicator,bLwq9OKDzdz,WT_HC_MAT_Early PNC Coverage(2),WT_HC_MAT_Early PNC Coverage(2),Number (Factor 1),,,,,PNC,0,derived_indicator_not_queryable
data_element,FrUIorEKxFV,COM_HEP_Is the Kebele declared home delivery free for last three months?,COM_Kebeles declared home delivery free,BOOLEAN,AGGREGATE,,,,delivery,5766,TRUE
data_element,rO1a3RQ11Du,EHCRIG0106 - The health centre management committee has been established and functioned as per the respective regional health service delivery and administration legal framework.,HC establish management committee,BOOLEAN,AGGREGATE,,,,delivery,0,FALSE
data_element,HVCZnOnV90e,EHSTGDE0101 - The hospital has a functional governing board with a representative sample of community members that meets regularly to oversee the service delivery of the hospital,Hospital has a board with community members,BOOLEAN,AGGREGATE,,,,delivery,0,FALSE
data_element,riFlus4EKgY,"EHSTGDE1105 - The hospital has and implements written policies, procedures, protocols and guidelines for the delivery of all radiological services, interpretations and timely reporting of results for all patients","Hospital implements written policies, procedures",BOOLEAN,AGGREGATE,,,,delivery,0,FALSE
data_element,bIdRMnCUC6o,"EHSTGDE1905 - Procedures are established to assess and minimize risk arising from the provision and delivery of health care A system is also in place for reporting and analyzing incidents, errors and near misses",Procedures are est to assess and minimize risk,BOOLEAN,AGGREGATE,,,,delivery,0,FALSE
data_element,bWoIqQpXK3d,EHSTGDE1909 - The hospital implements a strategy for the involvement of patients and the public in service design and delivery including procedures to be followed when engaging with patients and the public,Hospital implements strategy patient involvement,BOOLEAN,AGGREGATE,,,,delivery,0,FALSE
data_element,jMbPh9UGbFp,"EHSTGDE1910 - The hospital develops and implements a strategy to provide patient focused care which incorporates compassion, respect and dignity for patients, effective communication, and better hotel services in care delivery",Hospital implements strategy provide focused care,BOOLEAN,AGGREGATE,,,,delivery,0,FALSE
data_element,XpqxTfhsVWL,ESV-ICD11 JB00 - Preterm labour or delivery,ESV-ICD11 - JB00,INTEGER_ZERO_OR_POSITIVE,AGGREGATE,,,,delivery,3123,TRUE
data_element,PG2RQZtyZv9,ESV-ICD11 JB07 - Labour or delivery complicated by fetal distress,ESV-ICD11 - JB07,INTEGER_ZERO_OR_POSITIVE,AGGREGATE,,,,delivery,3368,TRUE
data_element,LGNOxm3PPDs,ESV-ICD11 JB08 - Labour or delivery complicated by umbilical cord complications,ESV-ICD11 - JB08,INTEGER_ZERO_OR_POSITIVE,AGGREGATE,,,,delivery,1027,TRUE
data_element,LR9gnhVtrrh,ESV-ICD11 JB09 - Perineal laceration during delivery,ESV-ICD11 - JB09,INTEGER_ZERO_OR_POSITIVE,AGGREGATE,,,,delivery,855,TRUE
data_element,ytMEXvLPInL,ESV-ICD11 JB0Y - Other specified complications of labour or delivery,ESV-ICD11 - JB0Y,INTEGER_ZERO_OR_POSITIVE,AGGREGATE,,,,delivery,979,TRUE
data_element,vGY6wz4gDow,ESV-ICD11 JB20 - Single spontaneous delivery,ESV-ICD11 - JB20,INTEGER_ZERO_OR_POSITIVE,AGGREGATE,,,,delivery,3430,TRUE
data_element,wzoWbYM97ir,ESV-ICD11 JB21 - Single delivery by forceps or vacuum extractor,ESV-ICD11 - JB21,INTEGER_ZERO_OR_POSITIVE,AGGREGATE,,,,delivery,1325,TRUE
data_element,CyPCPZh4UmV,ESV-ICD11 JB22 - Single delivery by caesarean section,ESV-ICD11 - JB22,INTEGER_ZERO_OR_POSITIVE,AGGREGATE,,,,delivery,8687,TRUE
data_element,EUasKk22Y4M,ESV-ICD11 JB23 - Other assisted single delivery,ESV-ICD11 - JB23,INTEGER_ZERO_OR_POSITIVE,AGGREGATE,,,,delivery,657,TRUE
data_element,TutdfewtOeD,ESV-ICD11 JB24 - Multiple delivery,ESV-ICD11 - JB24,INTEGER_ZERO_OR_POSITIVE,AGGREGATE,,,,delivery,445,TRUE
data_element,WnruSpOIBXz,"ESV-ICD11 JB24.Z - Multiple delivery, unspecified",ESV-ICD11 - JB24.Z,INTEGER_ZERO_OR_POSITIVE,AGGREGATE,,,,delivery,480,TRUE
data_element,cy14rgO25gQ,"ESV-ICD11 JB2Z - Delivery, unspecified",ESV-ICD11 - JB2Z,INTEGER_ZERO_OR_POSITIVE,AGGREGATE,,,,delivery,934,TRUE
data_element,NTxvLq5w3Zy,ESV-ICD11 KA05 - Fetus or newborn affected by certain complications of labour or delivery,ESV-ICD11 - KA05,INTEGER_ZERO_OR_POSITIVE,AGGREGATE,,,,delivery,85,TRUE
data_element,gSgrmFSIQGi,ESV-ICD11 QA46 - Outcome of delivery,ESV-ICD11 - QA46,INTEGER_ZERO_OR_POSITIVE,AGGREGATE,,,,delivery,127,TRUE
data_element,wHk2W7VTW17,HBP-El Estimated number of Newborn weighing <2000gm and premature delivery,WBP-El Estimated number of Newborn weighing <2000g,NUMBER,AGGREGATE,,,,delivery,0,FALSE
data_element,cT6fmUyO7vx,HEP_Is the Kebele declared home delivery free for last three months?,Kebeles declared home delivery free,BOOLEAN,AGGREGATE,,,,delivery,8785,TRUE
data_element,ESVidK0s6Ux,HIV_PLHIV currently on differentiated service delivery model (DSD) and 3MMD,Clients on 3MMD,INTEGER_ZERO_OR_POSITIVE,AGGREGATE,,,,delivery,129093,TRUE
data_element,vvP8Zo0k4KA,HIV_PLHIV currently on differentiated service Delivery model (DSD) and ASM(6MMD),Clients on ASM(6MMD),INTEGER_ZERO_OR_POSITIVE,AGGREGATE,,,,delivery,64823,TRUE
data_element,crSbUR0ryZw,HIV_PLHIV currently on differentiated service Delivery model (DSD) and on CAG,Clients on CAG,INTEGER_ZERO_OR_POSITIVE,AGGREGATE,,,,delivery,64147,TRUE
data_element,IhKIoVUqvXA,HIV_PLHIV currently on differentiated service Delivery model (DSD) and on FTAR,Clients on FTAR,INTEGER_ZERO_OR_POSITIVE,AGGREGATE,,,,delivery,64210,TRUE
data_element,HFNvBhFrciF,HIV_PLHIV currently on differentiated service Delivery model (DSD) and on PCAD,Clients on PCAD,INTEGER_ZERO_OR_POSITIVE,AGGREGATE,,,,delivery,64139,TRUE
data_element,OmEAbHbPhXD,MAT_Uterotonics within 1st Minute of Delivery,Uterotonics within 1st Minute of Delivery,INTEGER_ZERO_OR_POSITIVE,AGGREGATE,,,,delivery,36108,TRUE
data_element,FDTfcU6kqcY,O60-1311 Preterm (Preterm labour and delivery),O60-1311 Preterm (Preterm labour and delivery),INTEGER_ZERO_OR_POSITIVE,AGGREGATE,,,,delivery,1371,TRUE
data_element,Z2m2S3BudXO,O60-1312 Preterm labour without delivery,O60-1312 Preterm labour without delivery,INTEGER_ZERO_OR_POSITIVE,AGGREGATE,,,,delivery,363,TRUE
data_element,nTcGKhY2Ox7,O60-1313 Preterm spontaneous labour with preterm delivery,O60-1313 Preterm spontaneous labour with preterm d,INTEGER_ZERO_OR_POSITIVE,AGGREGATE,,,,delivery,189,TRUE
data_element,tzsHBWmdrbH,O60-1314 Term (Preterm spontaneous labour with term delivery),O60-1314 Term (Preterm spontaneous labour with ter,INTEGER_ZERO_OR_POSITIVE,AGGREGATE,,,,delivery,805,TRUE
data_element,fxQRRDL6djY,O60-1315 Preterm delivery without spontaneous labour,O60-1315 Preterm delivery without spontaneous labo,INTEGER_ZERO_OR_POSITIVE,AGGREGATE,,,,delivery,114,TRUE
data_element,YnuX0BUaWBw,O60-1335 Labor And Delivery (Obstructed labour due to generally contracted pelvis),O60-1335 Labor And Delivery (Obstructed labour due,INTEGER_ZERO_OR_POSITIVE,AGGREGATE,,,,delivery,206,TRUE
data_element,KV4C98LT9iZ,O60-1338 Labor And Delivery (other obstructed labour),O60-1338 Labor And Delivery (other obstructed labo,INTEGER_ZERO_OR_POSITIVE,AGGREGATE,,,,delivery,379,TRUE
data_element,LnKsjab9Le4,O60-1344 Labour and delivery complicated by intrapartum haemorrhage not elsewhere classified,O60-1344 Labour and delivery complicated by intrap,INTEGER_ZERO_OR_POSITIVE,AGGREGATE,,,,delivery,104,TRUE
data_element,VT49tM7NMm0,O60-1346 Fetal distress (Labour and delivery complicated by fetal stress [distress]),O60-1346 Fetal distress (Labour and delivery compl,INTEGER_ZERO_OR_POSITIVE,AGGREGATE,,,,delivery,1225,TRUE
data_element,GYEijgLVhoJ,O60-1347 fetal heart rate (Labour and delivery complicated by fetal heart rate anomaly),O60-1347 fetal heart rate (Labour and delivery com,INTEGER_ZERO_OR_POSITIVE,AGGREGATE,,,,delivery,481,TRUE
data_element,Z37i0wwAvjH,O60-1348 Labor And Delivery (Labour and delivery complicated by meconium in amniotic fluid),O60-1348 Labor And Delivery (Labour and delivery c,INTEGER_ZERO_OR_POSITIVE,AGGREGATE,,,,delivery,364,TRUE
data_element,Yrg9lkVjxHI,O60-1349 Labor And Delivery (complicated by fetal heart rate anomaly with meconium in amniotic fluid),O60-1349 Labor And Delivery (complicated by fetal,INTEGER_ZERO_OR_POSITIVE,AGGREGATE,,,,delivery,272,TRUE
data_element,oWfk8oX2GbX,O60-1350 Labor And Delivery (complicated by other evidence of fetal stress),O60-1350 Labor And Delivery (complicated by other,INTEGER_ZERO_OR_POSITIVE,AGGREGATE,,,,delivery,13,TRUE
data_element,QWIgNfYVMlw,O60-1351 Labor And Delivery (Labour and delivery complicated by fetal stress unspecified),O60-1351 Labor And Delivery (Labour and delivery c,INTEGER_ZERO_OR_POSITIVE,AGGREGATE,,,,delivery,172,TRUE
data_element,PVc3SBiHGck,O60-1352 Labor And Delivery (Labour and delivery complicated by umbilical cord complications),O60-1352 Labor And Delivery (Labour and delivery c,INTEGER_ZERO_OR_POSITIVE,AGGREGATE,,,,delivery,88,TRUE
data_element,aKcR4pbtypU,O60-1353 cord prolapse (Labour and delivery complicated by prolapse of cord),O60-1353 cord prolapse (Labour and delivery compli,INTEGER_ZERO_OR_POSITIVE,AGGREGATE,,,,delivery,701,TRUE
data_element,vGH6gMRZ13S,O60-1354 Perineal laceration during delivery,O60-1354 Perineal laceration during delivery,INTEGER_ZERO_OR_POSITIVE,AGGREGATE,,,,delivery,425,TRUE
data_element,k2QDU8bsZ9B,O60-1365 Complications of anaesthesia during labour and delivery,O60-1365 Complications of anaesthesia during labou,INTEGER_ZERO_OR_POSITIVE,AGGREGATE,,,,delivery,18,TRUE
data_element,yUtNYr15R8f,O60-1366 Labor And Delivery (other complications of spinal and epidural anaesthesia during labour and delivery),O60-1366 Labor And Delivery (other complications o,INTEGER_ZERO_OR_POSITIVE,AGGREGATE,,,,delivery,29,TRUE
data_element,NgRvviRAUDt,O60-1367 Labor And Delivery (Failed or difficult intubation during labour and delivery),O60-1367 Labor And Delivery (Failed or difficult i,INTEGER_ZERO_OR_POSITIVE,AGGREGATE,,,,delivery,22,TRUE
data_element,xqv4E1ZUICP,O60-1368 Labor And Delivery (Other complications of labour and delivery not elsewhere classified),O60-1368 Labor And Delivery (Other complications o,INTEGER_ZERO_OR_POSITIVE,AGGREGATE,,,,delivery,109,TRUE
data_element,GHQ1vAgTXqE,O60-1370 Shock during or following labour and delivery,O60-1370 Shock during or following labour and deli,INTEGER_ZERO_OR_POSITIVE,AGGREGATE,,,,delivery,57,TRUE
data_element,KvZy6CS1MNe,O60-1372 Labor And Delivery (Other infection during labour),O60-1372 Labor And Delivery (Other infection durin,INTEGER_ZERO_OR_POSITIVE,AGGREGATE,,,,delivery,77,TRUE
data_element,o95NcYX0Y8M,O60-1374 Vaginal delivery following previous caesarean section,O60-1374 Vaginal delivery following previous caesa,INTEGER_ZERO_OR_POSITIVE,AGGREGATE,,,,delivery,1451,TRUE
data_element,aLTaerrLuNl,O60-1375 Labour & Delivery (Other specified complications of labour and delivery),O60-1375 Labour & Delivery (Other specified compli,INTEGER_ZERO_OR_POSITIVE,AGGREGATE,,,,delivery,102,TRUE
data_element,XGH3y61beUC,O60-1376 Complication (Complication of labour and delivery unspecified),O60-1376 Complication (Complication of labour and,INTEGER_ZERO_OR_POSITIVE,AGGREGATE,,,,delivery,76,TRUE
data_element,pn909WJeNi7,O80-1377 Single spontaneous delivery,O80-1377 Single spontaneous delivery,INTEGER_ZERO_OR_POSITIVE,AGGREGATE,,,,delivery,1215,TRUE
data_element,WrZT1dvHFLW,O80-1378 Spontaneous vertex delivery,O80-1378 Spontaneous vertex delivery,INTEGER_ZERO_OR_POSITIVE,AGGREGATE,,,,delivery,555,TRUE
data_element,NVLiesWcCxf,O80-1379 Spontaneous breech delivery,O80-1379 Spontaneous breech delivery,INTEGER_ZERO_OR_POSITIVE,AGGREGATE,,,,delivery,389,TRUE
data_element,AnQzygmAN16,O80-1380 Single spontaneous delivery unspecified,O80-1380 Single spontaneous delivery unspecified,INTEGER_ZERO_OR_POSITIVE,AGGREGATE,,,,delivery,297,TRUE
data_element,gIBdAYLZARg,O80-1381 Single delivery by forceps and vacuum extractor,O80-1381 Single delivery by forceps and vacuum ext,INTEGER_ZERO_OR_POSITIVE,AGGREGATE,,,,delivery,564,TRUE
data_element,foBxbwsYdy3,O80-1382 Delivery by combination of forceps and vacuum extractor,O80-1382 Delivery by combination of forceps and va,INTEGER_ZERO_OR_POSITIVE,AGGREGATE,,,,delivery,204,TRUE
data_element,Uder1zOCGgV,O80-1383 Single delivery by caesarean section,O80-1383 Single delivery by caesarean section,INTEGER_ZERO_OR_POSITIVE,AGGREGATE,,,,delivery,1031,TRUE
data_element,YtxX5nCWhbG,O80-1384 Delivery by elective caesarean section,O80-1384 Delivery by elective caesarean section,INTEGER_ZERO_OR_POSITIVE,AGGREGATE,,,,delivery,1788,TRUE
data_element,rU9Hn8vUDwc,O80-1385 Delivery by emergency caesarean section,O80-1385 Delivery by emergency caesarean section,INTEGER_ZERO_OR_POSITIVE,AGGREGATE,,,,delivery,2770,TRUE
data_element,giOIeJHmr0p,O80-1386 Delivery by caesarean section unspecified,O80-1386 Delivery by caesarean section unspecified,INTEGER_ZERO_OR_POSITIVE,AGGREGATE,,,,delivery,2167,TRUE
data_element,CQeXHWazWBa,O80-1387 Other assisted single delivery,O80-1387 Other assisted single delivery,INTEGER_ZERO_OR_POSITIVE,AGGREGATE,,,,delivery,130,TRUE
data_element,rx6ZzRVps0G,O80-1389 Destructive operation for delivery,O80-1389 Destructive operation for delivery,INTEGER_ZERO_OR_POSITIVE,AGGREGATE,,,,delivery,100,TRUE
data_element,jr2KpJZ1Z7A,O80-1390 Assisted single delivery unspecified,O80-1390 Assisted single delivery unspecified,INTEGER_ZERO_OR_POSITIVE,AGGREGATE,,,,delivery,80,TRUE
data_element,tMBSThKN04J,O80-1391 Multiple delivery,O80-1391 Multiple delivery,INTEGER_ZERO_OR_POSITIVE,AGGREGATE,,,,delivery,292,TRUE
data_element,WyilvKoLgcg,O85-1394 Pyrexia of unknown origin following delivery,O85-1394 Pyrexia of unknown origin following deliv,INTEGER_ZERO_OR_POSITIVE,AGGREGATE,,,,delivery,19,TRUE
data_element,HZAj4BIOunZ,O94-1405 Death from any obstetric cause occurring more than 42 days but less than one year after delivery,O94-1405 Death from any obstetric cause occurring,INTEGER_ZERO_OR_POSITIVE,AGGREGATE,,,,delivery,10,TRUE
data_element,QLglid7ii2e,P00-1428 Fetus and newborn affected by breech delivery and extraction,P00-1428 Fetus and newborn affected by breech deli,INTEGER_ZERO_OR_POSITIVE,AGGREGATE,,,,delivery,10,TRUE
data_element,UJSxXanqFcp,P00-1429 Fetus and Newborn (affected by other malpresentation malposition and disproportion during labour & delivery),P00-1429 Fetus and Newborn (affected by other malp,INTEGER_ZERO_OR_POSITIVE,AGGREGATE,,,,delivery,30,TRUE
data_element,VBvmt8Oo0z6,P00-1430 Fetus and newborn affected by forceps delivery,P00-1430 Fetus and newborn affected by forceps del,INTEGER_ZERO_OR_POSITIVE,AGGREGATE,,,,delivery,14,TRUE
data_element,b6ZGjKSXzow,P00-1431 Fetus and newborn affected by delivery by vacuum extractor [ventouse],P00-1431 Fetus and newborn affected by delivery by,INTEGER_ZERO_OR_POSITIVE,AGGREGATE,,,,delivery,22,TRUE
data_element,T5CJ5zDodgw,P00-1432 Fetus and newborn affected by caesarean delivery,P00-1432 Fetus and newborn affected by caesarean d,INTEGER_ZERO_OR_POSITIVE,AGGREGATE,,,,delivery,5,TRUE
data_element,uj2zTHmhOrR,P00-1433 Fetus and newborn affected by precipitate delivery,P00-1433 Fetus and newborn affected by precipitate,INTEGER_ZERO_OR_POSITIVE,AGGREGATE,,,,delivery,6,TRUE
data_element,XGEizRviXSi,P00-1435 Fetus and newborn affected by complication of labour and delivery unspecified,P00-1435 Fetus and newborn affected by complicatio,INTEGER_ZERO_OR_POSITIVE,AGGREGATE,,,,delivery,16,TRUE
data_element,pXQu8alSYfb,P20-1467 Hypoxia (Intrauterine hypoxia first noted during labour and delivery),P20-1467 Hypoxia (Intrauterine hypoxia first noted,INTEGER_ZERO_OR_POSITIVE,AGGREGATE,,,,delivery,23,TRUE
data_element,mJNZLvRw5Ui,P50-1515 Jaundice (Neonatal jaundice associated with preterm delivery),P50-1515 Jaundice (Neonatal jaundice associated wi,INTEGER_ZERO_OR_POSITIVE,AGGREGATE,,,,delivery,307,TRUE
data_element,O9iiaoOPP0k,RMNCH - Delivery services provided,Delivery services provided,BOOLEAN,AGGREGATE,,,,delivery,4971,TRUE
data_element,N55hO4dWaDr,WBP_T % Women received uterotonics in the first one minute after delivery-aggregate,Women received Uterotonics -aggregate,PERCENTAGE,AGGREGATE,,,,delivery,4476,TRUE
data_element,ilUxO7FXtDY,WBP_T % Women received uterotonics in the first one minute after delivery-non aggregate,Women received Uterotonics-non aggregate,PERCENTAGE,AGGREGATE,,,,delivery,0,FALSE
data_element,biga7UMyT5r,WTT-PHCU/IHC Service delivery score,WTT-PHCU/IHC Service delivery score,NUMBER,AGGREGATE,,,,delivery,1944,TRUE
data_element,eBjvQHIH7OQ,Z30-2004 Newborn (Outcome of delivery unspecified),Z30-2004 Newborn (Outcome of delivery unspecified),INTEGER_ZERO_OR_POSITIVE,AGGREGATE,,,,delivery,58,TRUE
data_element,rcLcfDTSL0t,Z30-2006 Postpartum Care (Care and examination immediately after delivery),Z30-2006 Postpartum Care (Care and examination imm,INTEGER_ZERO_OR_POSITIVE,AGGREGATE,,,,delivery,557,TRUE
indicator,LWC9VTpeoqZ,ACCESS - Delivery service availability,Delivery service availability,Percent,,,,,delivery,0,derived_indicator_not_queryable
indicator,pDJWpqXIHkm,HIV_Clients Currently On ART enrolled to differenciated Service Delivery Models (DSD),DSD_ART_all,Number (Factor 1),,,,,delivery,0,derived_indicator_not_queryable
indicator,w0Q1qHZOb16,HIV_ Percentage of PLHIV currently on differentiated service delivery model (DSD) and 3MMD,% of PLHIV currently on DSD and 3MMD,Percent,,,,,delivery,0,derived_indicator_not_queryable
indicator,qEE79ocSMaN,HIV_ Percentage of PLHIV currently on differentiated service Delivery model (DSD) and ASM(6MMD),% PLHIV currently on DSD and ASM(6MMD),Percent,,,,,delivery,0,derived_indicator_not_queryable
indicator,SDFye7vMruI,HIV_ Percentage of PLHIV currently on differentiated service Delivery model (DSD) and on CAG,% of PLHIV currently on DSD and on CAG,Percent,,,,,delivery,0,derived_indicator_not_queryable
indicator,KKNiAtASvzY,HIV_ Percentage of PLHIV currently on differentiated service Delivery model (DSD) and on FTAR,% of PLHIV currently on DSD and on FTAR,Percent,,,,,delivery,0,derived_indicator_not_queryable
indicator,VEgbHk3dhdX,HIV_ Percentage of PLHIV currently on differentiated service Delivery model (DSD) and on PCAD,% PLHIV currently on DSD and on PCAD,Percent,,,,,delivery,0,derived_indicator_not_queryable
indicator,id4vASTUh51,HIV_Proportion of Clients Currently On ART enrolled to differentiated Service Delivery Models (DSD),% of Clients Currently On ART enrolled to DSD,Percent,,,,,delivery,0,derived_indicator_not_queryable
indicator,bZyMB0Nu141,"HK_Births by surgical, instrumental or assisted vaginal delivery","Births by surgical, or assisted vaginal delivery",Percent,,,,,delivery,0,derived_indicator_not_queryable
indicator,kR1rUE2X60X,MAT_% Women received uterotonics in the first one minute after delivery,% Women received Uterotonics ,Percent,,,,,delivery,0,derived_indicator_not_queryable
indicator,J2ywrAXTM5C,WBP-B#  Women received uterotonics in the first one minute after delivery,WBP-B#  Women received Uterotonics ,Number (Factor 1),,,,,delivery,0,derived_indicator_not_queryable
indicator,V8RRtMl4woi,WBP-B% Women received uterotonics in the first one minute after delivery,WBP-B% Women received Uterotonics ,Number (Factor 1),,,,,delivery,0,derived_indicator_not_queryable
indicator,tqESTJn9vq0,WBP-El Estimated number of Newborn weighing <2000gm and premature delivery,WBP-El Estimated number of Newborn weighing <2000g,Number (Factor 1),,,,,delivery,0,derived_indicator_not_queryable
indicator,KMirz8Mbkas,WBP-T#  Women received uterotonics in the first one minute after delivery,WBP-T# Women received uterotonics first one minute,Number (Factor 1),,,,,delivery,0,derived_indicator_not_queryable
indicator,s17Xb9faMV3,WTT-Wor Service delivery,WTT-Wor Service delivery,Number (Factor 1),,,,,delivery,0,derived_indicator_not_queryable
data_element,tuLPM3PXGb9,ESV-ICD11 JB01 - Failed induction of labour,ESV-ICD11 - JB01,INTEGER_ZERO_OR_POSITIVE,AGGREGATE,,,,labour,2183,TRUE
data_element,aTY6IpNnjAD,ESV-ICD11 JB02.3 - Precipitate labour,ESV-ICD11 - JB02.3,INTEGER_ZERO_OR_POSITIVE,AGGREGATE,,,,labour,674,TRUE
data_element,GIahZ5W2RS9,ESV-ICD11 JB02 - Abnormalities of forces of labour,ESV-ICD11 - JB02,INTEGER_ZERO_OR_POSITIVE,AGGREGATE,,,,labour,191,TRUE
data_element,KZeJvQis9Ng,ESV-ICD11 JB03.0 - Prolonged first stage of labour,ESV-ICD11 - JB03.0,INTEGER_ZERO_OR_POSITIVE,AGGREGATE,,,,labour,2410,TRUE
data_element,pc1rrYIDEZX,ESV-ICD11 JB03.1 - Prolonged second stage of labour,ESV-ICD11 - JB03.1,INTEGER_ZERO_OR_POSITIVE,AGGREGATE,,,,labour,1686,TRUE
data_element,pkz8eXYEv9o,ESV-ICD11 JB03 - Long labour,ESV-ICD11 - JB03,INTEGER_ZERO_OR_POSITIVE,AGGREGATE,,,,labour,541,TRUE
data_element,uAyi1noyZWZ,ESV-ICD11 JB04 - Obstructed labour due to malposition or malpresentation of fetus,ESV-ICD11 - JB04,INTEGER_ZERO_OR_POSITIVE,AGGREGATE,,,,labour,2960,TRUE
data_element,eJ017aqTDAu,ESV-ICD11 JB06 - Obstructed labour due to other causes,ESV-ICD11 - JB06,INTEGER_ZERO_OR_POSITIVE,AGGREGATE,,,,labour,1059,TRUE
data_element,Tu4Q0S6zBHt,ESV-ICD11 JB0A.0 - Rupture of uterus before onset of labour,ESV-ICD11 - JB0A.0,INTEGER_ZERO_OR_POSITIVE,AGGREGATE,,,,labour,478,TRUE
data_element,G8BtoAHKUI6,ESV-ICD11 JB0A.1 - Rupture of uterus during labour,ESV-ICD11 - JB0A.1,INTEGER_ZERO_OR_POSITIVE,AGGREGATE,,,,labour,1497,TRUE
data_element,Yer4UkJ4AbF,FNS_Number of households that received safe energy and labour saving technology,#HHs received safe enrgy and labour sving technlgy,NUMBER,AGGREGATE,,,,labour,0,FALSE
data_element,onl9mrOI64C,O10-1228 Eclampsia (Eclampsia in labour),O10-1228 Eclampsia (Eclampsia in labour),INTEGER_ZERO_OR_POSITIVE,AGGREGATE,,,,labour,514,TRUE
data_element,rHAfWsWJktn,O30-1307 False labour,O30-1307 False labour,INTEGER_ZERO_OR_POSITIVE,AGGREGATE,,,,labour,1250,TRUE
data_element,oGnJVH2ISZu,O30-1308 False labour before 37 completed weeks of gestation,O30-1308 False labour before 37 completed weeks of,INTEGER_ZERO_OR_POSITIVE,AGGREGATE,,,,labour,92,TRUE
data_element,bfrNPkzzbjY,O30-1309 False labour unspecified,O30-1309 False labour unspecified,INTEGER_ZERO_OR_POSITIVE,AGGREGATE,,,,labour,143,TRUE
data_element,YPlLcF0P6Iq,O60-1316 Failed Induction (Failed induction of labour),O60-1316 Failed Induction (Failed induction of lab,INTEGER_ZERO_OR_POSITIVE,AGGREGATE,,,,labour,794,TRUE
data_element,pd6V6Ger2xu,O60-1317 Failed medical induction of labour,O60-1317 Failed medical induction of labour,INTEGER_ZERO_OR_POSITIVE,AGGREGATE,,,,labour,85,TRUE
data_element,na2JFn4fEAR,O60-1318 Failed Labour (Failed trial of labour unspecified),O60-1318 Failed Labour (Failed trial of labour uns,INTEGER_ZERO_OR_POSITIVE,AGGREGATE,,,,labour,133,TRUE
data_element,U8DOfuE7liC,O60-1319 Labour (Abnormalities of forces of labour),O60-1319 Labour (Abnormalities of forces of labour,INTEGER_ZERO_OR_POSITIVE,AGGREGATE,,,,labour,70,TRUE
data_element,x8kzLvsN2gE,O60-1321 Precipitate labour,O60-1321 Precipitate labour,INTEGER_ZERO_OR_POSITIVE,AGGREGATE,,,,labour,454,TRUE
data_element,ttigGQchKjR,O60-1323 Abnormality of forces of labour unspecified,O60-1323 Abnormality of forces of labour unspecifi,INTEGER_ZERO_OR_POSITIVE,AGGREGATE,,,,labour,46,TRUE
data_element,YUO4RO0K7hW,O60-1324 Long labour,O60-1324 Long labour,INTEGER_ZERO_OR_POSITIVE,AGGREGATE,,,,labour,306,TRUE
data_element,zgTTh8iGsQP,O60-1325 Prolonged (FSOL) (Prolonged first stage (of labour)),O60-1325 Prolonged (FSOL) (Prolonged first stage (,INTEGER_ZERO_OR_POSITIVE,AGGREGATE,,,,labour,1236,TRUE
data_element,et6xmt51VFr,O60-1326 Prolonged (SSOL) (Prolonged second stage (of labour)),O60-1326 Prolonged (SSOL) (Prolonged second stage,INTEGER_ZERO_OR_POSITIVE,AGGREGATE,,,,labour,828,TRUE
data_element,EZrNxYcdqZi,O60-1327 Long labour unspecified,O60-1327 Long labour unspecified,INTEGER_ZERO_OR_POSITIVE,AGGREGATE,,,,labour,113,TRUE
data_element,l6bi2xelmnv,O60-1328 Obstructed labour due to malposition and malpresentation of fetus,O60-1328 Obstructed labour due to malposition and,INTEGER_ZERO_OR_POSITIVE,AGGREGATE,,,,labour,551,TRUE
data_element,OJIvCXoaBJE,O60-1329 Obstructed Labour (Obstructed labour due to breech presentation),O60-1329 Obstructed Labour (Obstructed labour due,INTEGER_ZERO_OR_POSITIVE,AGGREGATE,,,,labour,662,TRUE
data_element,ZoclFyZVCkr,O60-1330 Obstructed Labour (Obstructed labour due to face presentation),O60-1330 Obstructed Labour (Obstructed labour due,INTEGER_ZERO_OR_POSITIVE,AGGREGATE,,,,labour,365,TRUE
data_element,UNYVmVOVPzd,O60-1331 Obstructed Labour (Obstructed labour due to brow presentation),O60-1331 Obstructed Labour (Obstructed labour due,INTEGER_ZERO_OR_POSITIVE,AGGREGATE,,,,labour,193,TRUE
data_element,hUicWyEyMxD,O60-1332 Obstructed Labour (Obstructed labour due to shoulder presentation),O60-1332 Obstructed Labour (Obstructed labour due,INTEGER_ZERO_OR_POSITIVE,AGGREGATE,,,,labour,165,TRUE
data_element,EybTH4giFxH,O60-1333 Obstructed Labour (Obstructed labour due to compound presentation),O60-1333 Obstructed Labour (Obstructed labour due,INTEGER_ZERO_OR_POSITIVE,AGGREGATE,,,,labour,165,TRUE
data_element,GtMK5OJHBHE,O60-1334 Obstructed Labour (Obstructed labour due to other malposition and malpresentation),O60-1334 Obstructed Labour (Obstructed labour due,INTEGER_ZERO_OR_POSITIVE,AGGREGATE,,,,labour,346,TRUE
data_element,ciUPEGZjwaq,O60-1336 Obstructed labour due to pelvic inlet contraction,O60-1336 Obstructed labour due to pelvic inlet con,INTEGER_ZERO_OR_POSITIVE,AGGREGATE,,,,labour,172,TRUE
data_element,bBxLanL0ohB,O60-1337 Obstructed Labour (Obstructed labour due to fetopelvic disproportion unspecified),O60-1337 Obstructed Labour (Obstructed labour due,INTEGER_ZERO_OR_POSITIVE,AGGREGATE,,,,labour,860,TRUE
data_element,jfoJGu1Y1yp,O60-1339 Obstructed Labour (Obstructed labour due to shoulder dystocia),O60-1339 Obstructed Labour (Obstructed labour due,INTEGER_ZERO_OR_POSITIVE,AGGREGATE,,,,labour,121,TRUE
data_element,tmYlHqKOf5F,O60-1340 Obstructed Labour (Obstructed labour due to unusually large fetus),O60-1340 Obstructed Labour (Obstructed labour due,INTEGER_ZERO_OR_POSITIVE,AGGREGATE,,,,labour,137,TRUE
data_element,Fjm71TbfMAX,O60-1341 Obstructed labour due to other abnormalities of fetus,O60-1341 Obstructed labour due to other abnormalit,INTEGER_ZERO_OR_POSITIVE,AGGREGATE,,,,labour,155,TRUE
data_element,FsCxrT3WGTz,O60-1343 Obstructed Labour (Obstructed labour unspecified),O60-1343 Obstructed Labour (Obstructed labour unsp,INTEGER_ZERO_OR_POSITIVE,AGGREGATE,,,,labour,336,TRUE
data_element,dQ9ZONjeTuz,O60-1355 Uterine Rupture (Rupture of uterus before onset of labour),O60-1355 Uterine Rupture (Rupture of uterus before,INTEGER_ZERO_OR_POSITIVE,AGGREGATE,,,,labour,564,TRUE
data_element,o0VKXcMiHAd,O60-1356 Uterine Rupture (Rupture of uterus during labour),O60-1356 Uterine Rupture (Rupture of uterus during,INTEGER_ZERO_OR_POSITIVE,AGGREGATE,,,,labour,934,TRUE
data_element,hw0wl7OIAMt,O60-1371 Pyrexia during labour not elsewhere classified,O60-1371 Pyrexia during labour not elsewhere class,INTEGER_ZERO_OR_POSITIVE,AGGREGATE,,,,labour,11,TRUE
data_element,WNmgUUvNncc,P00-1422 Fetus and newborn affected by malpresentation before labour,P00-1422 Fetus and newborn affected by malpresenta,INTEGER_ZERO_OR_POSITIVE,AGGREGATE,,,,labour,5,TRUE
data_element,KSrBwgS4DQC,P20-1466 Hypoxia (Intrauterine hypoxia first noted before onset of labour),P20-1466 Hypoxia (Intrauterine hypoxia first noted,INTEGER_ZERO_OR_POSITIVE,AGGREGATE,,,,labour,73,TRUE
indicator,VkcqgvHB2qK,FNS_Propotion of households that received safe energy and labour saving technology,% HHs receved safe enrgy and labur saving technlgy,Percent,,,,,labour,0,derived_indicator_not_queryable
data_element,C0lQMBeSg4r,"Does health facility Laboratory get accreditation (hospital) only? (Enter 1 if Yes, 0 if No)",Laboratories which are accredited (Hospital only),INTEGER_ZERO_OR_POSITIVE,AGGREGATE,,,,labor,0,FALSE
data_element,Eh6Zs5xSSM6,EHCRIG0601 - The health centre provides laboratory service with optimal infrastructure and resources.,lab service with  infrastructure and resources.,BOOLEAN,AGGREGATE,,,,labor,0,FALSE
data_element,zkOs6no2X6c,EHCRIG0602 - Laboratory management ensures that advice on examinations and the interpretation of test results is available to meet the needs and requirements of customers.,EHCRIG Chapter 6 Standard 2,BOOLEAN,AGGREGATE,,,,labor,0,FALSE
data_element,dCUaSoIh3lH,EHCRIG0602 - The health centre has functional laboratory management information system.,functional LMIS,BOOLEAN,AGGREGATE,,,,labor,0,FALSE
data_element,T95eDL3UnPq,EHCRIG0603 - The health centre laboratory posts updated list of laboratory tests as per EPHCG recommendation.,lab list as EPHCG,BOOLEAN,AGGREGATE,,,,labor,0,FALSE
data_element,W1a6nGetJGQ,EHCRIG0604 - The Health center monitors laboratory service satisfaction biannually (client and providers).,HC monitors lab. service satisfaction biannually,BOOLEAN,AGGREGATE,,,,labor,0,FALSE
data_element,X7LPbZUKT04,EHCRIG0605 - The Health centre has a functional laboratory supplies management system.,has laboratory supplies management system,BOOLEAN,AGGREGATE,,,,labor,0,FALSE
data_element,qGZXCAU8HsD,EHCRIG0606 - The Health centre laboratory has standard operating procedures.,HC has lab SOP,BOOLEAN,AGGREGATE,,,,labor,0,FALSE
data_element,TagfDbTjN9r,"EHCRIG0606 - The laboratory work environment is organized and clean at all times, with safety procedures for handling of specimens and waste material to ensure patient and staff protection from unnecessary risks at all times.",EHCRIG Chapter 6 Standard 6,BOOLEAN,AGGREGATE,,,,labor,0,FALSE
data_element,EYLjDoNuzOm,EHCRIG0607 - The laboratory has established safety facilities.,lab has established safety facilities.,BOOLEAN,AGGREGATE,,,,labor,0,FALSE
data_element,QgbcCoGq9iN,EHCRIG0608 - The laboratory shall design a backup laboratory service.,Laboratory design a backup laboratory service.,BOOLEAN,AGGREGATE,,,,labor,0,FALSE
data_element,uPXhYYvxrRN,EHCRIG0609 - The health centre laboratory shall implement quality control activities.,implements QC activities,BOOLEAN,AGGREGATE,,,,labor,0,FALSE
data_element,BENu22x8Ip8,EHCRIG0610 - The health centre Laboratory participates in the National as well as international accreditation body (ENAO/SLIMTA/ISO).,HC Laboratory participates in accreditation,BOOLEAN,AGGREGATE,,,,labor,0,FALSE
data_element,q1YDfCzwmc5,"EHSTGDE0306 - The hospital provides emergency medical service 24 hours a day and 365 days a year with a 24-hours access to diagnostic laboratory, radiology and pharmacy services",Hospital provides emergency medical service 24 hrs,BOOLEAN,AGGREGATE,,,,labor,0,FALSE
data_element,jR9pEYhjzim,"EHSTGDE0403 - The hospital has established outpatient specific diagnostic laboratory, radiology, and pharmacy service units",Hospital established outpatient specific diag lab,BOOLEAN,AGGREGATE,,,,labor,0,FALSE
data_element,zJBQeD1om2q,"EHSTGDE0901 - The hospital has clear laboratory management structure and accountability arrangement with well-defined roles and responsibilities for provision of laboratory services organized into central, emergency, inpatient",Hospital has clear laboratory management structure,BOOLEAN,AGGREGATE,,,,labor,0,FALSE
data_element,CfygCT96iVO,"EHSTGDE0902 - The hospital laboratory management has established system for management of documents and records that are maintained, controlled, reviewed and approved to ensure the provision of quality laboratory services",Hospital lab mgt has system for mgt of documents,BOOLEAN,AGGREGATE,,,,labor,0,FALSE
data_element,ET2esv7b2Pt,EHSTGDE0903 - The hospital laboratory has established system to monitor the effectiveness of its customer service programme,Hospital lab has system to monitor effectiveness,BOOLEAN,AGGREGATE,,,,labor,0,FALSE
data_element,uYUcBt2DV7k,EHSTGDE0905 - The hospital has a laboratory supplies management system,Hospital has laboratory supplies management system,BOOLEAN,AGGREGATE,,,,labor,0,FALSE
data_element,xzoyYXx0AUB,"EHSTGDE0906 - The hospital laboratory shall implement a process control system that monitors the processes from pre analytical to post analytical phases of testing, including an established internal quality control (IQC) and EQA",Hospital lab implements a process control system,BOOLEAN,AGGREGATE,,,,labor,0,FALSE
data_element,e9jQZJhlqnH,EHSTGDE0907 - The hospital laboratory has established incident handling and reporting system which includes errors or near errors (also called near misses),Hospital lab has incident handling and reporting,BOOLEAN,AGGREGATE,,,,labor,0,FALSE
data_element,SnGNCyZAk8X,EHSTGDE0908 - The hospital has established laboratory management information system,Hospital has lab management information system,BOOLEAN,AGGREGATE,,,,labor,0,FALSE
data_element,TKQCR4hFNO3,EHSTGDE0909 - The hospital laboratory should be designed and organized at least for bio safety level 2 or above and work environment is clean and well maintained at all times,Lab designed at least for bio safety level 2,BOOLEAN,AGGREGATE,,,,labor,0,FALSE
data_element,kpte9VuqA47,EHSTGDE0910 - The laboratory shall design a backup laboratory service through availing back laboratory equipment or and through backup laboratory facility,Lab shall design a backup laboratory service,BOOLEAN,AGGREGATE,,,,labor,0,FALSE
data_element,daJhv0kwoEP,EHSTGDE0911 - The hospital laboratory has appropriate storage and stock management systems for blood and blood products received from blood banks,Hospital lab has appropriate storage and stock mgt,BOOLEAN,AGGREGATE,,,,labor,0,FALSE
data_element,LD3aaLh5cjp,EHSTGDE0912 - The hospital laboratory blood bank service in collaboration with respective regional blood back service shall have mobilization of blood donation strategy through community awareness programs,Hospital lab blood bank service donation stragegy,BOOLEAN,AGGREGATE,,,,labor,0,FALSE
data_element,ZIDiw7V4BIO,EHSTGDE0913 - The hospital laboratory blood bank service shall have appropriate cold chain system for blood and blood products received from blood bank service until used by prescribers,Hospital lab blood bank has cold chain system,BOOLEAN,AGGREGATE,,,,labor,0,FALSE
data_element,ySI88vNuNVx,EHSTGDE0914 - The hospital laboratory blood bank service shall report blood administration and patient safety information to respective regional blood banks,Hospital lab blood bank service reports admin,BOOLEAN,AGGREGATE,,,,labor,0,FALSE
data_element,B51a8tGA3xK,EHSTGDE2001 - The hospital has an HMIS Monitoring Team (or equivalent) which collaborates with the CG&QIU in reviewing the HMIS indicators and takes action to address any areas of concern,Hospital has an HMIS Monitoring Team,BOOLEAN,AGGREGATE,,,,labor,0,FALSE
data_element,B721i9irPPz,HIV_Mobile/Daily Laborers:Positive,Mobile/Daily Laborers: Positive,INTEGER_ZERO_OR_POSITIVE,AGGREGATE,,,,labor,12092,TRUE
data_element,Kv17cb9EtIY,HIV_Mobile/Daily Laborers: Received result,Mobile/Daily Laborers: Received result,INTEGER_ZERO_OR_POSITIVE,AGGREGATE,,,,labor,12186,TRUE
data_element,jH8THGy2n7G,HK - Days essential laboratory tests were available,# of days essential laboratory tests available,INTEGER_ZERO_OR_POSITIVE,AGGREGATE,,,,labor,2582,TRUE
data_element,xJ1NJjv5JRP,HK - Laboratory staff with competency evaluation file,# laboratory staff with competency evaluation file,INTEGER_ZERO_OR_POSITIVE,AGGREGATE,,,,labor,0,FALSE
data_element,BqJ8ptBtmis,HK - Number of Laboratories in the Hospital,# of Laboratory in the hospital,INTEGER_ZERO_OR_POSITIVE,AGGREGATE,,,,labor,0,FALSE
data_element,Ia4NsuQexYd,Hosp_KPI - EHSIG chapter 15_Laboratory Service Management ,EHSIG chapter 15_Laboratory,PERCENTAGE,AGGREGATE,,,,labor,3033,TRUE
data_element,sOYNgIB9bQl,Hosp_KPI - Number of laboratory tests reported within TAT,lab test reported within TAT,INTEGER_ZERO_OR_POSITIVE,AGGREGATE,,,,labor,2972,TRUE
data_element,UJOcDAM6mCZ,Hosp_KPI -Total number of EQA participated laboratory tests,EQA participated laboratory test,INTEGER_ZERO_OR_POSITIVE,AGGREGATE,,,,labor,0,FALSE
data_element,hX1dUQVrYqR,Hosp_KPI -Total number of Laboratory tests performed,laboratory test performed,INTEGER_ZERO_OR_POSITIVE,AGGREGATE,,,,labor,3015,TRUE
data_element,UMz1f7Js2u0,Hosp_KPI - Total number of laboratory tests with  acceptable EQA results,laboratory tests with acceptable EQA results,INTEGER_ZERO_OR_POSITIVE,AGGREGATE,,,,labor,0,FALSE
data_element,w3Nn4IPpkL2,"MAL_# of new malaria OPD + IPD cases (All malaria cases, of any species – whether clinical or laboratory (Microscopy & RDT) diagnosis",MAL_# of  new malaria OPD + IPD cases diagnosis,NUMBER,AGGREGATE,,,,labor,0,FALSE
data_element,G0Nojd4lzXv,MS_Monthly score of essential laboratory tests availability,Monthly score of essential laboratory  tests,PERCENTAGE,AGGREGATE,,,,labor,8625,TRUE
data_element,wlpaLnPr72n,PMS_Laboratories with capacity for culture and sensitivity testing,"Labs with capacity for culture,sensitivity testing",BOOLEAN,AGGREGATE,,,,labor,0,FALSE
data_element,R7c1HWn1oKF,PMS_Laboratories with capacity for culture and sensitivity testing (Enter 1 if yes; enter 0 if no),Laboratories wt capacity for culture&sensitivity t,INTEGER_ZERO_OR_POSITIVE,AGGREGATE,,,,labor,0,FALSE
data_element,iGV4g8935EV,R70-1776 Examination Encounter (Laboratory evidence of human immunodeficiency virus [HIV]),R70-1776 Examination Encounter (Laboratory evidenc,INTEGER_ZERO_OR_POSITIVE,AGGREGATE,,,,labor,1104,TRUE
data_element,Xdg4dB9mvyd,WBP-B# Proportion of Health Centers implementing comprehensive Basic Laboratory Quality Management System (LQMS) aggregated,WBP-B#-A-Proportion of Health Centers implementing,NUMBER,AGGREGATE,,,,labor,0,FALSE
data_element,IykeCzS59aT,WBP-B% Proportion of Health Centers implementing comprehensive Basic Laboratory Quality Management System (LQMS) aggregated,WBP-B%-A-Proportion of Health Centers implementing,NUMBER,AGGREGATE,,,,labor,3240,TRUE
data_element,NlMvbjW7ZrE,WBP-B# Proportion of Health Centers implementing comprehensive Basic Laboratory Quality Management System (LQMS) not-aggregated,WBP-B#-NA-Proportion of Health Centers implementin,NUMBER,AGGREGATE,,,,labor,0,FALSE
data_element,LBBR3ScWyvX,WBP-B% Proportion of Health Centers implementing comprehensive Basic Laboratory Quality Management System (LQMS) not-aggregated,WBP-B%-NA-Proportion of Health Centers implementin,NUMBER,AGGREGATE,,,,labor,1584,TRUE
data_element,YlLgtCMz5LR,WBP-B# Proportion of laboratories providing standardized laboratory testing services as per national standard (%) aggregated,WBP-B#-A-Proportion of laboratories providing stan,NUMBER,AGGREGATE,,,,labor,0,FALSE
data_element,zQbkKjJXAKS,WBP-B% Proportion of laboratories providing standardized laboratory testing services as per national standard (%) aggregated,WBP-B%-A-Proportion of laboratories providing stan,NUMBER,AGGREGATE,,,,labor,3084,TRUE
data_element,zncPx6FjijZ,WBP-B# Proportion of laboratories providing standardized laboratory testing services as per national standard (%) not-aggregated,WBP-B#-NA-Proportion of laboratories providing sta,NUMBER,AGGREGATE,,,,labor,0,FALSE
data_element,PuJn0Y9USYr,WBP-B% Proportion of laboratories providing standardized laboratory testing services as per national standard (%) not-aggregated,WBP-B%-NA-Proportion of laboratories providing sta,NUMBER,AGGREGATE,,,,labor,252,TRUE
data_element,ZapMq8mrpE8,WBP-EL Proportion of Health Centers implementing comprehensive Basic Laboratory Quality Management System (LQMS) aggregated,WBP-EL-A-Proportion of Health Centers implementing,NUMBER,AGGREGATE,,,,labor,0,FALSE
data_element,rCQrXTvtydZ,WBP-EL Proportion of Health Centers implementing comprehensive Basic Laboratory Quality Management System (LQMS) not-aggregated,WBP-EL-NA-Proportion of Health Centers implementin,NUMBER,AGGREGATE,,,,labor,0,FALSE
data_element,srGIrixHp3r,WBP-EL Proportion of laboratories providing standardized laboratory testing services as per national standard (%) aggregated,WBP-EL-A-Proportion of laboratories providing stan,NUMBER,AGGREGATE,,,,labor,0,FALSE
data_element,sSgDwsQlApv,WBP-EL Proportion of laboratories providing standardized laboratory testing services as per national standard (%) not-aggregated,WBP-EL-NA-Proportion of laboratories providing sta,NUMBER,AGGREGATE,,,,labor,0,FALSE
data_element,gEJpTViMIGX, WBP-T % Essential laboratory test availability - Hospital,Essential laboratory test availability - NA,PERCENTAGE,AGGREGATE,,,,labor,1944,TRUE
data_element,jqBfo0VVuLn,WBP-T% Percentage of laboratory tests completed within TAT- hospital,WBP-T% laboratory tests cmpltd  TAT- hospital,PERCENTAGE,AGGREGATE,,,,labor,1680,TRUE
data_element,xrikFanC81z,WBP-T# Proportion of Health Centers implementing comprehensive Basic Laboratory Quality Management System (LQMS) aggregated,WBP-T#-A-Proportion of Health Centers implementing,NUMBER,AGGREGATE,,,,labor,0,FALSE
data_element,rac9idwxe4J,WBP-T% Proportion of Health Centers implementing comprehensive Basic Laboratory Quality Management System (LQMS) aggregated,WBP-T%-A-Proportion of Health Centers implementing,PERCENTAGE,AGGREGATE,,,,labor,4188,TRUE
data_element,JxSM97LrKbV,WBP-T# Proportion of Health Centers implementing comprehensive Basic Laboratory Quality Management System (LQMS) not-aggregated,WBP-T#-NA-Proportion of Health Centers implementin,NUMBER,AGGREGATE,,,,labor,0,FALSE
data_element,Qxqjrl7L61x,WBP-T% Proportion of Health Centers implementing comprehensive Basic Laboratory Quality Management System (LQMS) not-aggregated,WBP-T%-NA-Proportion of Health Centers implementin,PERCENTAGE,AGGREGATE,,,,labor,2580,TRUE
data_element,ejb8Zevu7t7,WBP-T# Proportion of laboratories providing standardized laboratory testing services as per national standard (%) aggregated,WBP-T#-A-Proportion of laboratories providing stan,NUMBER,AGGREGATE,,,,labor,0,FALSE
data_element,f8h29apB7SU,WBP-T% Proportion of laboratories providing standardized laboratory testing services as per national standard (%) aggregated,WBP-T%-A-Proportion of laboratories providing stan,PERCENTAGE,AGGREGATE,,,,labor,4152,TRUE
data_element,JSwIxJpjXlt,WBP-T# Proportion of laboratories providing standardized laboratory testing services as per national standard (%) not-aggregated,WBP-T#-NA-Proportion of laboratories providing sta,NUMBER,AGGREGATE,,,,labor,0,FALSE
data_element,dnjaY7pCkdM,WBP-T% Proportion of laboratories providing standardized laboratory testing services as per national standard (%) not-aggregated,WBP-T%-NA-Proportion of laboratories providing sta,PERCENTAGE,AGGREGATE,,,,labor,588,TRUE
data_element,k3XkAkr8B2C,Z00-1942 Examination Encounter (Laboratory examination),Z00-1942 Examination Encounter (Laboratory examina,INTEGER_ZERO_OR_POSITIVE,AGGREGATE,,,,labor,4143,TRUE
indicator,kc1u5fbn9eo,EHCRIGIND-CH6 - Laboratory Services,Laboratory Services,Percent,,,,,labor,0,derived_indicator_not_queryable
indicator,McvNhDRh2eH,HOSP_KPI - Percentage of laboratory tests completed within TAT ,KPI -laboratory tests completed within TAT ,Percent,,,,,labor,0,derived_indicator_not_queryable
indicator,yso784IuVrB,MS_Essential laboratory test availability,Essential laboratory test availability,Number (Factor 1),,,,,labor,0,derived_indicator_not_queryable
indicator,pQUxObWc8gz, WBP-B# Essential laboratory test availability, WBP-B# Essential laboratory test availability,Number (Factor 1),,,,,labor,0,derived_indicator_not_queryable
indicator,zPOQvJJ18id,WBP-B % Essential laboratory test availability,WBP-B % Essential laboratory test availability,Percent,,,,,labor,0,derived_indicator_not_queryable
indicator,hhPV1ryNlPI,WBP-B# Hosp_KPI - Number of laboratory tests reported within TAT,WBP-B# Hosp_KPI -laboratory tests TAT,Number (Factor 1),,,,,labor,0,derived_indicator_not_queryable
indicator,UoFaLEZ4KgL,WBP-B#  Percentage of laboratory tests completed within TAT,Percentage of lab tests completed within TAT,Number (Factor 1),,,,,labor,0,derived_indicator_not_queryable
indicator,Xoan288qa6l,WBP-B% Percentage of laboratory tests completed within TAT,WBP-B% laboratory tests ,Number (Factor 1),,,,,labor,0,derived_indicator_not_queryable
indicator,NfXuZVQjKSl,WBP-B# Proportion of laboratories providing standardized laboratory testing services as per national standard (%) aggregated,WBP-B# standardized laboratory testing services ,Number (Factor 1),,,,,labor,0,derived_indicator_not_queryable
indicator,OnM4PZCt73a,WBP-T# Proportion of departments or units within the hospital implementing a comprehensive Basic Laboratory Quality Management System (LQMS),WBP-T# departments LQMS,Percent,,,,,labor,0,derived_indicator_not_queryable
indicator,TFN6OHQIqR5,WBP-T# Proportion of Health Centers implementing comprehensive Basic Laboratory Quality Management System (LQMS) ,WBP-T#-A-Proportion of Health Centers implementing,Number (Factor 1),,,,,labor,0,derived_indicator_not_queryable
indicator,CZ95AuZXeiA,WBP-T# Proportion of laboratories providing standardized laboratory testing services as per national standard ,WBP-T#-A-Proportion of laboratories providing stan,Number (Factor 1),,,,,labor,0,derived_indicator_not_queryable
indicator,pwlJnTs1UFX,WT_HC_MS_Essential laboratory test availability(2),WT_HC_MS_Essential laboratory test availability(2),Number (Factor 1),,,,,labor,0,derived_indicator_not_queryable
data_element,lz1lT9MFQd4,Z30-1999 Newborn (Single stillbirth),Z30-1999 Newborn (Single stillbirth),INTEGER_ZERO_OR_POSITIVE,AGGREGATE,,,,stillbirth,75,TRUE
indicator,jjENjatqdqI,MAT_Stillbirth Rate, Still birth rate,Per thousand,,,,,stillbirth,0,derived_indicator_not_queryable
indicator,fuE77CfKTHP,WBP-B Stillbirth Rate (Per 1000),WBP-B Stillbirth Rate (Per 1000),Number (Factor 1),,,,,stillbirth,0,derived_indicator_not_queryable
data_element,vqNLnporiZ1,MAT_Still Births,Still Births,INTEGER_ZERO_OR_POSITIVE,AGGREGATE,,,,still birth,12688,TRUE
data_element,KfYkN29w1we,WBP-El  Still birth Rate - aggregate,WBP-El  Still birth Rate - aggregate,NUMBER,AGGREGATE,,,,still birth,0,FALSE
data_element,iG7PV70ser8,WBP-El  Still birth Rate - non-aggregate,WBP-El  Still birth Rate - non-aggregate,NUMBER,AGGREGATE,,,,still birth,0,FALSE
data_element,pRpmHdhjB7i,WBP-T Still birth Rate-Aggregate (Per 1000),WBP-T Still birth Rate-Aggregate (Per 1000),PERCENTAGE,AGGREGATE,,,,still birth,4044,TRUE
data_element,Aiau29MT5F4,WBP-T Still birth Rate-non aggregate (Per 1000),WBP-T Still birth Rate-non aggregate (Per 1000),PERCENTAGE,AGGREGATE,,,,still birth,300,TRUE
data_element,uJh0ioSpM4w,_2017_Early neonatal death Â at community dis aggregated by time of death,Early neonatal death by time of death,NUMBER,AGGREGATE,,,,neonatal,0,FALSE
data_element,JrimOvRdTcp,_2017_Number of neonatal deaths in the first 7 days of life(Institutional),neonatal deaths in the first 7 days of life,INTEGER_ZERO_OR_POSITIVE,AGGREGATE,,,,neonatal,7933,TRUE
data_element,cP3COsXJ6k4,CH_Community Early Neonatal Death by time,Community Early Neonatal Death by time,INTEGER_ZERO_OR_POSITIVE,AGGREGATE,,,,neonatal,18937,TRUE
data_element,vE2e11Y18Q4,COM_CH_Community Early Neonatal Death by time,COM_Community Early Neonatal Death by time,INTEGER_ZERO_OR_POSITIVE,AGGREGATE,,,,neonatal,282,TRUE
data_element,BLQe9xJnjgM,"EHSTGDE0810 - Hospitals have comprehensive Neonatal Care service that includes NICU, KMC, mothers room and isolation rooms",Hospital has comprehensive Neonatal Care service,BOOLEAN,AGGREGATE,,,,neonatal,0,FALSE
data_element,XSTf8LgKbMr,ESV-ICD11 EH10 - Neonatal viral infections involving the skin,ESV-ICD11 - EH10,INTEGER_ZERO_OR_POSITIVE,AGGREGATE,,,,neonatal,408,TRUE
data_element,bDIUqu8Z4As,ESV-ICD11 EH11 - Neonatal pyogenic skin infections,ESV-ICD11 - EH11,INTEGER_ZERO_OR_POSITIVE,AGGREGATE,,,,neonatal,4064,TRUE
data_element,E5LG4OU9kW5,ESV-ICD11 EH12 - Neonatal fungal infections involving the skin,ESV-ICD11 - EH12,INTEGER_ZERO_OR_POSITIVE,AGGREGATE,,,,neonatal,627,TRUE
data_element,UWbRDJuSyIQ,ESV-ICD11 KA65.0 - Neonatal conjunctivitis or dacryocystitis,ESV-ICD11 - KA65.0,INTEGER_ZERO_OR_POSITIVE,AGGREGATE,,,,neonatal,1025,TRUE
data_element,yBCkY8O08Kt,ESV-ICD11 KA65.2 - Neonatal urinary tract infection,ESV-ICD11 - KA65.2,INTEGER_ZERO_OR_POSITIVE,AGGREGATE,,,,neonatal,861,TRUE
data_element,IQXz0l31y8D,ESV-ICD11 KA65 - Neonatal infections of certain specified sites,ESV-ICD11 - KA65,INTEGER_ZERO_OR_POSITIVE,AGGREGATE,,,,neonatal,567,TRUE
data_element,cArD39yZfr4,ESV-ICD11 KA86 - Neonatal kernicterus,ESV-ICD11 - KA86,INTEGER_ZERO_OR_POSITIVE,AGGREGATE,,,,neonatal,139,TRUE
data_element,OPHxHicDWfI,ESV-ICD11 KA87 - Neonatal hyperbilirubinaemia,ESV-ICD11 - KA87,INTEGER_ZERO_OR_POSITIVE,AGGREGATE,,,,neonatal,3600,TRUE
data_element,Y4cOeJWVESA,ESV-ICD11 KA89 - Transient neonatal thrombocytopaenia,ESV-ICD11 - KA89,INTEGER_ZERO_OR_POSITIVE,AGGREGATE,,,,neonatal,28,TRUE
data_element,Mjea3IyPCjJ,ESV-ICD11 KA8F - Neonatal vitamin K deficiency,ESV-ICD11 - KA8F,INTEGER_ZERO_OR_POSITIVE,AGGREGATE,,,,neonatal,39,TRUE
data_element,M3gsnK3ixcU,ESV-ICD11 KB00 - Neonatal cerebral ischaemia,ESV-ICD11 - KB00,INTEGER_ZERO_OR_POSITIVE,AGGREGATE,,,,neonatal,29,TRUE
data_element,LJxCZgAwCxa,ESV-ICD11 KB02 - Neonatal cerebral leukomalacia,ESV-ICD11 - KB02,INTEGER_ZERO_OR_POSITIVE,AGGREGATE,,,,neonatal,19,TRUE
data_element,rBTz9HG0MAT,ESV-ICD11 KB03 - Neonatal encephalopathy,ESV-ICD11 - KB03,INTEGER_ZERO_OR_POSITIVE,AGGREGATE,,,,neonatal,140,TRUE
data_element,C5KocWQNOZl,ESV-ICD11 KB05 - Neonatal hydrocephalus,ESV-ICD11 - KB05,INTEGER_ZERO_OR_POSITIVE,AGGREGATE,,,,neonatal,249,TRUE
data_element,QIRpN3pdXG2,ESV-ICD11 KB06 - Neonatal seizures,ESV-ICD11 - KB06,INTEGER_ZERO_OR_POSITIVE,AGGREGATE,,,,neonatal,578,TRUE
data_element,XHC0ldQaTRV,ESV-ICD11 KB25 - Neonatal tracheitis,ESV-ICD11 - KB25,INTEGER_ZERO_OR_POSITIVE,AGGREGATE,,,,neonatal,74,TRUE
data_element,BLBgZZFSuOJ,ESV-ICD11 KB26.0 - Neonatal aspiration of meconium,ESV-ICD11 - KB26.0,INTEGER_ZERO_OR_POSITIVE,AGGREGATE,,,,neonatal,5568,TRUE
data_element,AaqkPlPqfQ6,ESV-ICD11 KB26.3 - Neonatal aspiration of milk or regurgitated food,ESV-ICD11 - KB26.3,INTEGER_ZERO_OR_POSITIVE,AGGREGATE,,,,neonatal,323,TRUE
data_element,jZLRZcE0sd7,ESV-ICD11 KB26 - Neonatal aspiration syndromes,ESV-ICD11 - KB26,INTEGER_ZERO_OR_POSITIVE,AGGREGATE,,,,neonatal,2209,TRUE
data_element,ADtbHkrUI23,ESV-ICD11 KB45 - Neonatal hypertension,ESV-ICD11 - KB45,INTEGER_ZERO_OR_POSITIVE,AGGREGATE,,,,neonatal,47,TRUE
data_element,GY6ALCGV8Mn,ESV-ICD11 KB46 - Neonatal hypotension,ESV-ICD11 - KB46,INTEGER_ZERO_OR_POSITIVE,AGGREGATE,,,,neonatal,93,TRUE
data_element,DqgY87pT5RX,ESV-ICD11 KB60.3 - Neonatal hyperglycaemia,ESV-ICD11 - KB60.3,INTEGER_ZERO_OR_POSITIVE,AGGREGATE,,,,neonatal,130,TRUE
data_element,H6QXIP1eVFg,ESV-ICD11 KB60.4 - Neonatal hypoglycaemia,ESV-ICD11 - KB60.4,INTEGER_ZERO_OR_POSITIVE,AGGREGATE,,,,neonatal,1606,TRUE
data_element,u7r4Zq4sqhg,ESV-ICD11 KB61.0 - Neonatal hypomagnesaemia,ESV-ICD11 - KB61.0,INTEGER_ZERO_OR_POSITIVE,AGGREGATE,,,,neonatal,29,TRUE
data_element,Pq9AhIpHr45,ESV-ICD11 KB61.2 - Neonatal hypocalcaemia,ESV-ICD11 - KB61.2,INTEGER_ZERO_OR_POSITIVE,AGGREGATE,,,,neonatal,233,TRUE
data_element,O730O3zYXLI,ESV-ICD11 KB61.3 - Neonatal osteopenia,ESV-ICD11 - KB61.3,INTEGER_ZERO_OR_POSITIVE,AGGREGATE,,,,neonatal,23,TRUE
data_element,tbh0rrohW2a,ESV-ICD11 KB61 - Transitory neonatal disorders of calcium or magnesium metabolism,ESV-ICD11 - KB61,INTEGER_ZERO_OR_POSITIVE,AGGREGATE,,,,neonatal,25,TRUE
data_element,AMpBnqtSjaR,ESV-ICD11 KB62.0 - Transitory neonatal hyperthyroidism,ESV-ICD11 - KB62.0,INTEGER_ZERO_OR_POSITIVE,AGGREGATE,,,,neonatal,19,TRUE
data_element,dLCaagXXz5l,ESV-ICD11 KB62 - Transitory neonatal disorders of thyroid function,ESV-ICD11 - KB62,INTEGER_ZERO_OR_POSITIVE,AGGREGATE,,,,neonatal,9,TRUE
data_element,bBfV5UIDmo7,ESV-ICD11 KB89 - Neonatal malabsorption syndromes,ESV-ICD11 - KB89,INTEGER_ZERO_OR_POSITIVE,AGGREGATE,,,,neonatal,27,TRUE
data_element,z1yMiyFIRlq,ESV-ICD11 KB8B - Neonatal peritonitis,ESV-ICD11 - KB8B,INTEGER_ZERO_OR_POSITIVE,AGGREGATE,,,,neonatal,46,TRUE
data_element,ZglQXUTQsYo,ESV-ICD11 KC21.1 - Neonatal toxic erythema,ESV-ICD11 - KC21.1,INTEGER_ZERO_OR_POSITIVE,AGGREGATE,,,,neonatal,111,TRUE
data_element,ytKcwKf5DZp,ESV-ICD11 KC50 - Neonatal phototherapy burn,ESV-ICD11 - KC50,INTEGER_ZERO_OR_POSITIVE,AGGREGATE,,,,neonatal,71,TRUE
data_element,mr7JkaDV9JP,P20-1477 Neonatal aspiration syndromes,P20-1477 Neonatal aspiration syndromes,INTEGER_ZERO_OR_POSITIVE,AGGREGATE,,,,neonatal,458,TRUE
data_element,ddPQIZKWo9e,P20-1478 Newborn (Neonatal aspiration of meconium),P20-1478 Newborn (Neonatal aspiration of meconium),INTEGER_ZERO_OR_POSITIVE,AGGREGATE,,,,neonatal,1676,TRUE
data_element,sOt3Z91EQnJ,P20-1479 Neonatal aspiration of amniotic fluid and mucus,P20-1479 Neonatal aspiration of amniotic fluid and,INTEGER_ZERO_OR_POSITIVE,AGGREGATE,,,,neonatal,190,TRUE
data_element,lGmKE5bsvZx,P20-1480 Neonatal Aspiration (Neonatal aspiration of milk and regurgitated food),P20-1480 Neonatal Aspiration (Neonatal aspiration,INTEGER_ZERO_OR_POSITIVE,AGGREGATE,,,,neonatal,49,TRUE
data_element,TgGB1KDdt2a,P20-1481 Newborn (Neonatal aspiration syndrome unspecified),P20-1481 Newborn (Neonatal aspiration syndrome uns,INTEGER_ZERO_OR_POSITIVE,AGGREGATE,,,,neonatal,260,TRUE
data_element,KoiPZqM96oq,P20-1483 Neonatal hypertension,P20-1483 Neonatal hypertension,INTEGER_ZERO_OR_POSITIVE,AGGREGATE,,,,neonatal,45,TRUE
data_element,Pbvr2NCRKoq,P35-1496 Neonatal candidiasis,P35-1496 Neonatal candidiasis,INTEGER_ZERO_OR_POSITIVE,AGGREGATE,,,,neonatal,89,TRUE
data_element,eweFLSzatRv,P35-1498 Dacryocystitis (Neonatal conjunctivitis and dacryocystitis),P35-1498 Dacryocystitis (Neonatal conjunctivitis a,INTEGER_ZERO_OR_POSITIVE,AGGREGATE,,,,neonatal,274,TRUE
data_element,NmXFtcGRb5S,P35-1499 Neonatal conjunctivitis and dacryocystitis,P35-1499 Neonatal conjunctivitis and dacryocystiti,INTEGER_ZERO_OR_POSITIVE,AGGREGATE,,,,neonatal,406,TRUE
data_element,x4h2edsni8p,P35-1500 Neonatal urinary tract infection,P35-1500 Neonatal urinary tract infection,INTEGER_ZERO_OR_POSITIVE,AGGREGATE,,,,neonatal,244,TRUE
data_element,nkA4x7PP7Mx,P35-1501 Neonatal skin infection,P35-1501 Neonatal skin infection,INTEGER_ZERO_OR_POSITIVE,AGGREGATE,,,,neonatal,2622,TRUE
data_element,XwQPNfzKthH,P50-1504 Neonatal haemorrhage unspecified,P50-1504 Neonatal haemorrhage unspecified,INTEGER_ZERO_OR_POSITIVE,AGGREGATE,,,,neonatal,88,TRUE
data_element,MeG12Ow6GmH,P50-1509 Neonatal jaundice due to bruising,P50-1509 Neonatal jaundice due to bruising,INTEGER_ZERO_OR_POSITIVE,AGGREGATE,,,,neonatal,147,TRUE
data_element,O9kuknwKFM0,P50-1510 Neonatal jaundice due to bleeding,P50-1510 Neonatal jaundice due to bleeding,INTEGER_ZERO_OR_POSITIVE,AGGREGATE,,,,neonatal,69,TRUE
data_element,WNZUbYK1ZQt,P50-1511 Neonatal jaundice due to infection,P50-1511 Neonatal jaundice due to infection,INTEGER_ZERO_OR_POSITIVE,AGGREGATE,,,,neonatal,432,TRUE
data_element,m2hyaTEBEih,P50-1512 Neonatal jaundice due to polycythaemia,P50-1512 Neonatal jaundice due to polycythaemia,INTEGER_ZERO_OR_POSITIVE,AGGREGATE,,,,neonatal,56,TRUE
data_element,MPaa4s0fXVk,P50-1514 Neonatal jaundice from other and unspecified causes,P50-1514 Neonatal jaundice from other and unspecif,INTEGER_ZERO_OR_POSITIVE,AGGREGATE,,,,neonatal,428,TRUE
data_element,texCnKnNAy6,P50-1517 Jaundice (Neonatal jaundice unspecified),P50-1517 Jaundice (Neonatal jaundice unspecified),INTEGER_ZERO_OR_POSITIVE,AGGREGATE,,,,neonatal,999,TRUE
data_element,wa4fBhrbKmr,P70-1522 Neonatal diabetes mellitus,P70-1522 Neonatal diabetes mellitus,INTEGER_ZERO_OR_POSITIVE,AGGREGATE,,,,neonatal,4,TRUE
data_element,uPfhFbtvrT5,P70-1523 Iatrogenic neonatal hypoglycaemia,P70-1523 Iatrogenic neonatal hypoglycaemia,INTEGER_ZERO_OR_POSITIVE,AGGREGATE,,,,neonatal,156,TRUE
data_element,XxQVqUUMPIf,P70-1524 Other neonatal hypoglycaemia,P70-1524 Other neonatal hypoglycaemia,INTEGER_ZERO_OR_POSITIVE,AGGREGATE,,,,neonatal,590,TRUE
data_element,SQuF6S1slAE,P75-1527 Noninfective neonatal diarrhoea,P75-1527 Noninfective neonatal diarrhoea,INTEGER_ZERO_OR_POSITIVE,AGGREGATE,,,,neonatal,322,TRUE
data_element,tRROt5MFDlS,P90-1532 Neonatal coma,P90-1532 Neonatal coma,INTEGER_ZERO_OR_POSITIVE,AGGREGATE,,,,neonatal,11,TRUE
data_element,q3Afxs7RG7W,P90-1538 Breastfeeding (Neonatal difficulty in feeding at breast),P90-1538 Breastfeeding (Neonatal difficulty in fee,INTEGER_ZERO_OR_POSITIVE,AGGREGATE,,,,neonatal,249,TRUE
data_element,yxFw0LFPBzi,WBP-CF Incidence of Neonatal Asphyxia per live birth,Incidence of Neonatal Asphyxia per live birth,NUMBER,AGGREGATE,,,,neonatal,16842,TRUE
data_element,boOu5MKnmmc,WBP-CF Incidence of Neonatal sepsis per live birth,Incidence of Neonatal sepsis per live birth,NUMBER,AGGREGATE,,,,neonatal,16842,TRUE
data_element,fJlIf0oZ18d,WBP-CF Institutional neonatal death rate, Institutional neonatal death rate,NUMBER,AGGREGATE,,,,neonatal,6960,TRUE
data_element,MVgmSmHOWFu,WBP-El Proportion of Neonatal death in the institution- aggregate,WBP-El Neonatal death in the institution,NUMBER,AGGREGATE,,,,neonatal,0,FALSE
data_element,BcF77hGsrTe,WBP-El Proportion of Neonatal death in the institution- non-aggregate,WBP-El Neonatal death in the institution- non-agg,NUMBER,AGGREGATE,,,,neonatal,0,FALSE
data_element,vfaqj5v9Hkk,WBP-T# Institutional Neonatal Deaths Rate (Per 1000),WBP-T# Institutional Neonatal Deaths Rate /1000,NUMBER,AGGREGATE,,,,neonatal,0,FALSE
data_element,fvGDhxgjTsd,WBP-T% Institutional Neonatal Deaths Rate (Per 1000)-aggregate,WBP-T% Institutional Neonatal Deaths Rate/1000-Agg,PERCENTAGE,AGGREGATE,,,,neonatal,3780,TRUE
data_element,TLHQnEijVVa,WBP-T#Neonatal death in the institution,WBP-T#Neonatal death in the institution,INTEGER_ZERO_OR_POSITIVE,AGGREGATE,,,,neonatal,0,FALSE
indicator,WrNUbOvqJVq,CH_Institutional Neonatal Deaths Rate,% of Neonatal Deaths,Per thousand,,,,,neonatal,0,derived_indicator_not_queryable
indicator,HstTwOKsv4s,CH_Neonatal deaths at Community,Neonatal Deaths at Community,Number (Factor 1),,,,,neonatal,0,derived_indicator_not_queryable
indicator,RWTsj6FJWwf,HSTQIND-NCH13 - Evidence based care is given for neonates with SUSPECTED OR CONFIRMED NEONATAL SEPSIS,Neonatal and Child Health Standard 13,Number (Factor 1),,,,,neonatal,0,derived_indicator_not_queryable
indicator,QNWyYBQAhVb,WBP-B# Institutional Neonatal Deaths Rate (Per 1000),WBP-B#  Institutional Neonatal Deaths Rate /1000,Number (Factor 1),,,,,neonatal,0,derived_indicator_not_queryable
indicator,YJQ5q4yOBA9,WBP-B% Institutional Neonatal Deaths Rate (Per 1000),WBP-B% Institutional Neonatal Deaths Rate /1000,Number (Factor 1),,,,,neonatal,0,derived_indicator_not_queryable
indicator,FxtwNN4WDzQ,WBP-El Proportion of Neonatal death in the institution,Proportion of Neonatal death in the institution,Number (Factor 1),,,,,neonatal,0,derived_indicator_not_queryable
indicator,g9XTbv1oqJ5,WBP-T# Institutional Neonatal Deaths Rate (Per 1000),WBP-T# Institutional Neonatal Deaths Rate /1000,Number (Factor 1),,,,,neonatal,0,derived_indicator_not_queryable
indicator,ySWmc2v6P5j,WBP-T# Proportion of Neonatal death in the institution,Proportion of Neonatal death in the institution,Number (Factor 1),,,,,neonatal,0,derived_indicator_not_queryable
data_element,SeortnuQjdO,CH_Newborns <2000gm,Newborns <2000gm,INTEGER_ZERO_OR_POSITIVE,AGGREGATE,,,,newborn,12563,TRUE
data_element,j6GEdB3OXWZ,CH_Newborns < 2000 gm and/or premature KMC Initiated,Newborns < 2000 gm &/or premature KMC Initiated,INTEGER_ZERO_OR_POSITIVE,AGGREGATE,,,,newborn,12553,TRUE
data_element,ufAziICmNWb,ESV-ICD11 KA02 - Fetus or newborn affected by complications of placenta,ESV-ICD11 - KA02,INTEGER_ZERO_OR_POSITIVE,AGGREGATE,,,,newborn,110,TRUE
data_element,MjRA3haWimH,ESV-ICD11 KA03 - Fetus or newborn affected by complications of umbilical cord,ESV-ICD11 - KA03,INTEGER_ZERO_OR_POSITIVE,AGGREGATE,,,,newborn,226,TRUE
data_element,n4tjW8gxk8o,ESV-ICD11 KA04.0 - Fetus or newborn affected by chorioamnionitis,ESV-ICD11 - KA04.0,INTEGER_ZERO_OR_POSITIVE,AGGREGATE,,,,newborn,167,TRUE
data_element,BnLslWVcZMn,ESV-ICD11 KA04 - Fetus or newborn affected by other abnormalities of membranes,ESV-ICD11 - KA04,INTEGER_ZERO_OR_POSITIVE,AGGREGATE,,,,newborn,86,TRUE
data_element,WIQnwsg73LG,ESV-ICD11 KA06 - Fetus or newborn affected by noxious influences transmitted via placenta or breast milk,ESV-ICD11 - KA06,INTEGER_ZERO_OR_POSITIVE,AGGREGATE,,,,newborn,84,TRUE
data_element,SH4gkjJ9Xnc,ESV-ICD11 KA20 - Disorders of newborn related to slow fetal growth or fetal malnutrition,ESV-ICD11 - KA20,INTEGER_ZERO_OR_POSITIVE,AGGREGATE,,,,newborn,789,TRUE
data_element,qI0Mp1hxtDB,ESV-ICD11 KA21.0 - Extremely low birth weight of newborn,ESV-ICD11 - KA21.0,INTEGER_ZERO_OR_POSITIVE,AGGREGATE,,,,newborn,1015,TRUE
data_element,JfU3VgyIlTq,ESV-ICD11 KA21.1 - Very low birth weight of newborn,ESV-ICD11 - KA21.1,INTEGER_ZERO_OR_POSITIVE,AGGREGATE,,,,newborn,1694,TRUE
data_element,HnLMGD0DnU0,ESV-ICD11 KA21.2 - Low birth weight of newborn,ESV-ICD11 - KA21.2,INTEGER_ZERO_OR_POSITIVE,AGGREGATE,,,,newborn,5664,TRUE
data_element,vWJ2dJT7AtI,ESV-ICD11 KA21.4 - Preterm newborn,ESV-ICD11 - KA21.4,INTEGER_ZERO_OR_POSITIVE,AGGREGATE,,,,newborn,6759,TRUE
data_element,QPWPBDARdP0,"ESV-ICD11 KA21 - Disorders of newborn related to short gestation or low birth weight, not elsewhere classified",ESV-ICD11 - KA21,INTEGER_ZERO_OR_POSITIVE,AGGREGATE,,,,newborn,1065,TRUE
data_element,FhsluSL76kM,ESV-ICD11 KA22.1 - Large newborn for gestational age,ESV-ICD11 - KA22.1,INTEGER_ZERO_OR_POSITIVE,AGGREGATE,,,,newborn,534,TRUE
data_element,HypNQqFAWJR,ESV-ICD11 KA22.2 - Post-term newborn,ESV-ICD11 - KA22.2,INTEGER_ZERO_OR_POSITIVE,AGGREGATE,,,,newborn,299,TRUE
data_element,Z05IPJsc0W5,ESV-ICD11 KA22 - Disorders of newborn related to long gestation or high birth weight,ESV-ICD11 - KA22,INTEGER_ZERO_OR_POSITIVE,AGGREGATE,,,,newborn,128,TRUE
data_element,Ip9exrjPSdw,ESV-ICD11 KA60 - Sepsis of fetus or newborn,ESV-ICD11 - KA60,INTEGER_ZERO_OR_POSITIVE,AGGREGATE,,,,newborn,10627,TRUE
data_element,Y0BtfHk3Lfd,ESV-ICD11 KA61 - Other bacterial infections of the fetus or newborn,ESV-ICD11 - KA61,INTEGER_ZERO_OR_POSITIVE,AGGREGATE,,,,newborn,1450,TRUE
data_element,jBcFT6TN4zu,ESV-ICD11 KA62 - Viral infection in the fetus or newborn,ESV-ICD11 - KA62,INTEGER_ZERO_OR_POSITIVE,AGGREGATE,,,,newborn,111,TRUE
data_element,yc0bzKFhiih,ESV-ICD11 KA63 - Fungal infection of fetus or newborn,ESV-ICD11 - KA63,INTEGER_ZERO_OR_POSITIVE,AGGREGATE,,,,newborn,466,TRUE
data_element,KHwaCN8C7b5,ESV-ICD11 KA65.1 - Omphalitis of newborn,ESV-ICD11 - KA65.1,INTEGER_ZERO_OR_POSITIVE,AGGREGATE,,,,newborn,2286,TRUE
data_element,gjUZkPZ3QhJ,ESV-ICD11 KA81 - Umbilical haemorrhage of newborn,ESV-ICD11 - KA81,INTEGER_ZERO_OR_POSITIVE,AGGREGATE,,,,newborn,636,TRUE
data_element,Fy6GK1dABmf,ESV-ICD11 KA84 - Haemolytic disease of fetus or newborn,ESV-ICD11 - KA84,INTEGER_ZERO_OR_POSITIVE,AGGREGATE,,,,newborn,109,TRUE
data_element,n3Wut4aSjKx,ESV-ICD11 KA88 - Disseminated intravascular coagulation of fetus or newborn,ESV-ICD11 - KA88,INTEGER_ZERO_OR_POSITIVE,AGGREGATE,,,,newborn,57,TRUE
data_element,bgkj5ZFnbO3,ESV-ICD11 KB01 - Periventricular cysts of newborn,ESV-ICD11 - KB01,INTEGER_ZERO_OR_POSITIVE,AGGREGATE,,,,newborn,8,TRUE
data_element,eXwEaxDbF4Z,ESV-ICD11 KB04 - Hypoxic ischaemic encephalopathy of newborn,ESV-ICD11 - KB04,INTEGER_ZERO_OR_POSITIVE,AGGREGATE,,,,newborn,149,TRUE
data_element,pQXNB94R5EZ,ESV-ICD11 KB08 - Disorders of muscle tone of newborn,ESV-ICD11 - KB08,INTEGER_ZERO_OR_POSITIVE,AGGREGATE,,,,newborn,81,TRUE
data_element,OYg0RBN844S,ESV-ICD11 KB23.0 - Respiratory distress syndrome of newborn,ESV-ICD11 - KB23.0,INTEGER_ZERO_OR_POSITIVE,AGGREGATE,,,,newborn,3638,TRUE
data_element,nzGrFmzOc2r,ESV-ICD11 KB23.1 - Transient tachypnoea of newborn,ESV-ICD11 - KB23.1,INTEGER_ZERO_OR_POSITIVE,AGGREGATE,,,,newborn,1125,TRUE
data_element,sRw0DsmQaaw,ESV-ICD11 KB23 - Respiratory distress of newborn,ESV-ICD11 - KB23,INTEGER_ZERO_OR_POSITIVE,AGGREGATE,,,,newborn,2317,TRUE
data_element,FybKq1vDGH9,ESV-ICD11 KB2A - Apnoea of newborn,ESV-ICD11 - KB2A,INTEGER_ZERO_OR_POSITIVE,AGGREGATE,,,,newborn,101,TRUE
data_element,dgoEWS5Q4J4,ESV-ICD11 KB2D - Respiratory failure of newborn,ESV-ICD11 - KB2D,INTEGER_ZERO_OR_POSITIVE,AGGREGATE,,,,newborn,199,TRUE
data_element,ZfIdFTEEAq7,ESV-ICD11 KB2E - Respiratory arrest of newborn,ESV-ICD11 - KB2E,INTEGER_ZERO_OR_POSITIVE,AGGREGATE,,,,newborn,76,TRUE
data_element,pWggcx9128e,ESV-ICD11 KB2K - Pulmonary cysts in newborn,ESV-ICD11 - KB2K,INTEGER_ZERO_OR_POSITIVE,AGGREGATE,,,,newborn,23,TRUE
data_element,pC8wbHjBWkQ,ESV-ICD11 KB60 - Transitory disorders of carbohydrate metabolism specific to fetus or newborn,ESV-ICD11 - KB60,INTEGER_ZERO_OR_POSITIVE,AGGREGATE,,,,newborn,153,TRUE
data_element,khftBXFw7kv,ESV-ICD11 KB63.1 - Dehydration of newborn,ESV-ICD11 - KB63.1,INTEGER_ZERO_OR_POSITIVE,AGGREGATE,,,,newborn,1165,TRUE
data_element,AZIGhi6Purn,ESV-ICD11 KB63.20 - Hyponatremia of newborn,ESV-ICD11 - KB63.20,INTEGER_ZERO_OR_POSITIVE,AGGREGATE,,,,newborn,31,TRUE
data_element,dXCsSwzAm5M,ESV-ICD11 KB63.21 - Hypernatremia of newborn,ESV-ICD11 - KB63.21,INTEGER_ZERO_OR_POSITIVE,AGGREGATE,,,,newborn,31,TRUE
data_element,bJ3tf23V7Bz,ESV-ICD11 KB63.30 - Hypokalaemia of newborn,ESV-ICD11 - KB63.30,INTEGER_ZERO_OR_POSITIVE,AGGREGATE,,,,newborn,11,TRUE
data_element,HsTMBEkNS5V,ESV-ICD11 KB63.31 - Hyperkalaemia of newborn,ESV-ICD11 - KB63.31,INTEGER_ZERO_OR_POSITIVE,AGGREGATE,,,,newborn,1,TRUE
data_element,CAarnvy3iGO,ESV-ICD11 KB87 - Intestinal obstruction of newborn,ESV-ICD11 - KB87,INTEGER_ZERO_OR_POSITIVE,AGGREGATE,,,,newborn,655,TRUE
data_element,r7F2ATVwkMv,ESV-ICD11 KB88 - Necrotising enterocolitis of newborn,ESV-ICD11 - KB88,INTEGER_ZERO_OR_POSITIVE,AGGREGATE,,,,newborn,503,TRUE
data_element,JHkKyXHPBBt,ESV-ICD11 KC20.2 - Umbilical granuloma of newborn,ESV-ICD11 - KC20.2,INTEGER_ZERO_OR_POSITIVE,AGGREGATE,,,,newborn,531,TRUE
data_element,rdG0OuoLI2W,ESV-ICD11 KC21 - Inflammatory dermatoses of the newborn,ESV-ICD11 - KC21,INTEGER_ZERO_OR_POSITIVE,AGGREGATE,,,,newborn,33,TRUE
data_element,OLNHJIX96Kz,ESV-ICD11 KD10 - Environmental hyperthermia of newborn,ESV-ICD11 - KD10,INTEGER_ZERO_OR_POSITIVE,AGGREGATE,,,,newborn,409,TRUE
data_element,uwc9VVM4mQx,ESV-ICD11 KD12 - Hypothermia of newborn,ESV-ICD11 - KD12,INTEGER_ZERO_OR_POSITIVE,AGGREGATE,,,,newborn,3597,TRUE
data_element,OWTG5Ehow63,ESV-ICD11 KD32 - Feeding problems of newborn,ESV-ICD11 - KD32,INTEGER_ZERO_OR_POSITIVE,AGGREGATE,,,,newborn,2223,TRUE
data_element,cYKwwfLOz57,HBP-El Estimated number of Sick young infant 0-2 months with Newborn infection,WBP-El Estimated number of Sick young infant 0-2 m,NUMBER,AGGREGATE,,,,newborn,0,FALSE
data_element,T0KhS48M4Md,HBP-T% Newborns < 2000 gm and/or premature KMC Initiated- non aggregated,HBP-T% Premature KMC Initiated- NA,NUMBER,AGGREGATE,,,,newborn,300,TRUE
data_element,GEJ1FWpN6fS,HBP-T% newborns received CHX on First Day after Birth-non aggregate,HBP-T% newborns received CHX-non aggregate,NUMBER,AGGREGATE,,,,newborn,264,TRUE
data_element,artM2bUpSzJ,HBP-T# of LBW newborns KMC initiated,WBP-T# of LBW newborns KMC initiated,NUMBER,AGGREGATE,,,,newborn,4032,TRUE
data_element,L9hmsQmEUZx,HBP-T# % of newborns received CHX on First Day after Birth,WBP-T# newborns received CHX,NUMBER,AGGREGATE,,,,newborn,0,FALSE
data_element,NJQFVM2HiSz,NUT_Newborns < 2500 gm,Newborns < 2500 gm,INTEGER_ZERO_OR_POSITIVE,AGGREGATE,,,,newborn,12621,TRUE
data_element,mTJTDDr6FBW,P00-1417 Fetus and newborn affected by incompetent cervix,P00-1417 Fetus and newborn affected by incompetent,INTEGER_ZERO_OR_POSITIVE,AGGREGATE,,,,newborn,14,TRUE
data_element,gwuUifMlCxO,P00-1418 Fetus and Newborn (Fetus and newborn affected by premature rupture of membranes),P00-1418 Fetus and Newborn (Fetus and newborn affe,INTEGER_ZERO_OR_POSITIVE,AGGREGATE,,,,newborn,776,TRUE
data_element,SwOjburWY2g,P00-1419 Fetus and Newborn (Fetus and newborn affected by oligohydramnios),P00-1419 Fetus and Newborn (Fetus and newborn affe,INTEGER_ZERO_OR_POSITIVE,AGGREGATE,,,,newborn,34,TRUE
data_element,RWdYmaSvPEn,P00-1420 Fetus and newborn affected by polyhydramnios,P00-1420 Fetus and newborn affected by polyhydramn,INTEGER_ZERO_OR_POSITIVE,AGGREGATE,,,,newborn,6,TRUE
data_element,qPn8Am9WRo0,P00-1423 Fetus and Newborn (Fetus and newborn affected by complications of placenta cord and membranes),P00-1423 Fetus and Newborn (Fetus and newborn affe,INTEGER_ZERO_OR_POSITIVE,AGGREGATE,,,,newborn,93,TRUE
data_element,jw7TwSQyn0x,P00-1424 Fetus and newborn affected by placenta praevia,P00-1424 Fetus and newborn affected by placenta pr,INTEGER_ZERO_OR_POSITIVE,AGGREGATE,,,,newborn,9,TRUE
data_element,hNC9qzgEDa0,P00-1425 Fetus and newborn affected by prolapsed cord,P00-1425 Fetus and newborn affected by prolapsed c,INTEGER_ZERO_OR_POSITIVE,AGGREGATE,,,,newborn,10,TRUE
data_element,MnBHYd1ckcE,P00-1426 Fetus and newborn affected by chorioamnionitis,P00-1426 Fetus and newborn affected by chorioamnio,INTEGER_ZERO_OR_POSITIVE,AGGREGATE,,,,newborn,29,TRUE
data_element,tJwJlAjgCpw,P00-1427 Fetus and newborn affected by abnormality of membranes unspecified,P00-1427 Fetus and newborn affected by abnormality,INTEGER_ZERO_OR_POSITIVE,AGGREGATE,,,,newborn,48,TRUE
data_element,BkU3LuLPj05,P00-1434 Fetus and newborn affected by abnormal uterine contractions,P00-1434 Fetus and newborn affected by abnormal ut,INTEGER_ZERO_OR_POSITIVE,AGGREGATE,,,,newborn,18,TRUE
data_element,dGyslxjuuWj,P05-1446 Fetus and Newborn (Other preterm infants),P05-1446 Fetus and Newborn (Other preterm infants),INTEGER_ZERO_OR_POSITIVE,AGGREGATE,,,,newborn,1740,TRUE
data_element,lPVduW01aOV,P20-1472 Respiratory distress of newborn,P20-1472 Respiratory distress of newborn,INTEGER_ZERO_OR_POSITIVE,AGGREGATE,,,,newborn,1109,TRUE
data_element,IX5ZNa4EOpA,P20-1473 Respiratory Distress (Respiratory distress syndrome of newborn),P20-1473 Respiratory Distress (Respiratory distres,INTEGER_ZERO_OR_POSITIVE,AGGREGATE,,,,newborn,1067,TRUE
data_element,pzGH3nEhYNJ,P20-1474 Tachypnoea (Transient tachypnoea of newborn),P20-1474 Tachypnoea (Transient tachypnoea of newbo,INTEGER_ZERO_OR_POSITIVE,AGGREGATE,,,,newborn,254,TRUE
data_element,hAHI13obEmN,P20-1475 Fetus and Newborn (Other respiratory distress of newborn),P20-1475 Fetus and Newborn (Other respiratory dist,INTEGER_ZERO_OR_POSITIVE,AGGREGATE,,,,newborn,196,TRUE
data_element,fHkTpqjgfS8,P20-1482 Respiratory Failure (Respiratory failure of newborn),P20-1482 Respiratory Failure (Respiratory failure,INTEGER_ZERO_OR_POSITIVE,AGGREGATE,,,,newborn,154,TRUE
data_element,uA02jNs1vKu,P20-1484 Fetus And Newborn (Persistent fetal circulation),P20-1484 Fetus And Newborn (Persistent fetal circu,INTEGER_ZERO_OR_POSITIVE,AGGREGATE,,,,newborn,4,TRUE
data_element,SMtkoA8ngPP,P35-1490 Sepsis (Bacterial sepsis of newborn),P35-1490 Sepsis (Bacterial sepsis of newborn),INTEGER_ZERO_OR_POSITIVE,AGGREGATE,,,,newborn,2432,TRUE
data_element,OutE0FbJAAJ,P35-1491 Sepsis (Sepsis of newborn due to anaerobes),P35-1491 Sepsis (Sepsis of newborn due to anaerobe,INTEGER_ZERO_OR_POSITIVE,AGGREGATE,,,,newborn,412,TRUE
data_element,lJ1Hpg5z960,P35-1492 Sepsis (Other bacterial sepsis of newborn),P35-1492 Sepsis (Other bacterial sepsis of newborn,INTEGER_ZERO_OR_POSITIVE,AGGREGATE,,,,newborn,1325,TRUE
data_element,XHxad8Z3UVF,P35-1493 Sepsis (Bacterial sepsis of newborn unspecified),P35-1493 Sepsis (Bacterial sepsis of newborn unspe,INTEGER_ZERO_OR_POSITIVE,AGGREGATE,,,,newborn,2278,TRUE
data_element,PlzlX4rNXLt,P50-1503 Umbilical haemorrhage of newborn,P50-1503 Umbilical haemorrhage of newborn,INTEGER_ZERO_OR_POSITIVE,AGGREGATE,,,,newborn,185,TRUE
data_element,YW2HMiebtfk,P50-1505 Isoimmunization Rh (Rh isoimmunization of fetus and newborn),P50-1505 Isoimmunization Rh (Rh isoimmunization of,INTEGER_ZERO_OR_POSITIVE,AGGREGATE,,,,newborn,108,TRUE
data_element,nOlpGbmlm3D,P50-1506 Isoimmunization ABO (ABO isoimmunization of fetus and newborn),P50-1506 Isoimmunization ABO (ABO isoimmunization,INTEGER_ZERO_OR_POSITIVE,AGGREGATE,,,,newborn,97,TRUE
data_element,ec8KD7gHQCT,P50-1518 Disseminated intravascular coagulation of fetus and newborn,P50-1518 Disseminated intravascular coagulation of,INTEGER_ZERO_OR_POSITIVE,AGGREGATE,,,,newborn,48,TRUE
data_element,yHRIC87dc32,P70-1525 Dehydration of newborn,P70-1525 Dehydration of newborn,INTEGER_ZERO_OR_POSITIVE,AGGREGATE,,,,newborn,462,TRUE
data_element,IyUY9fx4Z5B,P75-1526 Intestinal obstruction (Intestinal obstruction of newborn unspecified),P75-1526 Intestinal obstruction (Intestinal obstru,INTEGER_ZERO_OR_POSITIVE,AGGREGATE,,,,newborn,340,TRUE
data_element,WFsQt5IfJMZ,P80-1529 Hypothermia of newborn,P80-1529 Hypothermia of newborn,INTEGER_ZERO_OR_POSITIVE,AGGREGATE,,,,newborn,1055,TRUE
data_element,xMghxfJ21yA,P90-1531 Convulsions of newborn,P90-1531 Convulsions of newborn,INTEGER_ZERO_OR_POSITIVE,AGGREGATE,,,,newborn,45,TRUE
data_element,AZA2n3NLbHB,P90-1533 Feeding problems of newborn,P90-1533 Feeding problems of newborn,INTEGER_ZERO_OR_POSITIVE,AGGREGATE,,,,newborn,1022,TRUE
data_element,AYHwmEBeEQx,P90-1534 Vomiting in newborn,P90-1534 Vomiting in newborn,INTEGER_ZERO_OR_POSITIVE,AGGREGATE,,,,newborn,615,TRUE
data_element,AY2dN11R2rv,P90-1535 Slow feeding of newborn,P90-1535 Slow feeding of newborn,INTEGER_ZERO_OR_POSITIVE,AGGREGATE,,,,newborn,59,TRUE
data_element,JWUq4JlyXUT,P90-1536 Underfeeding of newborn,P90-1536 Underfeeding of newborn,INTEGER_ZERO_OR_POSITIVE,AGGREGATE,,,,newborn,93,TRUE
data_element,c61kyZnfb1y,P90-1537 Overfeeding of newborn,P90-1537 Overfeeding of newborn,INTEGER_ZERO_OR_POSITIVE,AGGREGATE,,,,newborn,17,TRUE
data_element,gGAu8MP0xFp,P90-1539 Feeding problem of newborn unspecified,P90-1539 Feeding problem of newborn unspecified,INTEGER_ZERO_OR_POSITIVE,AGGREGATE,,,,newborn,376,TRUE
data_element,H8pJnfjHoCn,P90-1540 Fetus and Newborn (Fetal death of unspecified cause),P90-1540 Fetus and Newborn (Fetal death of unspeci,INTEGER_ZERO_OR_POSITIVE,AGGREGATE,,,,newborn,94,TRUE
data_element,Z1bdVqgtDIM,WBP-T% Newborns < 2000 gm and/or premature KMC Initiated- aggregated,< 2000 gm &/or premature KMC Initiated- aggregated,PERCENTAGE,AGGREGATE,,,,newborn,4296,TRUE
data_element,Ta7NOoUaPF0,WBP-T% Newborns < 2000 gm and/or premature KMC Initiated- non aggregated, Premature KMC Initiated- non aggregated,PERCENTAGE,AGGREGATE,,,,newborn,264,TRUE
data_element,ANW47etYuPI,WBP-T% newborns received CHX on First Day after Birth -aggregate,WBP-T% newborns received CHX-aggregate,PERCENTAGE,AGGREGATE,,,,newborn,4320,TRUE
data_element,rhOeIekqhPF,WBP-T% newborns received CHX on First Day after Birth -non aggregate,WBP-T% newborns received CHX-non aggregate,PERCENTAGE,AGGREGATE,,,,newborn,2880,TRUE
data_element,weJvzEsHWWX,Z30-1998 Newborn (Single live birth),Z30-1998 Newborn (Single live birth),INTEGER_ZERO_OR_POSITIVE,AGGREGATE,,,,newborn,87,TRUE
data_element,ggWWNsxqwuu,Z30-2000 Newborn (Twins both liveborn),Z30-2000 Newborn (Twins both liveborn),INTEGER_ZERO_OR_POSITIVE,AGGREGATE,,,,newborn,62,TRUE
data_element,VLprnTKz1CS,Z30-2001 Newborn (Twins one liveborn and one stillborn),Z30-2001 Newborn (Twins one liveborn and one still,INTEGER_ZERO_OR_POSITIVE,AGGREGATE,,,,newborn,4,TRUE
data_element,eRgIVzMbDoJ,Z30-2002 Newborn (Twins both stillborn),Z30-2002 Newborn (Twins both stillborn),INTEGER_ZERO_OR_POSITIVE,AGGREGATE,,,,newborn,11,TRUE
indicator,ahhChekzTzv,CH_% of LBW newborns KMC initiated,% of LBW newborns KMC initiated,Percent,,,,,newborn,0,derived_indicator_not_queryable
indicator,JpkqSBckdle,CH_% of newborns received CHX on First Day after Birth,% of newborns received CHX,Percent,,,,,newborn,0,derived_indicator_not_queryable
indicator,vxuQ3lpc2P4,HBP-T% Newborns < 2000 gm and/or premature KMC Initiated- non aggregated,HBP-T% Premature KMC Initiated- NA,Percent,,,,,newborn,0,derived_indicator_not_queryable
indicator,YJHPr4RRpF1,HBP-T% newborns received CHX on First Day after Birth -non aggregated,HBP-T% newborns received CHX-non aggregated,Percent,,,,,newborn,0,derived_indicator_not_queryable
indicator,SuAbAJggRvS,"HSTQIND-MH2 - For every woman and newborn, competent and motivated staff are consistently available to provide routine care and manage complications",Maternal Health Standard 2,Number (Factor 1),,,,,newborn,0,derived_indicator_not_queryable
indicator,yqEwFRdDXpB,HSTQIND-NCH12 - Evidence based essential newborn care is provided,Neonatal and Child Health Standard 12,Number (Factor 1),,,,,newborn,0,derived_indicator_not_queryable
indicator,VnoJhM2aYdQ,NUT_ Percentage of Low Birth Weight (LBW) Newborns,% of LBW Newborns,Percent,,,,,newborn,0,derived_indicator_not_queryable
indicator,hiF6YybO8Ar,WBP-B# of LBW newborns KMC initiated,WBP-B# of LBW newborns KMC initiated,Number (Factor 1),,,,,newborn,0,derived_indicator_not_queryable
indicator,q2jGFsiD7oe,WBP-B% of LBW newborns KMC initiated,WBP-B%  of LBW newborns KMC initiated,Percent,,,,,newborn,0,derived_indicator_not_queryable
indicator,SREe4OinuGY,WBP-B# % of newborns received CHX on First Day after Birth,WBP-B# newborns received CHX on First Day Birth,Number (Factor 1),,,,,newborn,0,derived_indicator_not_queryable
indicator,mU7MTdefJBY,WBP-B% of newborns received CHX on First Day after Birth,WBP-B%newborns received CHX on First Day Birth,Number (Factor 1),,,,,newborn,0,derived_indicator_not_queryable
indicator,Eq9AAYLzo2O,WBP-T# of LBW newborns KMC initiated,WBP-T# of LBW newborns KMC initiated,Number (Factor 1),,,,,newborn,0,derived_indicator_not_queryable
indicator,SFfxP5NI1gw,WBP-T#  % of newborns that received at least one dose of CHX on First Day after Birth,WBP-T# newnborns received 1dose CHX  1stday  Birth,Number (Factor 1),,,,,newborn,0,derived_indicator_not_queryable
data_element,Y3QXRAACRPR,ESV-ICD11 KB27.0 - Interstitial emphysema originating in the perinatal period,ESV-ICD11 - KB27.0,INTEGER_ZERO_OR_POSITIVE,AGGREGATE,,,,perinatal,22,TRUE
data_element,EhgRE7INMuq,ESV-ICD11 KB27.1 - Pneumothorax originating in the perinatal period,ESV-ICD11 - KB27.1,INTEGER_ZERO_OR_POSITIVE,AGGREGATE,,,,perinatal,32,TRUE
data_element,SEuswXJYC57,ESV-ICD11 KB27.2 - Pneumomediastinum originating in the perinatal period,ESV-ICD11 - KB27.2,INTEGER_ZERO_OR_POSITIVE,AGGREGATE,,,,perinatal,26,TRUE
data_element,Ja7YbPWJCWg,ESV-ICD11 KB27.3 - Pneumopericardium originating in the perinatal period,ESV-ICD11 - KB27.3,INTEGER_ZERO_OR_POSITIVE,AGGREGATE,,,,perinatal,18,TRUE
data_element,mud60uSXSs4,"ESV-ICD11 KB27.4 - Pneumoperitoneum, originating in the perinatal period, due to primary pulmonary air leak syndromes",ESV-ICD11 - KB27.4,INTEGER_ZERO_OR_POSITIVE,AGGREGATE,,,,perinatal,25,TRUE
data_element,bxfOws4JUaP,ESV-ICD11 KB27 - Pulmonary air leak or related conditions originating in the perinatal period,ESV-ICD11 - KB27,INTEGER_ZERO_OR_POSITIVE,AGGREGATE,,,,perinatal,58,TRUE
data_element,V6RMpvls2jW,ESV-ICD11 KB28 - Pulmonary haemorrhage originating in the perinatal period,ESV-ICD11 - KB28,INTEGER_ZERO_OR_POSITIVE,AGGREGATE,,,,perinatal,44,TRUE
data_element,lVeoyuxwrWu,ESV-ICD11 KB29.0 - Bronchopulmonary dysplasia originating in the perinatal period,ESV-ICD11 - KB29.0,INTEGER_ZERO_OR_POSITIVE,AGGREGATE,,,,perinatal,38,TRUE
data_element,nlvATwG0VNE,ESV-ICD11 KB29 - Chronic respiratory disease originating in the perinatal period,ESV-ICD11 - KB29,INTEGER_ZERO_OR_POSITIVE,AGGREGATE,,,,perinatal,74,TRUE
data_element,mJX88sylS2d,ESV-ICD11 KD3Y - Other specified disorders originating in the perinatal period,ESV-ICD11 - KD3Y,INTEGER_ZERO_OR_POSITIVE,AGGREGATE,,,,perinatal,491,TRUE
data_element,gHoQEcAIztX,P35-1497 Osteoarthritis (Other infections specific to the perinatal period),P35-1497 Osteoarthritis (Other infections specific,INTEGER_ZERO_OR_POSITIVE,AGGREGATE,,,,perinatal,339,TRUE
data_element,nuXUCC96Rl7,P50-1521 Perinatal haematological disorder unspecified,P50-1521 Perinatal haematological disorder unspeci,INTEGER_ZERO_OR_POSITIVE,AGGREGATE,,,,perinatal,144,TRUE
data_element,nCfubMXK8oP,P75-1528 Perinatal digestive system disorder unspecified,P75-1528 Perinatal digestive system disorder unspe,INTEGER_ZERO_OR_POSITIVE,AGGREGATE,,,,perinatal,226,TRUE
data_element,gER4XDH5pKf,"EHCRIG0405 - If the HC has OR block, The Health Centre should ensure provision of Comphrensive Emergency obstetrics and New born Care (CEmONC) services for 24/7.",HC should ensure provision of CEmONC services 24/7,BOOLEAN,AGGREGATE,,,,obstetric,0,FALSE
data_element,mXhVODESgcY,ESV-ICD11 1C14 - Obstetrical tetanus,ESV-ICD11 - 1C14,INTEGER_ZERO_OR_POSITIVE,AGGREGATE,,,,obstetric,522,TRUE
data_element,jwx5r7chzLs,ESV-ICD11 JB0A.7 - Obstetric damage to pelvic joints or ligaments,ESV-ICD11 - JB0A.7,INTEGER_ZERO_OR_POSITIVE,AGGREGATE,,,,obstetric,102,TRUE
data_element,E8uqeIOOC9Q,ESV-ICD11 JB0A.8 - Obstetric haematoma of pelvis,ESV-ICD11 - JB0A.8,INTEGER_ZERO_OR_POSITIVE,AGGREGATE,,,,obstetric,99,TRUE
data_element,dt8dY3X7hC9,ESV-ICD11 JB0A - Certain specified obstetric trauma,ESV-ICD11 - JB0A,INTEGER_ZERO_OR_POSITIVE,AGGREGATE,,,,obstetric,967,TRUE
data_element,LyG1YNQbm1x,ESV-ICD11 JB42.0 - Obstetric air embolism,ESV-ICD11 - JB42.0,INTEGER_ZERO_OR_POSITIVE,AGGREGATE,,,,obstetric,95,TRUE
data_element,VWzjljT5tgH,ESV-ICD11 JB42.2 - Obstetric blood-clot embolism,ESV-ICD11 - JB42.2,INTEGER_ZERO_OR_POSITIVE,AGGREGATE,,,,obstetric,49,TRUE
data_element,gXh476SrJUc,ESV-ICD11 JB42 - Obstetric embolism,ESV-ICD11 - JB42,INTEGER_ZERO_OR_POSITIVE,AGGREGATE,,,,obstetric,44,TRUE
data_element,LWoAIoR2Ryh,ESV-ICD11 JB62.0 - Death from sequelae of direct obstetric cause,ESV-ICD11 - JB62.0,INTEGER_ZERO_OR_POSITIVE,AGGREGATE,,,,obstetric,39,TRUE
data_element,tOZcHkThkoS,ESV-ICD11 JB62.1 - Death from sequelae of indirect obstetric cause,ESV-ICD11 - JB62.1,INTEGER_ZERO_OR_POSITIVE,AGGREGATE,,,,obstetric,39,TRUE
data_element,ucLMeRA2TgG,ESV-ICD11 JB62 - Death from sequelae of obstetric causes,ESV-ICD11 - JB62,INTEGER_ZERO_OR_POSITIVE,AGGREGATE,,,,obstetric,58,TRUE
data_element,sRyFDCE2b3P,MAT_Obstetric Fistula Cases by Age,Obstetric Fistula Cases by Age,INTEGER_ZERO_OR_POSITIVE,AGGREGATE,,,,obstetric,42112,TRUE
data_element,Rc6kyqCLHUv,MAT_Obstetric Fistula Cases Treated by Age,Obstetric Fistula Cases Treated by Age,INTEGER_ZERO_OR_POSITIVE,AGGREGATE,,,,obstetric,42104,TRUE
data_element,lACCGSBgost,O60-1357 Obstetric trauma unspecified,O60-1357 Obstetric trauma unspecified,INTEGER_ZERO_OR_POSITIVE,AGGREGATE,,,,obstetric,2679,TRUE
data_element,xnjcjXB7CEn,O60-1373 Other complications of obstetric surgery and procedures,O60-1373 Other complications of obstetric surgery,INTEGER_ZERO_OR_POSITIVE,AGGREGATE,,,,obstetric,131,TRUE
data_element,px87LBDNY8T,O85-1393 Infection of obstetric surgical wound,O85-1393 Infection of obstetric surgical wound,INTEGER_ZERO_OR_POSITIVE,AGGREGATE,,,,obstetric,2612,TRUE
data_element,JtE7zrxypXo,O85-1395 Obstetric embolism,O85-1395 Obstetric embolism,INTEGER_ZERO_OR_POSITIVE,AGGREGATE,,,,obstetric,57,TRUE
data_element,rXN5ivP0WLB,O85-1396 Air Embolism (Obstetric air embolism),O85-1396 Air Embolism (Obstetric air embolism),INTEGER_ZERO_OR_POSITIVE,AGGREGATE,,,,obstetric,26,TRUE
data_element,H73VsUhGxGm,O85-1399 Disruption of perineal obstetric wound,O85-1399 Disruption of perineal obstetric wound,INTEGER_ZERO_OR_POSITIVE,AGGREGATE,,,,obstetric,310,TRUE
data_element,Od7Du4C99OB,O94-1406 Death from direct obstetric cause,O94-1406 Death from direct obstetric cause,INTEGER_ZERO_OR_POSITIVE,AGGREGATE,,,,obstetric,72,TRUE
data_element,U7otDLRdsts,O94-1407 Death from indirect obstetric cause,O94-1407 Death from indirect obstetric cause,INTEGER_ZERO_OR_POSITIVE,AGGREGATE,,,,obstetric,67,TRUE
data_element,CS2F9PJQDbU,RMNCH - Obstetric fistula care provided,Obstetric fistula care provided,BOOLEAN,AGGREGATE,,,,obstetric,4535,TRUE
data_element,wRC6NGAGjTp,ESV-ICD11 JA21 - Pre-eclampsia superimposed on chronic hypertension,ESV-ICD11 - JA21,INTEGER_ZERO_OR_POSITIVE,AGGREGATE,,,,eclampsia,906,TRUE
data_element,MFAZcW0HEUg,ESV-ICD11 JA24.0 - Mild to moderate pre-eclampsia,ESV-ICD11 - JA24.0,INTEGER_ZERO_OR_POSITIVE,AGGREGATE,,,,eclampsia,1328,TRUE
data_element,onIgJN7FFUn,ESV-ICD11 JA24 - Pre-eclampsia,ESV-ICD11 - JA24,INTEGER_ZERO_OR_POSITIVE,AGGREGATE,,,,eclampsia,9536,TRUE
data_element,SDdjCsA3bvE,ESV-ICD11 JA25 - Eclampsia,ESV-ICD11 - JA25,INTEGER_ZERO_OR_POSITIVE,AGGREGATE,,,,eclampsia,5579,TRUE
data_element,NUF3NV7WZIC,O10-1222 Moderate pre-eclampsia,O10-1222 Moderate pre-eclampsia,INTEGER_ZERO_OR_POSITIVE,AGGREGATE,,,,eclampsia,800,TRUE
data_element,T269kPxN0G9,O10-1223 Severe pre-eclampsia,O10-1223 Severe pre-eclampsia,INTEGER_ZERO_OR_POSITIVE,AGGREGATE,,,,eclampsia,2890,TRUE
data_element,NX3tXatAQBk,O10-1225 Pre-eclampsia (Pre-eclampsia unspecified),O10-1225 Pre-eclampsia (Pre-eclampsia unspecified),INTEGER_ZERO_OR_POSITIVE,AGGREGATE,,,,eclampsia,4110,TRUE
data_element,lF3iQ2up9a9,O10-1226 Eclampsia,O10-1226 Eclampsia,INTEGER_ZERO_OR_POSITIVE,AGGREGATE,,,,eclampsia,2747,TRUE
data_element,KpTe9J3dNso,O10-1229 Eclampsia unspecified as to time period,O10-1229 Eclampsia unspecified as to time period,INTEGER_ZERO_OR_POSITIVE,AGGREGATE,,,,eclampsia,263,TRUE
data_element,eMOEvvUvmBZ,ESV-ICD11 8B00 - Intracerebral haemorrhage,ESV-ICD11 - 8B00,INTEGER_ZERO_OR_POSITIVE,AGGREGATE,,,,haemorrhage,5935,TRUE
data_element,QtzoxBB4KuP,ESV-ICD11 8B01 - Subarachnoid haemorrhage,ESV-ICD11 - 8B01,INTEGER_ZERO_OR_POSITIVE,AGGREGATE,,,,haemorrhage,3044,TRUE
data_element,lYiXGjpLpxV,ESV-ICD11 8B02 - Nontraumatic subdural haemorrhage,ESV-ICD11 - 8B02,INTEGER_ZERO_OR_POSITIVE,AGGREGATE,,,,haemorrhage,7031,TRUE
data_element,YjroEzu7WYo,ESV-ICD11 8B03 - Nontraumatic epidural haemorrhage,ESV-ICD11 - 8B03,INTEGER_ZERO_OR_POSITIVE,AGGREGATE,,,,haemorrhage,2491,TRUE
data_element,UvZl5RPomBs,"ESV-ICD11 8B0Z - Intracranial haemorrhage, unspecified",ESV-ICD11 - 8B0Z,INTEGER_ZERO_OR_POSITIVE,AGGREGATE,,,,haemorrhage,6714,TRUE
data_element,s1ejO69PGZF,ESV-ICD11 9A25.4 - Haemorrhage of orbit,ESV-ICD11 - 9A25.4,INTEGER_ZERO_OR_POSITIVE,AGGREGATE,,,,haemorrhage,1394,TRUE
data_element,Qm2VAYDBsvw,ESV-ICD11 9A61.5 - Conjunctival or subconjunctival haemorrhage,ESV-ICD11 - 9A61.5,INTEGER_ZERO_OR_POSITIVE,AGGREGATE,,,,haemorrhage,21577,TRUE
data_element,HpDgHCSuxpv,ESV-ICD11 9B63 - Choroidal haemorrhage or rupture,ESV-ICD11 - 9B63,INTEGER_ZERO_OR_POSITIVE,AGGREGATE,,,,haemorrhage,325,TRUE
data_element,KjYgPHydKCM,ESV-ICD11 9B83 - Vitreous haemorrhage,ESV-ICD11 - 9B83,INTEGER_ZERO_OR_POSITIVE,AGGREGATE,,,,haemorrhage,1950,TRUE
data_element,hJaDtuUyuAq,ESV-ICD11 JA41 - Antepartum haemorrhage,ESV-ICD11 - JA41,INTEGER_ZERO_OR_POSITIVE,AGGREGATE,,,,haemorrhage,7174,TRUE
data_element,zl5F88HEZVx,ESV-ICD11 JA42 - Intrapartum haemorrhage,ESV-ICD11 - JA42,INTEGER_ZERO_OR_POSITIVE,AGGREGATE,,,,haemorrhage,499,TRUE
data_element,Im0QtMf2Q0N,ESV-ICD11 JA43.1 - Other immediate postpartum haemorrhage,ESV-ICD11 - JA43.1,INTEGER_ZERO_OR_POSITIVE,AGGREGATE,,,,haemorrhage,427,TRUE
data_element,tjvgGuN1btC,ESV-ICD11 JA43.2 - Delayed or secondary postpartum haemorrhage,ESV-ICD11 - JA43.2,INTEGER_ZERO_OR_POSITIVE,AGGREGATE,,,,haemorrhage,145,TRUE
data_element,udwYPVQdpa5,ESV-ICD11 JA43 - Postpartum haemorrhage,ESV-ICD11 - JA43,INTEGER_ZERO_OR_POSITIVE,AGGREGATE,,,,haemorrhage,4986,TRUE
data_element,gW1cSiBYq70,ESV-ICD11 JB0B.0 - Retained placenta without haemorrhage,ESV-ICD11 - JB0B.0,INTEGER_ZERO_OR_POSITIVE,AGGREGATE,,,,haemorrhage,1234,TRUE
data_element,tGJhVOvv7Cu,"ESV-ICD11 JB0B - Retained placenta or membranes, without haemorrhage",ESV-ICD11 - JB0B,INTEGER_ZERO_OR_POSITIVE,AGGREGATE,,,,haemorrhage,963,TRUE
data_element,g6QqAE8MZdk,ESV-ICD11 KA40.00 - Subdural haemorrhage due to birth injury,ESV-ICD11 - KA40.00,INTEGER_ZERO_OR_POSITIVE,AGGREGATE,,,,haemorrhage,178,TRUE
data_element,Wvtzdf766UT,ESV-ICD11 KA40.01 - Cerebral haemorrhage due to birth injury,ESV-ICD11 - KA40.01,INTEGER_ZERO_OR_POSITIVE,AGGREGATE,,,,haemorrhage,67,TRUE
data_element,y2eETCQQjkr,ESV-ICD11 KA40.02 - Cerebellar haemorrhage due to birth injury,ESV-ICD11 - KA40.02,INTEGER_ZERO_OR_POSITIVE,AGGREGATE,,,,haemorrhage,36,TRUE
data_element,GUDnFjygZR7,ESV-ICD11 KA40.03 - Intraventricular haemorrhage due to birth injury,ESV-ICD11 - KA40.03,INTEGER_ZERO_OR_POSITIVE,AGGREGATE,,,,haemorrhage,42,TRUE
data_element,Byi1oLrnklV,ESV-ICD11 KA40.04 - Subarachnoid haemorrhage due to birth injury,ESV-ICD11 - KA40.04,INTEGER_ZERO_OR_POSITIVE,AGGREGATE,,,,haemorrhage,10,TRUE
data_element,QllD0PwHgP9,ESV-ICD11 KA40.08 - Extradural or epidural haemorrhage due to birth injury,ESV-ICD11 - KA40.08,INTEGER_ZERO_OR_POSITIVE,AGGREGATE,,,,haemorrhage,45,TRUE
data_element,daXdkz1O8KR,ESV-ICD11 KA42.4 - Subgaleal epicranial subaponeurotic haemorrhage due to birth injury,ESV-ICD11 - KA42.4,INTEGER_ZERO_OR_POSITIVE,AGGREGATE,,,,haemorrhage,1089,TRUE
data_element,oZyRI4veuSJ,I60-676 Haemorrhage (Intracerebral haemorrhage),I60-676 Haemorrhage (Intracerebral haemorrhage),INTEGER_ZERO_OR_POSITIVE,AGGREGATE,,,,haemorrhage,2710,TRUE
data_element,ODyImktsXHU,I60-677 Hemorrhage (Intracranial haemorrhage (nontraumatic) unspecified),I60-677 Hemorrhage (Intracranial haemorrhage (nont,INTEGER_ZERO_OR_POSITIVE,AGGREGATE,,,,haemorrhage,15800,TRUE
data_element,EpSqvc2Ei7O,I60-686 Hemiplegia And Hemiparesis (Sequelae of subarachnoid haemorrhage),I60-686 Hemiplegia And Hemiparesis (Sequelae of su,INTEGER_ZERO_OR_POSITIVE,AGGREGATE,,,,haemorrhage,693,TRUE
data_element,B85PsgRIsZY,I60-687 Cognitive Deficits (Sequelae of intracerebral haemorrhage),I60-687 Cognitive Deficits (Sequelae of intracereb,INTEGER_ZERO_OR_POSITIVE,AGGREGATE,,,,haemorrhage,73,TRUE
data_element,qu37jAjk8rE,I60-688 Speech And Language Deficits (Sequelae of intracerebral haemorrhage),I60-688 Speech And Language Deficits (Sequelae of,INTEGER_ZERO_OR_POSITIVE,AGGREGATE,,,,haemorrhage,132,TRUE
data_element,xYuuKYZSg6w,I60-689 Hemiplegia And Hemiparesis (Sequelae of other nontraumatic intracranial haemorrhage),I60-689 Hemiplegia And Hemiparesis (Sequelae of ot,INTEGER_ZERO_OR_POSITIVE,AGGREGATE,,,,haemorrhage,543,TRUE
data_element,Xx80qeKBqsm,I60-691 Stroke (Sequelae of stroke not specified as haemorrhage or infarction),I60-691 Stroke (Sequelae of stroke not specified a,INTEGER_ZERO_OR_POSITIVE,AGGREGATE,,,,haemorrhage,8477,TRUE
data_element,CJFxJKVahbf,K55-876 Haemorrhage (Haemorrhage of anus and rectum),K55-876 Haemorrhage (Haemorrhage of anus and rectu,INTEGER_ZERO_OR_POSITIVE,AGGREGATE,,,,haemorrhage,11857,TRUE
data_element,Mr6OdS65fYk,K90-910 Haemorrhage (Gastrointestinal haemorrhage unspecified),K90-910 Haemorrhage (Gastrointestinal haemorrhage,INTEGER_ZERO_OR_POSITIVE,AGGREGATE,,,,haemorrhage,6038,TRUE
data_element,DSE4VWw4uf8,N80-1178 Haemorrhage (Other specified abnormal uterine and vaginal bleeding),N80-1178 Haemorrhage (Other specified abnormal ute,INTEGER_ZERO_OR_POSITIVE,AGGREGATE,,,,haemorrhage,6567,TRUE
data_element,iyTOogN0UeM,N80-1184 Haemorrhage (Postmenopausal bleeding),N80-1184 Haemorrhage (Postmenopausal bleeding),INTEGER_ZERO_OR_POSITIVE,AGGREGATE,,,,haemorrhage,713,TRUE
data_element,hM79L2Fffwb,O30-1302 Placenta Previa (Placenta praevia specified as without haemorrhage),O30-1302 Placenta Previa (Placenta praevia specifi,INTEGER_ZERO_OR_POSITIVE,AGGREGATE,,,,haemorrhage,198,TRUE
data_element,IEjeuIGU58m,O30-1303 Placenta Previa (Placenta praevia with haemorrhage),O30-1303 Placenta Previa (Placenta praevia with ha,INTEGER_ZERO_OR_POSITIVE,AGGREGATE,,,,haemorrhage,438,TRUE
data_element,zF8m83W0plG,O30-1305 Antepartum haemorrhage not elsewhere classified,O30-1305 Antepartum haemorrhage not elsewhere clas,INTEGER_ZERO_OR_POSITIVE,AGGREGATE,,,,haemorrhage,1524,TRUE
data_element,rTT79Uftgbz,O30-1306 Haemorrhage (Antepartum haemorrhage unspecified),O30-1306 Haemorrhage (Antepartum haemorrhage unspe,INTEGER_ZERO_OR_POSITIVE,AGGREGATE,,,,haemorrhage,2338,TRUE
data_element,Wa1XuXurAEh,O60-1345 Haemorrhage (Intrapartum haemorrhage unspecified),O60-1345 Haemorrhage (Intrapartum haemorrhage unsp,INTEGER_ZERO_OR_POSITIVE,AGGREGATE,,,,haemorrhage,278,TRUE
data_element,eAnSbs1nL6Y,O60-1358 Haemorrhage (Postpartum haemorrhage),O60-1358 Haemorrhage (Postpartum haemorrhage),INTEGER_ZERO_OR_POSITIVE,AGGREGATE,,,,haemorrhage,2572,TRUE
data_element,hvmd9ctSua6,O60-1359 Third-stage haemorrhage,O60-1359 Third-stage haemorrhage,INTEGER_ZERO_OR_POSITIVE,AGGREGATE,,,,haemorrhage,98,TRUE
data_element,SmgLz4Ru7n5,O60-1360 Other immediate postpartum haemorrhage,O60-1360 Other immediate postpartum haemorrhage,INTEGER_ZERO_OR_POSITIVE,AGGREGATE,,,,haemorrhage,212,TRUE
data_element,FFEIA6rjE1T,O60-1361 Haemorrhage (Delayed and secondary postpartum haemorrhage),O60-1361 Haemorrhage (Delayed and secondary postpa,INTEGER_ZERO_OR_POSITIVE,AGGREGATE,,,,haemorrhage,144,TRUE
data_element,eEwcjuoqvnx,O60-1362 Retained placenta and membranes without haemorrhage,O60-1362 Retained placenta and membranes without h,INTEGER_ZERO_OR_POSITIVE,AGGREGATE,,,,haemorrhage,631,TRUE
data_element,pqqd9bBq8y6,O60-1363 Placenta (Retained placenta without haemorrhage),O60-1363 Placenta (Retained placenta without haemo,INTEGER_ZERO_OR_POSITIVE,AGGREGATE,,,,haemorrhage,506,TRUE
data_element,Y3vz3z6zXnF,O60-1364 Retained portions of placenta and membranes without haemorrhage,O60-1364 Retained portions of placenta and membran,INTEGER_ZERO_OR_POSITIVE,AGGREGATE,,,,haemorrhage,128,TRUE
data_element,dosFa1wL2oH,P10-1451 Birth Injuries (Unspecified intracranial laceration and haemorrhage due to birth injury),P10-1451 Birth Injuries (Unspecified intracranial,INTEGER_ZERO_OR_POSITIVE,AGGREGATE,,,,haemorrhage,227,TRUE
data_element,iOhlTjGYxpt,R00-1618 Haemorrhage from respiratory passages,R00-1618 Haemorrhage from respiratory passages,INTEGER_ZERO_OR_POSITIVE,AGGREGATE,,,,haemorrhage,170,TRUE
data_element,Esw0wwql2zW,R00-1621 Haemorrhage (Haemorrhage from respiratory passages unspecified),R00-1621 Haemorrhage (Haemorrhage from respiratory,INTEGER_ZERO_OR_POSITIVE,AGGREGATE,,,,haemorrhage,352,TRUE
data_element,hGlVZTBqRoT,R50-1758 Haemorrhage (Haemorrhage not elsewhere classified),R50-1758 Haemorrhage (Haemorrhage not elsewhere cl,INTEGER_ZERO_OR_POSITIVE,AGGREGATE,,,,haemorrhage,887,TRUE
data_element,Trq2tLsOcqS,T80-1897 Haemorrhage and haematoma complicating a procedure not elsewhere classified,T80-1897 Haemorrhage and haematoma complicating a,INTEGER_ZERO_OR_POSITIVE,AGGREGATE,,,,haemorrhage,590,TRUE
data_element,xOMNqgdHMJq,MAT_Postpartum Hemorrhage (PPH),Postpartum Hemorrhage (PPH),INTEGER_ZERO_OR_POSITIVE,AGGREGATE,,,,hemorrhage,17881,TRUE
data_element,hmJLWRclVUP,WBP-T% Women developed Postpartum Hemorrhage (PPH)-aggregate,WBP-T% Postpartum Hemorrhage (PPH)-aggregate,PERCENTAGE,AGGREGATE,,,,hemorrhage,4284,TRUE
data_element,He6I7A74tS2,WBP-T% Women developed Postpartum Hemorrhage (PPH)-non aggregate,WBP-T% Postpartum Hemorrhage (PPH)-non aggregate,PERCENTAGE,AGGREGATE,,,,hemorrhage,264,TRUE
indicator,mtYQFM2XTlv,HOSP_KPI - Percentage of women who died from Post-Partum Hemorrhage,% of women who died from Post-Partum Hemorrhage,Percent,,,,,hemorrhage,0,derived_indicator_not_queryable
indicator,qRRX6XFKw0g,MAT_Women Developed Postpartum hemorrhage (PPH),% Women with PPH,Percent,,,,,hemorrhage,0,derived_indicator_not_queryable
indicator,nHo9Nx4EveL,WBP-B#  Women Developed Postpartum hemorrhage (PPH),WBP-B#  Women with PPH,Number (Factor 1),,,,,hemorrhage,0,derived_indicator_not_queryable
indicator,YzKhBKxH69M,WBP-B% Women Developed Postpartum hemorrhage (PPH),WBP-B% Women with PPH,Number (Factor 1),,,,,hemorrhage,0,derived_indicator_not_queryable
indicator,NiMvRB9NUTx,WBP-T#  Women Developed Postpartum hemorrhage (PPH),WBP-T# Postpartum hemorrhage (PPH),Number (Factor 1),,,,,hemorrhage,0,derived_indicator_not_queryable
data_element,Bw2kF95ZRxO,HBP-T# Caesarean Section (C/S) Rate,WBP-T# Caesarean Section (C/S) Rate,NUMBER,AGGREGATE,,,,caesarean,4032,TRUE
data_element,dGvbhj60LMf,HBP-T% Caesarean Section (C/S) Rate- non aggregate,HBP-T% Caesarean Section rate- NA,NUMBER,AGGREGATE,,,,caesarean,348,TRUE
data_element,VAwGaDJTcbm,MAT_Births By Caesarean Section,Births By Caesarean Section,INTEGER_ZERO_OR_POSITIVE,AGGREGATE,,,,caesarean,12428,TRUE
data_element,npT1vaFevMx,O85-1398 Disruption of caesarean section wound,O85-1398 Disruption of caesarean section wound,INTEGER_ZERO_OR_POSITIVE,AGGREGATE,,,,caesarean,365,TRUE
data_element,D0cG3JY7a7v,WBP-T% Caesarean Section (C/S) Rate-aggregate,Caesarean Section rate-aggregate,PERCENTAGE,AGGREGATE,,,,caesarean,4212,TRUE
data_element,Q3HsrAuxb3m,WBP-T% Caesarean Section (C/S) Rate- non aggregate,Caesarean Section rate- non aggregate,PERCENTAGE,AGGREGATE,,,,caesarean,324,TRUE
indicator,zZtCuXH67wu,ACCESS - Caesarean section service availability,Caesarean section service availability,Percent,,,,,caesarean,0,derived_indicator_not_queryable
indicator,RuGgvd1CyIH,HBP-T% Caesarean Section (C/S) Rate- non aggregate,HBP-T% Caesarean Section rate- NA,Percent,,,,,caesarean,0,derived_indicator_not_queryable
indicator,iMMy5SY9mnx,MAT_Caesarean Section (C/S) Rate, Caesarean Section Rate,Percent,,,,,caesarean,0,derived_indicator_not_queryable
indicator,LoPZDqBvmR2,WBP-B# Caesarean Section (C/S) Rate, WBP-B# Caesarean Section Rate,Number (Factor 1),,,,,caesarean,0,derived_indicator_not_queryable
indicator,PfufqZPSWuf,WBP-B% Caesarean Section (C/S) Rate, WBP-B% Caesarean Section Rate,Number (Factor 1),,,,,caesarean,0,derived_indicator_not_queryable
indicator,Xh0fck58i6t,WBP-T# Caesarean Section (C/S) Rate,Caesarean Section (C/S) Rate,Number (Factor 1),,,,,caesarean,0,derived_indicator_not_queryable
data_element,O8MWgZO3UKU,RMNCH - Cesarean section service provided,Cn service provided,BOOLEAN,AGGREGATE,,,,cesarean,4653,TRUE
