org_unit_id,org_unit_name,region_id,region_name,care_provided,cases,treated,treatment_rate,unrepaired,has_any_care,has_any_cases,high_burden_no_care
A0zkV0SoMVJ,Bako Tibe Woreda,XU2wpLlX4Vk,Oromia,42,2,0,0,2,TRUE,TRUE,FALSE
A23tT2CDaeD,Gunchire Town,tDoLtk2ylu4,Central Ethiopia,4,0,0,NA,0,TRUE,FALSE,FALSE
A7YwAzKc36b,Yoya Medium clinic,XU2wpLlX4Vk,Oromia,4,0,0,NA,0,TRUE,FALSE,FALSE
A7uZRhg6aCO,Afdera Woreda,UFtGyqJMEZh,Afar,58,0,0,NA,0,TRUE,FALSE,FALSE
A8ScYAsgjRC,Deder Woreda,XU2wpLlX4Vk,Oromia,162,4,2,0.5,2,TRUE,TRUE,FALSE
A9EwuqNgQJ9,Endrias Medium Clinic,a2QIIR2UXcd,South Ethiopia,0,0,0,NA,0,FALSE,FALSE,FALSE
AAZm5OULgog,Faris Primary Clinic,XU2wpLlX4Vk,Oromia,0,0,0,NA,0,FALSE,FALSE,FALSE
AD6WqNnpNuS,Debrebirhan DIC,yb9NKGA8uqt,Amhara,13,0,0,NA,0,TRUE,FALSE,FALSE
AFud7NpW9jF,Kamashi Woreda,Fccw8uMlJHN,Benishangul-Gumuz,33,2,0,0,2,TRUE,TRUE,FALSE
AGRGyGT3l8M,Amanuel Medium Clinic,XU2wpLlX4Vk,Oromia,0,0,0,NA,0,FALSE,FALSE,FALSE
AHXWiW2Yfqg,Awol Mohammed Primary Clinic,yb9NKGA8uqt,Amhara,0,0,0,NA,0,FALSE,FALSE,FALSE
AHdAtctd5ph,Ayder Comprehensive Specialized Hospital,Gmw0DJLXGtx,Tigray,12,7,4,0.5714285714285714,3,TRUE,TRUE,FALSE
AIUrsEhGoUz,Yookoo Maternal And Child Health Speciality Center,yY9BLUUegel,Addis Ababa,21,1,1,1,0,TRUE,TRUE,FALSE
AJOnDV5TVE2,Ayehu Guagusa Woreda,yb9NKGA8uqt,Amhara,73,0,0,NA,0,TRUE,FALSE,FALSE
AK7ZvCzX43Z,Laska Zuria Woreda,a2QIIR2UXcd,South Ethiopia,24,0,5,NA,0,TRUE,FALSE,FALSE
ANSFe66NyoN,Teru Woreda,UFtGyqJMEZh,Afar,8,0,0,NA,0,TRUE,FALSE,FALSE
AO7OvAsjUKx,Abi Adi general Hospital,Gmw0DJLXGtx,Tigray,24,0,0,NA,0,TRUE,FALSE,FALSE
APkYr5Hm2Ky,Beza Dessie Drop In Center_Closed,yb9NKGA8uqt,Amhara,0,0,0,NA,0,FALSE,FALSE,FALSE
ARwgP9jbECG,Waliso 03 PHCU,XU2wpLlX4Vk,Oromia,1,0,0,NA,0,TRUE,FALSE,FALSE
ATMFZcm0AED,Doctor Abdu Adem Medium Clinic,yb9NKGA8uqt,Amhara,13,0,0,NA,0,TRUE,FALSE,FALSE
AVWmdQ9QSVb,Abobo Woreda,moBiwh9h5Ce,Gambella,39,0,0,NA,0,TRUE,FALSE,FALSE
AWxRySw3qlP,Ziquala Primary Hospital,yb9NKGA8uqt,Amhara,15,3,0,0,3,TRUE,TRUE,FALSE
AYik79uiGts,Mulusew Medium Clinic,XU2wpLlX4Vk,Oromia,8,0,0,NA,0,TRUE,FALSE,FALSE
AbOpQuDjC2s,Quiha Woreda,Gmw0DJLXGtx,Tigray,15,0,0,NA,0,TRUE,FALSE,FALSE
AcAopy8b7iB,Korem Town,Gmw0DJLXGtx,Tigray,8,0,0,NA,0,TRUE,FALSE,FALSE
Ad2psLV9wXh,Bulki Town Administration,a2QIIR2UXcd,South Ethiopia,20,0,0,NA,0,TRUE,FALSE,FALSE
Ad5m9Z3kNaj,Family Guidance Association Medium Clinic,yb9NKGA8uqt,Amhara,1,0,0,NA,0,TRUE,FALSE,FALSE
AdI66XH6S81,Tocha Woreda,HIlnt7Qj8do,South West Ethiopia,14,1,0,0,1,TRUE,TRUE,FALSE
AgZxjvnqJ5V,Nur Medium Clinic,XU2wpLlX4Vk,Oromia,0,0,0,NA,0,FALSE,FALSE,FALSE
Ah6c5jZfyS8,Sodo Christian General Hospital,a2QIIR2UXcd,South Ethiopia,0,0,0,NA,0,FALSE,FALSE,FALSE
AiSwERlhGkA,Telemt Woreda,yb9NKGA8uqt,Amhara,91,0,0,NA,0,TRUE,FALSE,FALSE
AiuOwi8E26J,Abdiboru Medium Clinic,XU2wpLlX4Vk,Oromia,0,0,0,NA,0,FALSE,FALSE,FALSE
Ajl5cNszlRr,National Medium Clinic,yY9BLUUegel,Addis Ababa,2,0,0,NA,0,TRUE,FALSE,FALSE
Ak2MfCGVsAu,Aba Sena Primary Hospital,XU2wpLlX4Vk,Oromia,18,0,0,NA,0,TRUE,FALSE,FALSE
Algdiwz6c25,Shakiso_PHCU,XU2wpLlX4Vk,Oromia,3,1,0,0,1,TRUE,TRUE,FALSE
AlxBaXaJtb4,East Wollega Zone Prison Primary Clinic,XU2wpLlX4Vk,Oromia,0,0,0,NA,0,FALSE,FALSE,FALSE
AmFjQIHtfG5,Gindebert Woreda,XU2wpLlX4Vk,Oromia,66,4,1,0.25,3,TRUE,TRUE,FALSE
AmTAQbQCzWd,Limu Seka Woreda,XU2wpLlX4Vk,Oromia,66,0,0,NA,0,TRUE,FALSE,FALSE
Ampy6gLwenv,Liban Jawi Woreda,XU2wpLlX4Vk,Oromia,29,0,0,NA,0,TRUE,FALSE,FALSE
AmqVLwUPgFR,Wacha Town Administration,a2QIIR2UXcd,South Ethiopia,4,2,0,0,2,TRUE,TRUE,FALSE
Ao8dqdCw41l,Dozer Ulami_PHCU,moBiwh9h5Ce,Gambella,3,0,0,NA,0,TRUE,FALSE,FALSE
AoYtAD0G17q,Darara Woreda,xNUoZIrGKxQ,Sidama,17,4,2,0.5,2,TRUE,TRUE,FALSE
Ap1S0RN6k7T,Amiro MCH Speciality`Medical Center,yb9NKGA8uqt,Amhara,21,0,0,NA,0,TRUE,FALSE,FALSE
ApTvNxWOnSn,Tewekel Medium Clinic,yb9NKGA8uqt,Amhara,0,0,0,NA,0,FALSE,FALSE,FALSE
ApqOivYZinC,Melka Soda Woreda,XU2wpLlX4Vk,Oromia,35,0,0,NA,0,TRUE,FALSE,FALSE
AqBoPkmE7zV,Temam Primary Clinic,XU2wpLlX4Vk,Oromia,0,0,0,NA,0,FALSE,FALSE,FALSE
At4FXW9MuzZ,Mena Meketewa Woreda,yb9NKGA8uqt,Amhara,22,0,0,NA,0,TRUE,FALSE,FALSE
AtJeH7zgf0R,Elshaday Medium Clinic,yb9NKGA8uqt,Amhara,0,0,0,NA,0,FALSE,FALSE,FALSE
AtVHG8XUy6c,New Path Health Care Surgery And Internal Medicine Specialty Clinic,yb9NKGA8uqt,Amhara,0,0,0,NA,0,FALSE,FALSE,FALSE
Auud5lDQ7xC,Getawe Medium Clinic,yb9NKGA8uqt,Amhara,4,0,0,NA,0,TRUE,FALSE,FALSE
AvU10CEjoFq,Beriso Primary Clinic,XU2wpLlX4Vk,Oromia,0,0,0,NA,0,FALSE,FALSE,FALSE
Ax5xGL70XLL,Mencho Woreda,XU2wpLlX4Vk,Oromia,121,1,0,0,1,TRUE,TRUE,FALSE
B0LxMx6kC9Q,Semegne Kebed Health Center,yY9BLUUegel,Addis Ababa,1,0,0,NA,0,TRUE,FALSE,FALSE
B0cOfGUN0YR,West Imay Woreda,PCKGSJoNHXi,Somali,59,24,3,0.125,21,TRUE,TRUE,FALSE
B0iBct5A9g7,W/ro Siheen General Hospital,yb9NKGA8uqt,Amhara,21,1,1,1,0,TRUE,TRUE,FALSE
B2g4E9bpYaC,Adaar Woreda,UFtGyqJMEZh,Afar,63,0,0,NA,0,TRUE,FALSE,FALSE
B5NgwYUbTWj,Dr Belaye medium clinic,yb9NKGA8uqt,Amhara,22,0,0,NA,0,TRUE,FALSE,FALSE
B5gxVy6lw0t,DebreMarkose DIC,yb9NKGA8uqt,Amhara,2,0,0,NA,0,TRUE,FALSE,FALSE
B5mam2Tl8QD,Raey Health Center,yY9BLUUegel,Addis Ababa,1,0,0,NA,0,TRUE,FALSE,FALSE
B6Vj43uD7oh,Dire Godana Primary Hospital,XU2wpLlX4Vk,Oromia,17,0,0,NA,0,TRUE,FALSE,FALSE
B7YL1C1RHNG,Bakalcha Bari Medium Clinic,XU2wpLlX4Vk,Oromia,0,0,0,NA,0,FALSE,FALSE,FALSE
B8e9DK8Tzx3,Kokosa Woreda,XU2wpLlX4Vk,Oromia,368,19,0,0,19,TRUE,TRUE,FALSE
B9SjKiUP7kN,Guchi Woreda,XU2wpLlX4Vk,Oromia,45,0,0,NA,0,TRUE,FALSE,FALSE
B9lLWNkO1QD,Lalo Asabi Woreda,XU2wpLlX4Vk,Oromia,35,0,0,NA,0,TRUE,FALSE,FALSE
BAqXZXzSH1a,Family Guidance Association Medium Clinic,b9nYedsL8te,Harari,0,0,0,NA,0,FALSE,FALSE,FALSE
BFsxXRyvsg7,Kersa Woreda,XU2wpLlX4Vk,Oromia,70,2,0,0,2,TRUE,TRUE,FALSE
BG65sAhNWpi,Elshaday Medium Clinic,XU2wpLlX4Vk,Oromia,0,0,0,NA,0,FALSE,FALSE,FALSE
BJ1rDj3GHGr,Kayo primary Clinic,XU2wpLlX4Vk,Oromia,0,0,0,NA,0,FALSE,FALSE,FALSE
BK0wvHJ1WdM,Chelelektu Town,a2QIIR2UXcd,South Ethiopia,3,0,0,NA,0,TRUE,FALSE,FALSE
BKEmrIBk7A7,Sunshine Construction Primary Clinic,yY9BLUUegel,Addis Ababa,1,0,0,NA,0,TRUE,FALSE,FALSE
BLcaD994Iun,Kal Medium Clinc,yb9NKGA8uqt,Amhara,0,0,0,NA,0,FALSE,FALSE,FALSE
BO5FQubtGJ0,Gesuba Town Administration,a2QIIR2UXcd,South Ethiopia,38,1,1,1,0,TRUE,TRUE,FALSE
BQEj2X3V5WN,Kiya Medium Clinic,XU2wpLlX4Vk,Oromia,0,0,0,NA,0,FALSE,FALSE,FALSE
BQiAeO214jX,Bombe Town Administration,a2QIIR2UXcd,South Ethiopia,21,0,0,NA,0,TRUE,FALSE,FALSE
BQnG9X2AyE5,Geda Primary Clinic,XU2wpLlX4Vk,Oromia,0,0,0,NA,0,FALSE,FALSE,FALSE
BRwCzGlbOtz,Shala Woreda,XU2wpLlX4Vk,Oromia,124,1,1,1,0,TRUE,TRUE,FALSE
BU0PyFu4Zp2,Arjo Primary Hospital,XU2wpLlX4Vk,Oromia,21,6,0,0,6,TRUE,TRUE,FALSE
BWa0QrLlsPv,Karat Town Adminstration,a2QIIR2UXcd,South Ethiopia,7,1,0,0,1,TRUE,TRUE,FALSE
BWmnrzwMXRK,Alicho Wiriro Woreda,tDoLtk2ylu4,Central Ethiopia,155,0,0,NA,0,TRUE,FALSE,FALSE
BYT8eDYzmJc,Mulo Woreda,XU2wpLlX4Vk,Oromia,24,0,0,NA,0,TRUE,FALSE,FALSE
BblXInJVaw2,Elia_PHCU,moBiwh9h5Ce,Gambella,14,0,0,NA,0,TRUE,FALSE,FALSE
BcsEa6bt3fs,Bantu Primary Hospital,XU2wpLlX4Vk,Oromia,6,0,0,NA,0,TRUE,FALSE,FALSE
BdnbJE1lajt,Mesholekiya Health Center,yY9BLUUegel,Addis Ababa,22,0,0,NA,0,TRUE,FALSE,FALSE
Bf0dYMBrxZH,Bishoftu Automotive Medium Clinic _Closed,XU2wpLlX4Vk,Oromia,0,0,0,NA,0,FALSE,FALSE,FALSE
BgzDzlwhk5e,Kamba Zuria Woreda,a2QIIR2UXcd,South Ethiopia,94,1,0,0,1,TRUE,TRUE,FALSE
Bhl2xexWsNn,DR Abdulaziz Medium Dental Clinic,yb9NKGA8uqt,Amhara,0,0,0,NA,0,FALSE,FALSE,FALSE
BiH4vh8Kwei,Unicare Medium clinc,XU2wpLlX4Vk,Oromia,0,0,0,NA,0,FALSE,FALSE,FALSE
BkHe1SP7Xtk,Goba Woreda,XU2wpLlX4Vk,Oromia,81,0,0,NA,0,TRUE,FALSE,FALSE
BkQ562tG8lJ,Hamlimu Medium Clinic,XU2wpLlX4Vk,Oromia,0,0,0,NA,0,FALSE,FALSE,FALSE
Bll8tPtwOQy,Bona General Hospital,xNUoZIrGKxQ,Sidama,18,97,64,0.6597938144329897,33,TRUE,TRUE,FALSE
Blx4ndQ6CLz,Arba Minch University Teaching Comprehensive Specialized Hospital,a2QIIR2UXcd,South Ethiopia,21,0,0,NA,0,TRUE,FALSE,FALSE
Bmb50LUc2kr,Ilu Woreda,XU2wpLlX4Vk,Oromia,17,0,0,NA,0,TRUE,FALSE,FALSE
Bmud302Vb9P,Duna Woreda,tDoLtk2ylu4,Central Ethiopia,67,0,0,NA,0,TRUE,FALSE,FALSE
BpVw1lLWt62,Gonji Kollela Woreda,yb9NKGA8uqt,Amhara,80,3,0,0,3,TRUE,TRUE,FALSE
BqvtwdpAziv,Tokuma Primary Clinic,XU2wpLlX4Vk,Oromia,0,0,0,NA,0,FALSE,FALSE,FALSE
BsclOOFKsKN,Nedjo Rural Woreda,XU2wpLlX4Vk,Oromia,36,0,0,NA,0,TRUE,FALSE,FALSE
BvRP2WING7b,Gereni Woreda,UFtGyqJMEZh,Afar,42,0,0,NA,0,TRUE,FALSE,FALSE
BxK7rlMe9z7,Bora Woreda,XU2wpLlX4Vk,Oromia,41,0,0,NA,0,TRUE,FALSE,FALSE
BxzQV4rK9sB,Dawa Genale Primary Clinic,XU2wpLlX4Vk,Oromia,0,0,0,NA,0,FALSE,FALSE,FALSE
Byyp9wUb98O,Selihom International Internal Medicine Specialty Clinic,yY9BLUUegel,Addis Ababa,0,0,0,NA,0,FALSE,FALSE,FALSE
Bz7AlX8Ea7n,Injibara General Hospital,yb9NKGA8uqt,Amhara,22,0,2,NA,0,TRUE,FALSE,FALSE
C25AMCcYRKt,Gambella Town Primary Hospital,moBiwh9h5Ce,Gambella,20,4,1,0.25,3,TRUE,TRUE,FALSE
C30DOBxWBMX,Betesida Medium Clinic,yY9BLUUegel,Addis Ababa,0,0,0,NA,0,FALSE,FALSE,FALSE
C37foOk2uuH,Ozon Medium Clinic,Fccw8uMlJHN,Benishangul-Gumuz,1,0,0,NA,0,TRUE,FALSE,FALSE
C3qpWrMBYzY,Kokosa Primary Hospital,XU2wpLlX4Vk,Oromia,22,0,0,NA,0,TRUE,FALSE,FALSE
C3s0mxFqbuM,Doctor Abenet Obstetric and Gynecology Specialty Clinic,yb9NKGA8uqt,Amhara,22,0,0,NA,0,TRUE,FALSE,FALSE
C4UYriCTncy,Woreda 01Health Center,yY9BLUUegel,Addis Ababa,0,0,0,NA,0,FALSE,FALSE,FALSE
C4jaaVWH7cu,Gursum Woreda,PCKGSJoNHXi,Somali,89,1,1,1,0,TRUE,TRUE,FALSE
C5bjyqKT40R,Teppi Town Administration,HIlnt7Qj8do,South West Ethiopia,43,0,0,NA,0,TRUE,FALSE,FALSE
C6u02PxgHYx,Shashemene Comprehensive Specialized Hospital,XU2wpLlX4Vk,Oromia,7,0,0,NA,0,TRUE,FALSE,FALSE
C7HpxHLhYBC,Kegna Primary Clinic,XU2wpLlX4Vk,Oromia,0,0,0,NA,0,FALSE,FALSE,FALSE
C9518djIY1k,Tila Medium Clinic,yb9NKGA8uqt,Amhara,0,0,0,NA,0,FALSE,FALSE,FALSE
CADGXz1Aaxi,Tesfatsiyon Medium Clinic,yY9BLUUegel,Addis Ababa,2,0,0,NA,0,TRUE,FALSE,FALSE
CANLdN1PnUh,W/ro Beletshachew Health Center,yY9BLUUegel,Addis Ababa,0,0,0,NA,0,FALSE,FALSE,FALSE
CANZpu6eAAo,Fik Woreda,PCKGSJoNHXi,Somali,54,2,0,0,2,TRUE,TRUE,FALSE
CBqregaBl0J,Andabit primery hospital,yb9NKGA8uqt,Amhara,13,0,0,NA,0,TRUE,FALSE,FALSE
CCZfM0R193e,Dalocha Woreda,tDoLtk2ylu4,Central Ethiopia,71,0,0,NA,0,TRUE,FALSE,FALSE
CCdPfiQzSJ9,Koshe_PHCU,tDoLtk2ylu4,Central Ethiopia,16,0,0,NA,0,TRUE,FALSE,FALSE
CD05dgzMyyp,Kilinto Medium Clinic,yY9BLUUegel,Addis Ababa,0,0,0,NA,0,FALSE,FALSE,FALSE
CDmzwTjrXV3,Tiss Abay_PHCU,yb9NKGA8uqt,Amhara,22,0,0,NA,0,TRUE,FALSE,FALSE
CE1IAr9wlWM,Ras Care MCH Center,b9nYedsL8te,Harari,0,0,0,NA,0,FALSE,FALSE,FALSE
CEQNalTuk8P,Dr.Desta Garoma Medium clinic,XU2wpLlX4Vk,Oromia,0,0,0,NA,0,FALSE,FALSE,FALSE
CFCIxS30pZ7,Gambella maremiya bet medium clinic,moBiwh9h5Ce,Gambella,1,0,0,NA,0,TRUE,FALSE,FALSE
CJqC8EGjnsT,Bule Town Adminstration Health Office,a2QIIR2UXcd,South Ethiopia,6,4,0,0,4,TRUE,TRUE,FALSE
CK5lkvIvnFs,Efratana Gidim Woreda,yb9NKGA8uqt,Amhara,157,0,0,NA,0,TRUE,FALSE,FALSE
CKAFrTj8l4O,Mulugeta Medium Clinic,yb9NKGA8uqt,Amhara,0,0,0,NA,0,FALSE,FALSE,FALSE
CKDqOemMjLw,Nefas Mewucha Primary Hospital,yb9NKGA8uqt,Amhara,23,10,0,0,10,TRUE,TRUE,FALSE
CKukDYpnE9F,Ziquala Woreda,yb9NKGA8uqt,Amhara,111,0,0,NA,0,TRUE,FALSE,FALSE
CMjnEvcwWKA,Tana Medium Clinic,yb9NKGA8uqt,Amhara,0,0,0,NA,0,FALSE,FALSE,FALSE
CMzaRoRJKB8,Gida Ayana General Hospital,XU2wpLlX4Vk,Oromia,15,0,0,NA,0,TRUE,FALSE,FALSE
CNnbXlFdmJH,Legambo Woreda,yb9NKGA8uqt,Amhara,148,0,0,NA,0,TRUE,FALSE,FALSE
CQcYIiEM3wL,Dalol Woreda,UFtGyqJMEZh,Afar,0,0,0,NA,0,FALSE,FALSE,FALSE
CRHCGjRnDxh,Mesela Woreda,XU2wpLlX4Vk,Oromia,146,7,2,0.2857142857142857,5,TRUE,TRUE,FALSE
CSVTw8wJfiB,Dodola Primary Clinic,XU2wpLlX4Vk,Oromia,2,0,0,NA,0,TRUE,FALSE,FALSE
CTEP8Bdi6uY,Doctor Tirufat Medium Clinic,a2QIIR2UXcd,South Ethiopia,0,0,0,NA,0,FALSE,FALSE,FALSE
CU73TSo6xgv,Semah Maternal and Child Health Specialty Center,yY9BLUUegel,Addis Ababa,18,0,0,NA,0,TRUE,FALSE,FALSE
CUb49ezyccn,Zeorit Medium Clinic,yY9BLUUegel,Addis Ababa,0,0,0,NA,0,FALSE,FALSE,FALSE
CUs7huMvxCT,Selam Primary Hospital,a2QIIR2UXcd,South Ethiopia,1,0,0,NA,0,TRUE,FALSE,FALSE
CWvkNkfU4gs,woreda 9 Health Center,yY9BLUUegel,Addis Ababa,24,0,0,NA,0,TRUE,FALSE,FALSE
CY5Gw9hjx14,Fana Dental Specailty Clinic-Bahir Dar,yb9NKGA8uqt,Amhara,0,0,0,NA,0,FALSE,FALSE,FALSE
CYL3OKjQQFZ,Masha Woreda,HIlnt7Qj8do,South West Ethiopia,85,0,0,NA,0,TRUE,FALSE,FALSE
CYM3EdxwR63,Adama Woreda,XU2wpLlX4Vk,Oromia,37,1,0,0,1,TRUE,TRUE,FALSE
CaOZ1Todzcy,Benga Primary Clinic,XU2wpLlX4Vk,Oromia,0,0,0,NA,0,FALSE,FALSE,FALSE
CbMkfbysXIj,Woreda 3 Health Center,yY9BLUUegel,Addis Ababa,20,0,0,NA,0,TRUE,FALSE,FALSE
CbiyT504WQC,Emba Seneyti Woreda,Gmw0DJLXGtx,Tigray,45,0,0,NA,0,TRUE,FALSE,FALSE
CcALyc8VlNz,Samual Medium Clinic,yb9NKGA8uqt,Amhara,0,0,0,NA,0,FALSE,FALSE,FALSE
CcR6W2EWnir,Endaba Tsahma Woreda,Gmw0DJLXGtx,Tigray,41,0,0,NA,0,TRUE,FALSE,FALSE
CfUpRk8eGsf,Beteseba Getachewu Primary Clinic _Closed,XU2wpLlX4Vk,Oromia,0,0,0,NA,0,FALSE,FALSE,FALSE
CfivNTdqwz1,Agmas Medium Clinic,yb9NKGA8uqt,Amhara,0,0,0,NA,0,FALSE,FALSE,FALSE
Cfp48Vc3H7c,Muke Turi Primary Hospital,XU2wpLlX4Vk,Oromia,20,0,0,NA,0,TRUE,FALSE,FALSE
Cg8vO05K6yX,Wondiye Medium Clinic,yY9BLUUegel,Addis Ababa,0,0,0,NA,0,FALSE,FALSE,FALSE
CgQhjmzR5kA,Abyssinia Primary Clinic,XU2wpLlX4Vk,Oromia,0,0,0,NA,0,FALSE,FALSE,FALSE
ChE5vi41kGb,Wako medium Clinic,XU2wpLlX4Vk,Oromia,6,0,0,NA,0,TRUE,FALSE,FALSE
Ciie0Dp96oT,Asko Addis Sefer_PHCU,yY9BLUUegel,Addis Ababa,1,0,0,NA,0,TRUE,FALSE,FALSE
Cj92V7I1whe,Benatsemay Woreda,a2QIIR2UXcd,South Ethiopia,101,9,0,0,9,TRUE,TRUE,FALSE
CjcBUHRsDQY,Ensaro Woreda,yb9NKGA8uqt,Amhara,12,2,1,0.5,1,TRUE,TRUE,FALSE
Cka3YLYMWTU,Bemeron Medium clinic,yY9BLUUegel,Addis Ababa,0,0,0,NA,0,FALSE,FALSE,FALSE
ClfGfkasGIf,Dr.Radi'et Medium Clinic,XU2wpLlX4Vk,Oromia,0,0,0,NA,0,FALSE,FALSE,FALSE
CmJ8HsCEzRA,Woreda 14 Hedase Health Center,yY9BLUUegel,Addis Ababa,2,0,0,NA,0,TRUE,FALSE,FALSE
Cmt8kb6nfPT,Shenen Gibe General Hospital,XU2wpLlX4Vk,Oromia,22,0,0,NA,0,TRUE,FALSE,FALSE
CmvYxNzOqj4,Joy Specialty Clinic,yY9BLUUegel,Addis Ababa,15,0,0,NA,0,TRUE,FALSE,FALSE
CnXTxuwy3pX,Awurada Town Administration WOrHO,HIlnt7Qj8do,South West Ethiopia,5,0,0,NA,0,TRUE,FALSE,FALSE
CorywE0Cc3Q,Hachaltu Gudinan HC_PHCU,XU2wpLlX4Vk,Oromia,17,0,0,NA,0,TRUE,FALSE,FALSE
CrLrqhrjOOz,Furi Sub City,XU2wpLlX4Vk,Oromia,88,0,0,NA,0,TRUE,FALSE,FALSE
CsVkAkaSnr5,Mekaneselam General Hospital,yb9NKGA8uqt,Amhara,23,12,2,0.16666666666666666,10,TRUE,TRUE,FALSE
CuVPAUTnzoe,Femily medium clinic,a2QIIR2UXcd,South Ethiopia,0,0,0,NA,0,FALSE,FALSE,FALSE
CvPScrP0mNp,Tabore Medium Clinic,yb9NKGA8uqt,Amhara,0,0,0,NA,0,FALSE,FALSE,FALSE
CvlCnUtNw8E,Bouanbuwuha_PHCU,yb9NKGA8uqt,Amhara,0,0,0,NA,0,FALSE,FALSE,FALSE
CzY2ebh09CQ,Addis Ketema Health Center,yY9BLUUegel,Addis Ababa,0,0,0,NA,0,FALSE,FALSE,FALSE
CzeyNelPOYc,Geda Medium Clinic,XU2wpLlX4Vk,Oromia,7,0,0,NA,0,TRUE,FALSE,FALSE
D2SvS9aCbFe,Abunetekilehaimanot Medium Clinic,a2QIIR2UXcd,South Ethiopia,0,0,0,NA,0,FALSE,FALSE,FALSE
D4YnykmigGJ,Abay_PHCU,yb9NKGA8uqt,Amhara,5,0,0,NA,0,TRUE,FALSE,FALSE
D4lpX85bakR,Assosa PHCU,Fccw8uMlJHN,Benishangul-Gumuz,12,0,0,NA,0,TRUE,FALSE,FALSE
D5MqqvaptCq,Bonosha Town Administration,tDoLtk2ylu4,Central Ethiopia,18,1,1,1,0,TRUE,TRUE,FALSE
D8K9S2XEjDE,Warka Medium Clinic,yb9NKGA8uqt,Amhara,8,0,0,NA,0,TRUE,FALSE,FALSE
DAAWMIybcgh,Adigudem Town,Gmw0DJLXGtx,Tigray,22,0,0,NA,0,TRUE,FALSE,FALSE
DAbcWqvduzi,Bayu Yeayin Liyu Kefitegna Clinic,yb9NKGA8uqt,Amhara,0,0,0,NA,0,FALSE,FALSE,FALSE
DAv07lDykyB,Woreda 01 Health Center,yY9BLUUegel,Addis Ababa,1,0,0,NA,0,TRUE,FALSE,FALSE
DB3VRZNpuhA,Sawla General Hospital,a2QIIR2UXcd,South Ethiopia,21,4,2,0.5,2,TRUE,TRUE,FALSE
DE0YYW6S8oF,Mina Medium Clinic,XU2wpLlX4Vk,Oromia,0,0,0,NA,0,FALSE,FALSE,FALSE
DEoDg7SYB3t,Elemo Abiyu_PHCU,XU2wpLlX4Vk,Oromia,0,0,0,NA,0,FALSE,FALSE,FALSE
DFEv1zZ0p23,Meklit Medium Clinic,yY9BLUUegel,Addis Ababa,0,0,0,NA,0,FALSE,FALSE,FALSE
DFKbsdu8atB,Denbi Meranatha_PHCU,XU2wpLlX4Vk,Oromia,0,0,0,NA,0,FALSE,FALSE,FALSE
DHx1xmwzS10,Red Cross Medium Clinic,XU2wpLlX4Vk,Oromia,2,0,0,NA,0,TRUE,FALSE,FALSE
DIjaM3vOBEy,Hora Dembel Medium Clinic,XU2wpLlX4Vk,Oromia,9,0,0,NA,0,TRUE,FALSE,FALSE
DJh9Ty0ct8g,Fistum Primary Clinic,yY9BLUUegel,Addis Ababa,0,0,0,NA,0,FALSE,FALSE,FALSE
DJssqVjbF6P,Adilo Zuria Woreda,tDoLtk2ylu4,Central Ethiopia,18,0,0,NA,0,TRUE,FALSE,FALSE
DKsubMyV5Nd,Karamara General Hospital,PCKGSJoNHXi,Somali,23,1,1,1,0,TRUE,TRUE,FALSE
DL52QY4wQLQ,Sendafa_PHCU,XU2wpLlX4Vk,Oromia,3,0,0,NA,0,TRUE,FALSE,FALSE
DN3cReBPUgS,Gumay Woreda,XU2wpLlX4Vk,Oromia,67,1,0,0,1,TRUE,TRUE,FALSE
DNVErUx4sMA,Cure Primary Clinic,yb9NKGA8uqt,Amhara,0,0,0,NA,0,FALSE,FALSE,FALSE
DO8jxjsbMNR,Gobessa Primary Hospital,XU2wpLlX4Vk,Oromia,22,0,0,NA,0,TRUE,FALSE,FALSE
DOWiCMlinuh,Gishe Woreda,yb9NKGA8uqt,Amhara,115,176,310,1.7613636363636365,0,TRUE,TRUE,FALSE
DQfHglDYS54,Chefe Health Center,yY9BLUUegel,Addis Ababa,11,0,0,NA,0,TRUE,FALSE,FALSE
DRrsDwNWulV,Meri Health Center,yY9BLUUegel,Addis Ababa,0,0,0,NA,0,FALSE,FALSE,FALSE
DTvVpPGbjjo,Ambo University Hachalu Campus Institution Based Clinic,XU2wpLlX4Vk,Oromia,0,0,0,NA,0,FALSE,FALSE,FALSE
DUTtm4jY9dQ,Bisidimo General Hospital,XU2wpLlX4Vk,Oromia,22,1,1,1,0,TRUE,TRUE,FALSE
DWTuVtIhe2M,Negele Borena General Hospital,XU2wpLlX4Vk,Oromia,21,0,0,NA,0,TRUE,FALSE,FALSE
DWWlas70jaq,Birhanu Medium clinic,XU2wpLlX4Vk,Oromia,4,0,0,NA,0,TRUE,FALSE,FALSE
DX2h7jq9wB0,Doyogena Town,tDoLtk2ylu4,Central Ethiopia,35,4,0,0,4,TRUE,TRUE,FALSE
DYJNJZWrbw3,Raaso Primary Hospital,PCKGSJoNHXi,Somali,8,1,1,1,0,TRUE,TRUE,FALSE
DYiMGZQaIT6,Ambasel Woreda,yb9NKGA8uqt,Amhara,135,2,0,0,2,TRUE,TRUE,FALSE
Dchc2Cwq0zY,Amanuael Midium Clinic_Closed,yb9NKGA8uqt,Amhara,0,0,0,NA,0,FALSE,FALSE,FALSE
Dcxj8yyiOoa,Zigem Woreda,yb9NKGA8uqt,Amhara,71,0,0,NA,0,TRUE,FALSE,FALSE
DgPyq2n8unP,Hosaena Town Administration,tDoLtk2ylu4,Central Ethiopia,74,8,7,0.875,1,TRUE,TRUE,FALSE
DiE2YFB2RsJ,Girma Medium clinic,XU2wpLlX4Vk,Oromia,3,0,0,NA,0,TRUE,FALSE,FALSE
DiubTIKY9hT,Lare Woreda,moBiwh9h5Ce,Gambella,43,0,0,NA,0,TRUE,FALSE,FALSE
Dk7PIxaLzdG,Catholic Church Medium Clinic,XU2wpLlX4Vk,Oromia,1,0,0,NA,0,TRUE,FALSE,FALSE
DkRnSwKG939,Kidane-mihiret Catholic General Hospital,Gmw0DJLXGtx,Tigray,13,0,0,NA,0,TRUE,FALSE,FALSE
DnAbzcLKvTc,Aser Medium Clinic,yY9BLUUegel,Addis Ababa,3,0,0,NA,0,TRUE,FALSE,FALSE
DnApo3gf3Vf,Abisiniya Health center,yY9BLUUegel,Addis Ababa,13,0,0,NA,0,TRUE,FALSE,FALSE
DnFG45slvWS,Segnogebeya_PHCU,yb9NKGA8uqt,Amhara,23,0,0,NA,0,TRUE,FALSE,FALSE
DoSxpSzHFR9,East Silti Woreda,tDoLtk2ylu4,Central Ethiopia,17,0,0,NA,0,TRUE,FALSE,FALSE
DoWxR58H33W,Tinbit Primary Clinic,moBiwh9h5Ce,Gambella,0,0,0,NA,0,FALSE,FALSE,FALSE
Dq05DkAAgjd,Munesa Woreda,XU2wpLlX4Vk,Oromia,198,0,0,NA,0,TRUE,FALSE,FALSE
DqoR3xfTgwo,Tembaro woreda,tDoLtk2ylu4,Central Ethiopia,82,2,0,0,2,TRUE,TRUE,FALSE
DrpB4blmrGt,Baliti Primary Clinic,XU2wpLlX4Vk,Oromia,4,0,0,NA,0,TRUE,FALSE,FALSE
DsRIfzATwxW,Lucy Orthopedics And Maternal And Child Health Center,yY9BLUUegel,Addis Ababa,17,0,0,NA,0,TRUE,FALSE,FALSE
Dtf9CntVRtN,Mene Sibu Woreda,XU2wpLlX4Vk,Oromia,62,0,0,NA,0,TRUE,FALSE,FALSE
Dtt6SMs9RkB,Lati Medium Clinic,XU2wpLlX4Vk,Oromia,11,0,0,NA,0,TRUE,FALSE,FALSE
DvlltiXAOLK,Wogidi Woreda,yb9NKGA8uqt,Amhara,209,1,0,0,1,TRUE,TRUE,FALSE
Dw14vCFtKJ5,Godey City,PCKGSJoNHXi,Somali,27,0,0,NA,0,TRUE,FALSE,FALSE
DwGvnB6o3t6,Dr.Hirpo Teno Medium Clinic,XU2wpLlX4Vk,Oromia,0,0,0,NA,0,FALSE,FALSE,FALSE
Dwu2CNrr8zd,Zemela Medium Clinic,a2QIIR2UXcd,South Ethiopia,0,0,0,NA,0,FALSE,FALSE,FALSE
DxQFoZJllrt,Jibat Woreda,XU2wpLlX4Vk,Oromia,26,0,0,NA,0,TRUE,FALSE,FALSE
E09O9LUxMFo,Nensabo Primary Hospital,XU2wpLlX4Vk,Oromia,22,1,1,1,0,TRUE,TRUE,FALSE
E0RW9RbnvS7,Addisu Gebaya Health Center,yY9BLUUegel,Addis Ababa,23,0,0,NA,0,TRUE,FALSE,FALSE
E1uQQvVqryA,Aberash Medium Clinic,yY9BLUUegel,Addis Ababa,0,0,0,NA,0,FALSE,FALSE,FALSE
E1x6K6so3AD,Beteseb Number 1 Medium Clinic,XU2wpLlX4Vk,Oromia,0,0,0,NA,0,FALSE,FALSE,FALSE
E1yyEKNkQWP,Albire_PHCU,tDoLtk2ylu4,Central Ethiopia,8,0,0,NA,0,TRUE,FALSE,FALSE
E26VWv4Vcyn,Bulchana_PHCU,XU2wpLlX4Vk,Oromia,9,0,0,NA,0,TRUE,FALSE,FALSE
E2b6ZoH9t1w,Abdela Primary Clinic,yb9NKGA8uqt,Amhara,0,0,0,NA,0,FALSE,FALSE,FALSE
E4mhEfNOPLo,Liben Woreda,XU2wpLlX4Vk,Oromia,27,1,1,1,0,TRUE,TRUE,FALSE
E5qaGihXd5u,Ayelign Medium Clinic,yb9NKGA8uqt,Amhara,0,0,0,NA,0,FALSE,FALSE,FALSE
E6zw5fwENLe,Becho Bore_PHCU,XU2wpLlX4Vk,Oromia,4,0,0,NA,0,TRUE,FALSE,FALSE
E83lXYA2UCb,Dr.Mezgebe Medium Clinic,XU2wpLlX4Vk,Oromia,0,0,0,NA,0,FALSE,FALSE,FALSE
E9oW2xxqs3v,Adigrat Hospital,Gmw0DJLXGtx,Tigray,22,1,1,1,0,TRUE,TRUE,FALSE
E9yiW80wN6b,Boke Woreda,XU2wpLlX4Vk,Oromia,76,10,1,0.1,9,TRUE,TRUE,FALSE
EBqsrkXbchL,Seid Primary Clinic,yb9NKGA8uqt,Amhara,0,0,0,NA,0,FALSE,FALSE,FALSE
EGiB9maVl7s,Faye Primary Clinic,XU2wpLlX4Vk,Oromia,0,0,0,NA,0,FALSE,FALSE,FALSE
EGtbGml0ekR,Haro Limu Woreda,XU2wpLlX4Vk,Oromia,76,0,0,NA,0,TRUE,FALSE,FALSE
EJQdR0oZJLn,Bati MCH and Surgical Center,XU2wpLlX4Vk,Oromia,1,0,0,NA,0,TRUE,FALSE,FALSE
EKGe6hTXOgS,Sewha Saesie woreda,Gmw0DJLXGtx,Tigray,59,120,0,0,120,TRUE,TRUE,FALSE
EMdZJDCBtRJ,Saron Primary Clinic,yY9BLUUegel,Addis Ababa,2,0,0,NA,0,TRUE,FALSE,FALSE
EOSyrO9JjJO,Doctor Gerammu Medium Clinic,XU2wpLlX4Vk,Oromia,0,0,0,NA,0,FALSE,FALSE,FALSE
EOV8cuEpy3H,Melekoza Woreda,a2QIIR2UXcd,South Ethiopia,72,2,0,0,2,TRUE,TRUE,FALSE
EOocyp8hGDw,Malka Primary clinic,XU2wpLlX4Vk,Oromia,5,0,0,NA,0,TRUE,FALSE,FALSE
ESAJy5ApP3s,Abdisa Aga Medium Clinic,XU2wpLlX4Vk,Oromia,0,0,0,NA,0,FALSE,FALSE,FALSE
ESYWWZW5JSP,Chichu_PHCU,a2QIIR2UXcd,South Ethiopia,4,0,0,NA,0,TRUE,FALSE,FALSE
ESdc5BWRYf8,Gumi Wali Gala Primary Clinic,XU2wpLlX4Vk,Oromia,1,0,0,NA,0,TRUE,FALSE,FALSE
EUJiDm8VZD3,Erer_PHCU,b9nYedsL8te,Harari,13,0,0,NA,0,TRUE,FALSE,FALSE
EUR4hs3AgRr,Dr. Kassaw Andargie Medium clinic_Closed,yb9NKGA8uqt,Amhara,0,0,0,NA,0,FALSE,FALSE,FALSE
EWDk8bihv5s,Dama Woreda,XU2wpLlX4Vk,Oromia,62,1,0,0,1,TRUE,TRUE,FALSE
EX08m6cQeuB,Gololcha Woreda,XU2wpLlX4Vk,Oromia,57,0,0,NA,0,TRUE,FALSE,FALSE
EaGljXkSVtl,Andinet Primary Clinic_Closed,XU2wpLlX4Vk,Oromia,0,0,0,NA,0,FALSE,FALSE,FALSE
EbpVuSQMNd5,St.John Higher Clinic,yb9NKGA8uqt,Amhara,0,0,0,NA,0,FALSE,FALSE,FALSE
EbuO6cq873d,Dessie Comperhesive Specialized Hospital,yb9NKGA8uqt,Amhara,23,26,17,0.6538461538461539,9,TRUE,TRUE,FALSE
Ecpgzzvp0FL,Mekidela Amba Obstatrics And Gaynicology Speciality Clinic,yb9NKGA8uqt,Amhara,1,0,0,NA,0,TRUE,FALSE,FALSE
Ed0XjSnocjN,Vision Medium Eye Clinic,a2QIIR2UXcd,South Ethiopia,0,0,0,NA,0,FALSE,FALSE,FALSE
EdVUmEfyAvT,Drbedesa Medium Clinic,XU2wpLlX4Vk,Oromia,0,0,0,NA,0,FALSE,FALSE,FALSE
Ef3bwTLZr9a,Gibe Medium Clinic,XU2wpLlX4Vk,Oromia,0,0,0,NA,0,FALSE,FALSE,FALSE
EfdKNL3XFfG,Misiker Medium Clinic,XU2wpLlX4Vk,Oromia,0,0,0,NA,0,FALSE,FALSE,FALSE
EgTn1n4ywaS,Degahbur town Woreda,PCKGSJoNHXi,Somali,0,0,0,NA,0,FALSE,FALSE,FALSE
EgfG6K2c9ui,Lotes Maternal And Child Health Speciality Center,yY9BLUUegel,Addis Ababa,3,0,0,NA,0,TRUE,FALSE,FALSE
EjYyyCTp88t,Kality Kidus Medium Clinic,yY9BLUUegel,Addis Ababa,0,0,0,NA,0,FALSE,FALSE,FALSE
Eq06wyuLSOu,Ethiopian Family Association Guidance Medium Clinic,XU2wpLlX4Vk,Oromia,1,0,0,NA,0,TRUE,FALSE,FALSE
EqmEjkeYA0s,Kori Woreda,UFtGyqJMEZh,Afar,43,0,0,NA,0,TRUE,FALSE,FALSE
Er3M30lUMGB,Bebeteseb Medium Clinic,yb9NKGA8uqt,Amhara,0,0,0,NA,0,FALSE,FALSE,FALSE
Et9KD05eyLN,Ameya Town Administration,HIlnt7Qj8do,South West Ethiopia,14,10,3,0.3,7,TRUE,TRUE,FALSE
EtL1ez3eMtw,Yohanis Fantaye Metasebiya General Hospital,XU2wpLlX4Vk,Oromia,7,0,0,NA,0,TRUE,FALSE,FALSE
EvSWrsMXpPJ,MikililandHealth Center,yY9BLUUegel,Addis Ababa,18,0,0,NA,0,TRUE,FALSE,FALSE
EwTFjZ8G2VH,Waltai Chaffe_PHCU,XU2wpLlX4Vk,Oromia,0,0,0,NA,0,FALSE,FALSE,FALSE
ExXsmLJGFrS,Wassama Woreda,UFtGyqJMEZh,Afar,19,0,0,NA,0,TRUE,FALSE,FALSE
Ez271SNMERv,Awol Mdium Clinic,yb9NKGA8uqt,Amhara,1,0,0,NA,0,TRUE,FALSE,FALSE
F0wScTqwTni,Abay Primary Clinic,XU2wpLlX4Vk,Oromia,0,0,0,NA,0,FALSE,FALSE,FALSE
F1Lqmb665tS,Doctor Abel Melkamu Metasebiya_PHCU,G9hDiPNoB7d,Dire Dawa,22,0,0,NA,0,TRUE,FALSE,FALSE
F1yof1m9p6s,Malie Woreda,a2QIIR2UXcd,South Ethiopia,127,1,2,2,0,TRUE,TRUE,FALSE
F4dHLY74iWL,Eban Primary Hospital,XU2wpLlX4Vk,Oromia,15,0,0,NA,0,TRUE,FALSE,FALSE
F5T3hGAD4BS,Ayisha Woreda,PCKGSJoNHXi,Somali,4,3,3,1,0,TRUE,TRUE,FALSE
F6xbCu38St5,58 Kidest Mariam Medium Clinic,yY9BLUUegel,Addis Ababa,1,0,0,NA,0,TRUE,FALSE,FALSE
F8mExpJrGWc,Sami Medium Clinic,a2QIIR2UXcd,South Ethiopia,0,0,0,NA,0,FALSE,FALSE,FALSE
F9sjzmecEiD,Girma Medium Clinic,XU2wpLlX4Vk,Oromia,0,0,0,NA,0,FALSE,FALSE,FALSE
FAbMT3zngt7,Dale Wabera Woreda,XU2wpLlX4Vk,Oromia,13,0,0,NA,0,TRUE,FALSE,FALSE
FAj511qZLPj,FGA,yb9NKGA8uqt,Amhara,2,0,0,NA,0,TRUE,FALSE,FALSE
FBAqou2M0vE,Merhabete Woreda,yb9NKGA8uqt,Amhara,101,0,0,NA,0,TRUE,FALSE,FALSE
FCSNFc1jqNw,Doctor Desta Medium Clinic,a2QIIR2UXcd,South Ethiopia,0,0,0,NA,0,FALSE,FALSE,FALSE
FCeLCqwqnvc,Tile Mado_PHCU,XU2wpLlX4Vk,Oromia,6,0,0,NA,0,TRUE,FALSE,FALSE
FD9jELRG6kd,Meta Welkite Woreda,XU2wpLlX4Vk,Oromia,60,1,0,0,1,TRUE,TRUE,FALSE
FERE4ePuqHD,Girum Gneral Hospital,yY9BLUUegel,Addis Ababa,12,0,0,NA,0,TRUE,FALSE,FALSE
FFTGlmhWmEy,Haramaya Subcity,XU2wpLlX4Vk,Oromia,34,32,0,0,32,TRUE,TRUE,FALSE
FHW6OOiVjEV,Bizualem Medium Clinic,yb9NKGA8uqt,Amhara,0,0,0,NA,0,FALSE,FALSE,FALSE
FKAEJiGiL4b,Doctor Simion Medium Dental Clinic,a2QIIR2UXcd,South Ethiopia,0,0,0,NA,0,FALSE,FALSE,FALSE
FKYtcTtcKvV,Hayat General Hospital,yY9BLUUegel,Addis Ababa,22,0,0,NA,0,TRUE,FALSE,FALSE
FKtyRW8Gzna,Police Medium Clinic,yY9BLUUegel,Addis Ababa,0,0,0,NA,0,FALSE,FALSE,FALSE
FL1ivRfIf2H,Beteseba Getachewu Primary Clinic _Closed,XU2wpLlX4Vk,Oromia,0,0,0,NA,0,FALSE,FALSE,FALSE
FLFs18d1CRR,Ermiyas Medium Clinic,XU2wpLlX4Vk,Oromia,0,0,0,NA,0,FALSE,FALSE,FALSE
FLaV7K7xtiQ,Abenezer Medium Clinic,XU2wpLlX4Vk,Oromia,0,0,0,NA,0,FALSE,FALSE,FALSE
FNTQ2CdE7jr,Asebot Primary Hospital,XU2wpLlX4Vk,Oromia,8,0,0,NA,0,TRUE,FALSE,FALSE
FNw1G2LivNf,Warder Woreda,PCKGSJoNHXi,Somali,0,0,0,NA,0,FALSE,FALSE,FALSE
FOvKRxFXhMW,Hadagala Woreda,PCKGSJoNHXi,Somali,0,0,0,NA,0,FALSE,FALSE,FALSE
FPE3cGQRcp6,Elidar Woreda,UFtGyqJMEZh,Afar,54,1,0,0,1,TRUE,TRUE,FALSE
FQJyTt3w9KB,Dire_PHCU,XU2wpLlX4Vk,Oromia,6,0,0,NA,0,TRUE,FALSE,FALSE
FRKMMHQcHAG,Nyenyang Primary Hospital,moBiwh9h5Ce,Gambella,13,0,0,NA,0,TRUE,FALSE,FALSE
FSXQvk6HzLb,Woreda 09 Health Center,yY9BLUUegel,Addis Ababa,0,0,0,NA,0,FALSE,FALSE,FALSE
FTFHqMdZE9N,Buee Town,tDoLtk2ylu4,Central Ethiopia,6,0,0,NA,0,TRUE,FALSE,FALSE
FTxiXGpE15w,Goro Health Center,yY9BLUUegel,Addis Ababa,14,1,0,0,1,TRUE,TRUE,FALSE
FUKS4sx2iAV,Shoarobit Town,yb9NKGA8uqt,Amhara,29,0,0,NA,0,TRUE,FALSE,FALSE
FWBZAVf1GbF,Lagahida Woreda,PCKGSJoNHXi,Somali,20,0,0,NA,0,TRUE,FALSE,FALSE
FYKDVFudP7f,Jeremet Medium Clinic,yY9BLUUegel,Addis Ababa,3,0,0,NA,0,TRUE,FALSE,FALSE
FYT1NIZHIIe,Costic Soda clinic,XU2wpLlX4Vk,Oromia,8,0,0,NA,0,TRUE,FALSE,FALSE
FYbicWEkLBQ,Wabi Medium Clinic,XU2wpLlX4Vk,Oromia,0,0,0,NA,0,FALSE,FALSE,FALSE
FZN1YXK7fWW,Quara Primary Hsopital,yb9NKGA8uqt,Amhara,19,1,0,0,1,TRUE,TRUE,FALSE
FZO0NObDngo,Debre Markos Comprehensive Specialized Hospital,yb9NKGA8uqt,Amhara,21,5,5,1,0,TRUE,TRUE,FALSE
FaA4F1sJ1Fj,Garamuleta General Hospital,XU2wpLlX4Vk,Oromia,21,2,2,1,0,TRUE,TRUE,FALSE
FcFIey8UA4E,Family Guidance Association Of Ethiopia Medium clinic,XU2wpLlX4Vk,Oromia,11,0,0,NA,0,TRUE,FALSE,FALSE
FcOn6pEjZgm,Eyob Medium Clinic,XU2wpLlX4Vk,Oromia,0,0,0,NA,0,FALSE,FALSE,FALSE
FcWW7QijTAj,Biftu 2ffaa Medium Clinic,XU2wpLlX4Vk,Oromia,0,0,0,NA,0,FALSE,FALSE,FALSE
FcmuNR8dSjm,Meserete Medium Clinic,yY9BLUUegel,Addis Ababa,0,0,0,NA,0,FALSE,FALSE,FALSE
Fdq1Hyl9ZJ9,West Badewacho Woreda,tDoLtk2ylu4,Central Ethiopia,63,0,0,NA,0,TRUE,FALSE,FALSE
Fj1EQlLR6qy,Shawera Primary Hospital,yb9NKGA8uqt,Amhara,15,1,0,0,1,TRUE,TRUE,FALSE
FkpaAkADK51,Benishangul Gumuz Police Commission Medium Clinic,Fccw8uMlJHN,Benishangul-Gumuz,0,0,0,NA,0,FALSE,FALSE,FALSE
Fl4hgZTdbuM,Mery Stops Medium Clinic,yY9BLUUegel,Addis Ababa,1,0,0,NA,0,TRUE,FALSE,FALSE
FlEEZVBsBJu,Gerese Zuriya Woreda,a2QIIR2UXcd,South Ethiopia,4,0,0,NA,0,TRUE,FALSE,FALSE
FmOhkml3WWW,BET-DAMA Medium Clinic,yb9NKGA8uqt,Amhara,3,0,0,NA,0,TRUE,FALSE,FALSE
FmVFhqPrh4Y,Ketim Medium Clinic,XU2wpLlX4Vk,Oromia,0,0,0,NA,0,FALSE,FALSE,FALSE
FncFAqMqmoY,Galadi Woreda,PCKGSJoNHXi,Somali,29,90,0,0,90,TRUE,TRUE,FALSE
FnlCmXs2svj,Wenberma Woreda,yb9NKGA8uqt,Amhara,111,2,1,0.5,1,TRUE,TRUE,FALSE
FnrPOieKy1O,Degaga Primary Clinic,XU2wpLlX4Vk,Oromia,0,0,0,NA,0,FALSE,FALSE,FALSE
FoM7Vu35Z8M,Mille Woreda,UFtGyqJMEZh,Afar,79,18,0,0,18,TRUE,TRUE,FALSE
FsThBt5tzQm,Ambo_PHCU,XU2wpLlX4Vk,Oromia,22,0,0,NA,0,TRUE,FALSE,FALSE
FsW1uUNAOmc,Deberekidus Medium clinic,XU2wpLlX4Vk,Oromia,0,0,0,NA,0,FALSE,FALSE,FALSE
FsXjQqLfZE1,Kessen Medium Clinic,XU2wpLlX4Vk,Oromia,0,0,0,NA,0,FALSE,FALSE,FALSE
FswWwXdQmXG,Betel Medium Clinic,moBiwh9h5Ce,Gambella,19,0,0,NA,0,TRUE,FALSE,FALSE
FucTZMCGQHO,Hidasie_PHCU,yb9NKGA8uqt,Amhara,2,0,0,NA,0,TRUE,FALSE,FALSE
FukBgnaRvAW,Amare Primary Clinic,yb9NKGA8uqt,Amhara,0,0,0,NA,0,FALSE,FALSE,FALSE
FwBkgYnxy0r,Maristobes Ethiopia Medium clinic,yb9NKGA8uqt,Amhara,6,0,0,NA,0,TRUE,FALSE,FALSE
FxHZ1lZv8za,Kumbi Woreda,XU2wpLlX4Vk,Oromia,8,0,0,NA,0,TRUE,FALSE,FALSE
FyNpUpJXZGx,Bahir Dar University Student Medium Clinic,yb9NKGA8uqt,Amhara,0,0,0,NA,0,FALSE,FALSE,FALSE
FyS7TYLSBuq,Leku Primary Clinic,yY9BLUUegel,Addis Ababa,0,0,0,NA,0,FALSE,FALSE,FALSE
FzZuPDyNqGU,Hadero Tunto Zuriya Woreda,tDoLtk2ylu4,Central Ethiopia,50,0,0,NA,0,TRUE,FALSE,FALSE
G1NULTsDoNc,Erop Woreda,Gmw0DJLXGtx,Tigray,67,0,0,NA,0,TRUE,FALSE,FALSE
G3DYl9NvjbM,Sena Primary Clinic,XU2wpLlX4Vk,Oromia,0,0,0,NA,0,FALSE,FALSE,FALSE
G3pBhqIBX99,Simada Woreda,yb9NKGA8uqt,Amhara,157,13,7,0.5384615384615384,6,TRUE,TRUE,FALSE
G45UNAQ4ZcP,Nansebo Woreda,XU2wpLlX4Vk,Oromia,114,0,8,NA,0,TRUE,FALSE,FALSE
G4Gax1EOnwY,Yafet Medium Clinic,XU2wpLlX4Vk,Oromia,0,0,0,NA,0,FALSE,FALSE,FALSE
G89dv58cW1U,Nour General Hospital,yb9NKGA8uqt,Amhara,20,0,0,NA,0,TRUE,FALSE,FALSE
G9E5rYTvbZU,Anan Medium clinic,XU2wpLlX4Vk,Oromia,0,0,0,NA,0,FALSE,FALSE,FALSE
GD1ut4wKw0C,Dangla Zuria Woreda,yb9NKGA8uqt,Amhara,75,0,0,NA,0,TRUE,FALSE,FALSE
GDCFHvdA5cN,Zegora Gebreal Medium Clinic,yY9BLUUegel,Addis Ababa,1,0,0,NA,0,TRUE,FALSE,FALSE
GEpf4zgPCYX,West Armachho Woreda,yb9NKGA8uqt,Amhara,74,1,0,0,1,TRUE,TRUE,FALSE
GF47x3AYoRz,Erer_PHCU,yY9BLUUegel,Addis Ababa,6,0,0,NA,0,TRUE,FALSE,FALSE
GFaOCnWke5U,Salam Multi Specialty center,b9nYedsL8te,Harari,1,0,0,NA,0,TRUE,FALSE,FALSE
GFw3wpBTZjP,Tach Armacho Woreda,yb9NKGA8uqt,Amhara,15,0,0,NA,0,TRUE,FALSE,FALSE
GIwifVpDWSv,Wayu Tuqa Woreda,XU2wpLlX4Vk,Oromia,24,2,0,0,2,TRUE,TRUE,FALSE
GKANnwgUlGQ,Doctor Habib Medium Clinic,tDoLtk2ylu4,Central Ethiopia,0,0,0,NA,0,FALSE,FALSE,FALSE
GOQG5GqMrQl,Birbir Town Administration,a2QIIR2UXcd,South Ethiopia,3,0,0,NA,0,TRUE,FALSE,FALSE
GOWsKV6Z1pw,Sokoru Woreda,XU2wpLlX4Vk,Oromia,14,14,0,0,14,TRUE,TRUE,FALSE
GOpUOjJq80C,Argoba Special Woreda,UFtGyqJMEZh,Afar,22,0,0,NA,0,TRUE,FALSE,FALSE
GOyjg4DTxzL,Abi Adi Woreda,Gmw0DJLXGtx,Tigray,18,0,0,NA,0,TRUE,FALSE,FALSE
GPZl31mnmBn,Bure Primary hospital,yb9NKGA8uqt,Amhara,23,0,0,NA,0,TRUE,FALSE,FALSE
GR7gu8kC1hU,Mati Primary Clinic,XU2wpLlX4Vk,Oromia,0,0,0,NA,0,FALSE,FALSE,FALSE
GRXLWtR34Xf,Mana Adabaa Primary Clinic,XU2wpLlX4Vk,Oromia,0,0,0,NA,0,FALSE,FALSE,FALSE
GSHgtB5JIZL,Karat Zuria Woreda,a2QIIR2UXcd,South Ethiopia,101,1,0,0,1,TRUE,TRUE,FALSE
GU31KziPbk5,Biftu Town Administration,HIlnt7Qj8do,South West Ethiopia,18,0,0,NA,0,TRUE,FALSE,FALSE
GU5VMpvuo4O,Shewaye Medium Clinic,yY9BLUUegel,Addis Ababa,5,0,0,NA,0,TRUE,FALSE,FALSE
GUzYFyvssmx,Hijera Medium Clinic,Fccw8uMlJHN,Benishangul-Gumuz,0,0,0,NA,0,FALSE,FALSE,FALSE
GYnJu3Pg2dE,Kebridahar Woreda,PCKGSJoNHXi,Somali,1,0,0,NA,0,TRUE,FALSE,FALSE
GaZ1wEVdkVE,Arbaminch Prison Institution Based_PHCU,a2QIIR2UXcd,South Ethiopia,0,0,0,NA,0,FALSE,FALSE,FALSE
GaoZhfkMlS5,Addis Ababa Science And Technolgy Faculty Campus Organization Medium Clinic,yY9BLUUegel,Addis Ababa,1,0,0,NA,0,TRUE,FALSE,FALSE
GbBhIlfK7W8,Laelay Maychew Woreda,Gmw0DJLXGtx,Tigray,100,0,0,NA,0,TRUE,FALSE,FALSE
Gc51G9deXlC,Kiltu Kara Woreda,XU2wpLlX4Vk,Oromia,7,2,0,0,2,TRUE,TRUE,FALSE
GcFG6txQ5vf,Semera-Logia Kentiba,UFtGyqJMEZh,Afar,36,1,0,0,1,TRUE,TRUE,FALSE
Gcgt4yg1caT,Aweday Subcity,XU2wpLlX4Vk,Oromia,22,0,0,NA,0,TRUE,FALSE,FALSE
Gcn7tC3Ibcm,Rohobot Medium Clinic,a2QIIR2UXcd,South Ethiopia,0,0,0,NA,0,FALSE,FALSE,FALSE
GfOZsPiLTVX,Rape Woreda,a2QIIR2UXcd,South Ethiopia,34,3,3,1,0,TRUE,TRUE,FALSE
GfQpL4XW51A,Adane Obsterics And Gynecology Speciality Clinic,yb9NKGA8uqt,Amhara,3,0,0,NA,0,TRUE,FALSE,FALSE
GhBqel5M56a,Goba woreda,HIlnt7Qj8do,South West Ethiopia,7,10,0,0,10,TRUE,TRUE,FALSE
Ghf7hxwxP9d,Goglo Woreda,PCKGSJoNHXi,Somali,0,0,0,NA,0,FALSE,FALSE,FALSE
Gi6nnnHn70B,Sr Aklesia Memorial Primary Hospital,XU2wpLlX4Vk,Oromia,12,0,0,NA,0,TRUE,FALSE,FALSE
GiEf9sXkvsY,Tsiraewomberta Woreda,Gmw0DJLXGtx,Tigray,59,17,0,0,17,TRUE,TRUE,FALSE
GkALWgg2mIU,Oljira Medium clinic,XU2wpLlX4Vk,Oromia,10,0,0,NA,0,TRUE,FALSE,FALSE
GkT2fNEKFFu,Meba Medium Clinic,yY9BLUUegel,Addis Ababa,3,0,0,NA,0,TRUE,FALSE,FALSE
GkqPTcxSyJW,JBY Medium Clinic,yY9BLUUegel,Addis Ababa,0,0,0,NA,0,FALSE,FALSE,FALSE
GlABqrWy6xG,MuluGondar Multi specialty Clinic,yb9NKGA8uqt,Amhara,1,1,1,1,0,TRUE,TRUE,FALSE
GlVFyqfGpHI,Milto Primary Clinic,moBiwh9h5Ce,Gambella,0,0,0,NA,0,FALSE,FALSE,FALSE
GmmAH4hFjwV,Ann Lemo Woreda,tDoLtk2ylu4,Central Ethiopia,47,3,1,0.3333333333333333,2,TRUE,TRUE,FALSE
GocQeBrfZyi,Bethel Medium Clinic,a2QIIR2UXcd,South Ethiopia,0,0,0,NA,0,FALSE,FALSE,FALSE
Gq5qmI8qo7H,Yusuf Abdulahi Primary Hospital,PCKGSJoNHXi,Somali,23,0,0,NA,0,TRUE,FALSE,FALSE
GrDXfj35Y8s,Berhane Leul Medium Clinic,yY9BLUUegel,Addis Ababa,0,0,0,NA,0,FALSE,FALSE,FALSE
Gs825iXMXrU,Chida Town Admininistration,HIlnt7Qj8do,South West Ethiopia,0,0,0,NA,0,FALSE,FALSE,FALSE
GuOSH1THamq,Fromsis Primary Clinic,XU2wpLlX4Vk,Oromia,0,2,0,0,2,FALSE,TRUE,TRUE
GwHjMr7NIeC,Wadila Primary Hospital,yb9NKGA8uqt,Amhara,22,0,0,NA,0,TRUE,FALSE,FALSE
Gwt3ZMMXN0L,Jimma Higher Medium Clinic,XU2wpLlX4Vk,Oromia,0,0,0,NA,0,FALSE,FALSE,FALSE
GxqR2vxmfFW,Menit Shasha Woreda,HIlnt7Qj8do,South West Ethiopia,23,0,0,NA,0,TRUE,FALSE,FALSE
GyScX7xjfbu,Sedie Muja Woreda,yb9NKGA8uqt,Amhara,23,2,2,1,0,TRUE,TRUE,FALSE
H0IPSihBXl9,Abebech Gobena Maternal And Child Health Specialty Center,yY9BLUUegel,Addis Ababa,15,0,0,NA,0,TRUE,FALSE,FALSE
H0eoH8I0sEw,Care Maternal And Child Health Specialty Center,yY9BLUUegel,Addis Ababa,1,0,0,NA,0,TRUE,FALSE,FALSE
H0pX6oY3U7n,Doctor Fekadu Medium Clinic,yb9NKGA8uqt,Amhara,1,0,0,NA,0,TRUE,FALSE,FALSE
H1JlWVJ9S0g,Sire Woreda,XU2wpLlX4Vk,Oromia,30,0,0,NA,0,TRUE,FALSE,FALSE
H2tgImHsivO,Africal Pediatric And Internal Medicine Center,yb9NKGA8uqt,Amhara,0,0,0,NA,0,FALSE,FALSE,FALSE
H39HFbzqoQC,Asagirt Woreda,yb9NKGA8uqt,Amhara,133,0,0,NA,0,TRUE,FALSE,FALSE
H456D7vaMwZ,Dulecha Woreda,UFtGyqJMEZh,Afar,12,0,0,NA,0,TRUE,FALSE,FALSE
H4uwoG0bHjU,Dishet Medium Clinic,yb9NKGA8uqt,Amhara,0,0,0,NA,0,FALSE,FALSE,FALSE
H5TBDG8Vchv,Harme Primary Clinic,XU2wpLlX4Vk,Oromia,1,0,0,NA,0,TRUE,FALSE,FALSE
H7BfljWWHg9,Kochore Woreda,a2QIIR2UXcd,South Ethiopia,43,0,0,NA,0,TRUE,FALSE,FALSE
H8MxW26o2R6,Raji Medium Clinic,XU2wpLlX4Vk,Oromia,6,0,0,NA,0,TRUE,FALSE,FALSE
H98zlMyf0B1,Endris Medium Clinic,yb9NKGA8uqt,Amhara,0,0,0,NA,0,FALSE,FALSE,FALSE
H9d5it9cZ4D,Dagim Hidase Health Center,yY9BLUUegel,Addis Ababa,14,1,1,1,0,TRUE,TRUE,FALSE
HAMC7f7M8ZH,Selam Frea Health Center,yY9BLUUegel,Addis Ababa,15,0,0,NA,0,TRUE,FALSE,FALSE
HBVxSwXaC2z,Bama Maternal And Child Health Speciality Center,yY9BLUUegel,Addis Ababa,1,0,0,NA,0,TRUE,FALSE,FALSE
HBkfRmEpKpM,Maykenetal woreda,Gmw0DJLXGtx,Tigray,43,1,1,1,0,TRUE,TRUE,FALSE
HCCp3V40ROA,Yotor Pediatric Specialty Clinic,yb9NKGA8uqt,Amhara,1,0,0,NA,0,TRUE,FALSE,FALSE
HCIjxskLtAy,Addis Hiwot health Center,yY9BLUUegel,Addis Ababa,7,0,0,NA,0,TRUE,FALSE,FALSE
HCSO1nB7S1a,Metema Woreda,yb9NKGA8uqt,Amhara,27,0,0,NA,0,TRUE,FALSE,FALSE
HCkFbS3lrQe,Merystop Medium Clinic,yb9NKGA8uqt,Amhara,0,0,0,NA,0,FALSE,FALSE,FALSE
HD4w0osahHn,Chire Woreda,xNUoZIrGKxQ,Sidama,74,1,0,0,1,TRUE,TRUE,FALSE
HDr1uIvruwk,Moa Medium Clinic,XU2wpLlX4Vk,Oromia,0,0,0,NA,0,FALSE,FALSE,FALSE
HGPpi6k7ywE,Abera Medium Clinic,yb9NKGA8uqt,Amhara,5,0,0,NA,0,TRUE,FALSE,FALSE
HHRkefDOc9u,Bele Hawassa Town,a2QIIR2UXcd,South Ethiopia,18,1,0,0,1,TRUE,TRUE,FALSE
HHZEEXDvRVy,Aleltu Woreda,XU2wpLlX4Vk,Oromia,127,2,0,0,2,TRUE,TRUE,FALSE
HIS1oDfgn3M,Wanthoa Woreda,moBiwh9h5Ce,Gambella,36,0,0,NA,0,TRUE,FALSE,FALSE
HIoPoVrhB3Q,Sintayehu Medium Clinic,yY9BLUUegel,Addis Ababa,0,0,0,NA,0,FALSE,FALSE,FALSE
HJnoPrAqRgY,Tulu Bolo General Hospital,XU2wpLlX4Vk,Oromia,10,0,0,NA,0,TRUE,FALSE,FALSE
HMfru9oNdeV,Yahoob Woreda,PCKGSJoNHXi,Somali,16,1,0,0,1,TRUE,TRUE,FALSE
HMmkTyjyFZu,Chelenko Primary Hospital,XU2wpLlX4Vk,Oromia,7,0,0,NA,0,TRUE,FALSE,FALSE
HMzhsiEZrOb,Aleta Wondo Town,xNUoZIrGKxQ,Sidama,26,0,0,NA,0,TRUE,FALSE,FALSE
HOMrTA2DVFS,Bole Primary Clinic,XU2wpLlX4Vk,Oromia,0,0,0,NA,0,FALSE,FALSE,FALSE
HP7vLlfg2ud,Midaga Tola Woreda,XU2wpLlX4Vk,Oromia,30,2,0,0,2,TRUE,TRUE,FALSE
HSfTtd3kQZo,Marsin Woreda,PCKGSJoNHXi,Somali,37,1,1,1,0,TRUE,TRUE,FALSE
HTMFsjkIEdR,Harar Obstetrics and Gynecology,b9nYedsL8te,Harari,0,0,0,NA,0,FALSE,FALSE,FALSE
HV7eVeQp7JO,Tedila Medium Clinic,XU2wpLlX4Vk,Oromia,20,2,0,0,2,TRUE,TRUE,FALSE
HVW8255b2Nj,Sude Woreda,XU2wpLlX4Vk,Oromia,106,1,1,1,0,TRUE,TRUE,FALSE
HW7KH0jeFqX,Hintalo Woreda,Gmw0DJLXGtx,Tigray,89,0,0,NA,0,TRUE,FALSE,FALSE
HWrzfTv0tY0,Hayat Medium Clinic,moBiwh9h5Ce,Gambella,12,0,0,NA,0,TRUE,FALSE,FALSE
HXbTzrHy7ys,Bete Raey Medium Clinic,moBiwh9h5Ce,Gambella,19,0,0,NA,0,TRUE,FALSE,FALSE
HXiWtIs8vDz,Doctor Hanan Pediatric Specialty Clinic,b9nYedsL8te,Harari,0,0,0,NA,0,FALSE,FALSE,FALSE
HYKDfpXoNRi,Bedele General hospital,XU2wpLlX4Vk,Oromia,20,8,0,0,8,TRUE,TRUE,FALSE
HYQf5YqEDFp,Bore Woreda,XU2wpLlX4Vk,Oromia,80,0,0,NA,0,TRUE,FALSE,FALSE
HZ3UEXocGHy,Nisr Medium Clinic,yb9NKGA8uqt,Amhara,0,0,0,NA,0,FALSE,FALSE,FALSE
HaWWirEMIXt,Adventist Primary Clinic,XU2wpLlX4Vk,Oromia,0,0,0,NA,0,FALSE,FALSE,FALSE
HayShmFPKDc,Albadri Medium Clinic,XU2wpLlX4Vk,Oromia,0,0,0,NA,0,FALSE,FALSE,FALSE
Hb3xh1AZ4ko,Kality Health Center,yY9BLUUegel,Addis Ababa,0,0,0,NA,0,FALSE,FALSE,FALSE
Hbehe2dYPwm,Bursa Woreda,xNUoZIrGKxQ,Sidama,57,36,4,0.1111111111111111,32,TRUE,TRUE,FALSE
HcN4AWA6EnQ,Bedele Town Woreda,XU2wpLlX4Vk,Oromia,12,0,0,NA,0,TRUE,FALSE,FALSE
HcfMMv2Qpid,Getachew Medium Clinic,yb9NKGA8uqt,Amhara,1,0,0,NA,0,TRUE,FALSE,FALSE
HcnSCBmPCmM,Kidanemihiret Primary Clinic,XU2wpLlX4Vk,Oromia,0,0,0,NA,0,FALSE,FALSE,FALSE
HcxbmVnLXQ4,Ginnir Woreda,XU2wpLlX4Vk,Oromia,136,1,0,0,1,TRUE,TRUE,FALSE
HcyCr1qkSQF,Roba Primary Clinic,XU2wpLlX4Vk,Oromia,0,0,0,NA,0,FALSE,FALSE,FALSE
HeTvH6GBlxb,Hinsene Medium Clinic,XU2wpLlX4Vk,Oromia,23,4,0,0,4,TRUE,TRUE,FALSE
HfJ3t2VtqWY,palowus mekibeb physiothrapy clinic,yY9BLUUegel,Addis Ababa,3,0,0,NA,0,TRUE,FALSE,FALSE
HfOFVGVc9QO,Gola Oda Woreda,XU2wpLlX4Vk,Oromia,102,0,0,NA,0,TRUE,FALSE,FALSE
HfqOlOLyD0z,Shafamo Woreda,xNUoZIrGKxQ,Sidama,26,0,0,NA,0,TRUE,FALSE,FALSE
HjIHpkhd0nC,Abima Dental Medium clinic,yb9NKGA8uqt,Amhara,0,0,0,NA,0,FALSE,FALSE,FALSE
Hjt4Jpgr2ux,Zoble Internal Medicine Specialty Clinic,yb9NKGA8uqt,Amhara,1,0,0,NA,0,TRUE,FALSE,FALSE
HlOZnkK3CO7,Woliso Health Center No.1_PHCU,XU2wpLlX4Vk,Oromia,2,0,0,NA,0,TRUE,FALSE,FALSE
HmMBzcSMDPh,Rama Medium Clinic,Fccw8uMlJHN,Benishangul-Gumuz,0,0,0,NA,0,FALSE,FALSE,FALSE
Hp9yEQIxqWb,Bule Hora Woreda,XU2wpLlX4Vk,Oromia,35,12,0,0,12,TRUE,TRUE,FALSE
HpG3likH5Yo,ShewaPoly,yb9NKGA8uqt,Amhara,13,0,0,NA,0,TRUE,FALSE,FALSE
HpNkuA0mEkG,Jama,yb9NKGA8uqt,Amhara,130,0,0,NA,0,TRUE,FALSE,FALSE
HrJCCWsCoGK,Abdi Bori Primary Clinic,XU2wpLlX4Vk,Oromia,0,0,0,NA,0,FALSE,FALSE,FALSE
HrXpiJhpIg0,Weroda 11 Health Center,yY9BLUUegel,Addis Ababa,8,0,0,NA,0,TRUE,FALSE,FALSE
Hrjpa85QQsa,North Achefer Woreda,yb9NKGA8uqt,Amhara,96,4,0,0,4,TRUE,TRUE,FALSE
HswGzwwaiwy,Dhanan Woreda,PCKGSJoNHXi,Somali,7,0,0,NA,0,TRUE,FALSE,FALSE
Ht4C5gu5B4g,Shedeho Internal Medicine Specialty Clinic,yY9BLUUegel,Addis Ababa,0,0,0,NA,0,FALSE,FALSE,FALSE
Ht5Sz7Y43Kk,Abereham Gebeyehu Medium Clinic,yb9NKGA8uqt,Amhara,0,0,0,NA,0,FALSE,FALSE,FALSE
Ht79i7NfExL,Afoas Medium Clinic,yY9BLUUegel,Addis Ababa,0,0,0,NA,0,FALSE,FALSE,FALSE
HuLncL6fmVe,Dedesa Woreda,XU2wpLlX4Vk,Oromia,41,23,12,0.5217391304347826,11,TRUE,TRUE,FALSE
HuQ2RW9ZOvv,Tokuma Primary Clinicc,XU2wpLlX4Vk,Oromia,0,0,0,NA,0,FALSE,FALSE,FALSE
HvRQvhMWHeZ,Amaris Pediatrics Specialty Clinic,yb9NKGA8uqt,Amhara,0,0,0,NA,0,FALSE,FALSE,FALSE
HvdvGUllbnX,Sarem Primary Hospital,XU2wpLlX4Vk,Oromia,17,0,0,NA,0,TRUE,FALSE,FALSE
HxKkwrfEPfP,Negash Medium Clinic,a2QIIR2UXcd,South Ethiopia,0,0,0,NA,0,FALSE,FALSE,FALSE
I5dnPpOJSFc,Doctor Dereje Medium Clinic,yY9BLUUegel,Addis Ababa,0,0,0,NA,0,FALSE,FALSE,FALSE
I6fylyru9Mr,Bassona Worana,yb9NKGA8uqt,Amhara,70,0,0,NA,0,TRUE,FALSE,FALSE
I70119Crht4,Doctor Lidetu Dental Speciality Clinic -No.02,a2QIIR2UXcd,South Ethiopia,0,0,0,NA,0,FALSE,FALSE,FALSE
I8oveFuHtwD,Saris Abo Medium Clinic_Closed,yY9BLUUegel,Addis Ababa,0,0,0,NA,0,FALSE,FALSE,FALSE
I9l2gkHTfdI,Goshebado_PHCU,yb9NKGA8uqt,Amhara,23,1,0,0,1,TRUE,TRUE,FALSE
ICtLD7U5C7N,babili Woreda,PCKGSJoNHXi,Somali,30,0,0,NA,0,TRUE,FALSE,FALSE
IEChjMLH1R0,Warder General Hospital,PCKGSJoNHXi,Somali,23,5,3,0.6,2,TRUE,TRUE,FALSE
IEFQ6sNrMPu,Rama Physiotherapy Specialty Clinic,yb9NKGA8uqt,Amhara,0,0,0,NA,0,FALSE,FALSE,FALSE
IEg8uD6lYKW,Damot Gale Woreda,a2QIIR2UXcd,South Ethiopia,34,0,0,NA,0,TRUE,FALSE,FALSE
IGvGiVaW7GN,Tuaif Primary Clinic,yb9NKGA8uqt,Amhara,1,0,0,NA,0,TRUE,FALSE,FALSE
IINGLSxLfSd,Al_Afia Medium Clinic,XU2wpLlX4Vk,Oromia,1,0,0,NA,0,TRUE,FALSE,FALSE
IJAz7OEY8qN,Dawa Harewa Woreda,yb9NKGA8uqt,Amhara,48,0,0,NA,0,TRUE,FALSE,FALSE
IJN7wFKflpI,Abdisa Primary Clinic,XU2wpLlX4Vk,Oromia,0,0,0,NA,0,FALSE,FALSE,FALSE
ILs4E04SbjG,Dimtu Primary Hospital,XU2wpLlX4Vk,Oromia,21,1,0,0,1,TRUE,TRUE,FALSE
IMPUNPZuNG3,Geta Specialty Internal Medicine And Dermatology Clinic,yY9BLUUegel,Addis Ababa,0,0,0,NA,0,FALSE,FALSE,FALSE
IMg7qWrLIMZ,Felgehiwot Primary Clinic,yb9NKGA8uqt,Amhara,0,0,0,NA,0,FALSE,FALSE,FALSE
IQmfXeXsVVU,Limu Seka Primary Hospital,XU2wpLlX4Vk,Oromia,12,0,0,NA,0,TRUE,FALSE,FALSE
IRJ48GoZTOf,Chiro Zurya Woreda,XU2wpLlX4Vk,Oromia,99,45,23,0.5111111111111111,22,TRUE,TRUE,FALSE
IT9QK1TGHaW,Lukas Medium Clinic,XU2wpLlX4Vk,Oromia,0,0,0,NA,0,FALSE,FALSE,FALSE
IULitny1hZY,Shole Medium Clinic,XU2wpLlX4Vk,Oromia,19,0,0,NA,0,TRUE,FALSE,FALSE
IVuz1XzXgnT,Tole Woreda,XU2wpLlX4Vk,Oromia,12,0,0,NA,0,TRUE,FALSE,FALSE
IXBzpKWff1A,Sinana Woreda,XU2wpLlX4Vk,Oromia,102,0,0,NA,0,TRUE,FALSE,FALSE
IXGSud0zIZ5,Melka Bello Woreda,XU2wpLlX4Vk,Oromia,111,51,1,0.0196078431372549,50,TRUE,TRUE,FALSE
IY7BOcEQ1c0,Asrat Medium Clinic,yb9NKGA8uqt,Amhara,4,0,0,NA,0,TRUE,FALSE,FALSE
IaEfdUQgYzD,Dodola Rural Woreda,XU2wpLlX4Vk,Oromia,89,4,0,0,4,TRUE,TRUE,FALSE
IgQNCSTFlbQ,Selam Medium Clinic,XU2wpLlX4Vk,Oromia,5,0,0,NA,0,TRUE,FALSE,FALSE
IhVNpF6Gsff,Silehom Medium Cilinic,XU2wpLlX4Vk,Oromia,0,0,0,NA,0,FALSE,FALSE,FALSE
Ihw62GdDuhQ,Fitsume  Medium Clinic,yY9BLUUegel,Addis Ababa,0,0,0,NA,0,FALSE,FALSE,FALSE
IjgZ3HAYh9j,Bugina Woreda,yb9NKGA8uqt,Amhara,71,0,0,NA,0,TRUE,FALSE,FALSE
ImzLGExGoRM,Doctor Tsehay Medium Clinic,yb9NKGA8uqt,Amhara,0,0,0,NA,0,FALSE,FALSE,FALSE
IoQvV0mOhIi,Efoyita Medium Clinic,a2QIIR2UXcd,South Ethiopia,0,0,0,NA,0,FALSE,FALSE,FALSE
IoYLauT58Zi,Bedesa Woreda,XU2wpLlX4Vk,Oromia,21,1,0,0,1,TRUE,TRUE,FALSE
Iqbh4o31jLb,Ethio Africa Medium Clinic,XU2wpLlX4Vk,Oromia,0,0,0,NA,0,FALSE,FALSE,FALSE
Irs77HVg8Wj,Gebriel Medium Clinic,yb9NKGA8uqt,Amhara,0,0,0,NA,0,FALSE,FALSE,FALSE
IrsBqdw8TBn,Gera Woreda,XU2wpLlX4Vk,Oromia,119,2,0,0,2,TRUE,TRUE,FALSE
IuYrHMrJEoq,Doctor Shemse Maternal And Child Health Specialty Center,yY9BLUUegel,Addis Ababa,16,0,0,NA,0,TRUE,FALSE,FALSE
Iz3VUgMrbXq,Akaki Health Center,yY9BLUUegel,Addis Ababa,14,2,0,0,2,TRUE,TRUE,FALSE
IziBBZF1I52,Debre Libanos Woreda,XU2wpLlX4Vk,Oromia,49,0,0,NA,0,TRUE,FALSE,FALSE
J0TCdYsqG2E,Gazgibla Woreda,yb9NKGA8uqt,Amhara,78,2,1,0.5,1,TRUE,TRUE,FALSE
J1aOIa8mkct,Miyo Woreda,XU2wpLlX4Vk,Oromia,73,0,0,NA,0,TRUE,FALSE,FALSE
J3RaOoR4x3n,Nur Enat MCH Center,XU2wpLlX4Vk,Oromia,11,5,0,0,5,TRUE,TRUE,FALSE
J4ht9Coyiq9,Kumbi Primary Clinic,XU2wpLlX4Vk,Oromia,0,0,0,NA,0,FALSE,FALSE,FALSE
J5bANHyr6n8,Arada Health Center_Closed,yY9BLUUegel,Addis Ababa,0,0,0,NA,0,FALSE,FALSE,FALSE
J5mo3n2NTBA,Kulubi Medium Clinic,XU2wpLlX4Vk,Oromia,0,0,0,NA,0,FALSE,FALSE,FALSE
J6ts1tQtNVx,Feye Medium Clinic,yY9BLUUegel,Addis Ababa,0,0,0,NA,0,FALSE,FALSE,FALSE
J8D7ilwv2RJ,Adis Vision Internal Medicine Specialty Clinic,yb9NKGA8uqt,Amhara,21,0,0,NA,0,TRUE,FALSE,FALSE
J8HJBXxPZ76,Lideta Sub City Woreda 4 Health Center,yY9BLUUegel,Addis Ababa,0,0,0,NA,0,FALSE,FALSE,FALSE
J8SI7ltUyxz,Alburak Medium Clinic,Fccw8uMlJHN,Benishangul-Gumuz,0,0,0,NA,0,FALSE,FALSE,FALSE
J8V9Gqmn0LM,Bokoji Primary Hospital,XU2wpLlX4Vk,Oromia,3,0,0,NA,0,TRUE,FALSE,FALSE
JB1KloIcI6B,Bekur Obstetric And Gynacology Specialty Clinic,yY9BLUUegel,Addis Ababa,0,0,0,NA,0,FALSE,FALSE,FALSE
JBUMkLNQpZK,Biraro Medium Clinic,yb9NKGA8uqt,Amhara,6,0,0,NA,0,TRUE,FALSE,FALSE
JF70YrhUGph,Miheret Medium Clinic,yb9NKGA8uqt,Amhara,0,0,0,NA,0,FALSE,FALSE,FALSE
JGfgE6GNDum,Maristopes International Ethiopia Maternal And Child Health Specialty Center,yb9NKGA8uqt,Amhara,1,0,0,NA,0,TRUE,FALSE,FALSE
JHI9VXWZa3y,Gilobal Medium Cilinic,XU2wpLlX4Vk,Oromia,0,0,0,NA,0,FALSE,FALSE,FALSE
JJw6ZAR6d4V,Biruk Medium Clinic,XU2wpLlX4Vk,Oromia,0,0,0,NA,0,FALSE,FALSE,FALSE
JL7tE5Wj3G0,Efoyita Health Center,yY9BLUUegel,Addis Ababa,3,0,0,NA,0,TRUE,FALSE,FALSE
JLGil6yQ0gB,Ayu Primary Hospital,yb9NKGA8uqt,Amhara,22,0,0,NA,0,TRUE,FALSE,FALSE
JOYuuhpUH2r,Diaspora Medium Clinic,yb9NKGA8uqt,Amhara,0,0,0,NA,0,FALSE,FALSE,FALSE
JOr3P3AOXnK,Dehana Woreda,yb9NKGA8uqt,Amhara,95,0,0,NA,0,TRUE,FALSE,FALSE
JOwzLX8309M,Beza Medium Clinic,a2QIIR2UXcd,South Ethiopia,0,0,0,NA,0,FALSE,FALSE,FALSE
JPD2RcoM1eh,Arerity Primary Hospital,yb9NKGA8uqt,Amhara,20,0,0,NA,0,TRUE,FALSE,FALSE
JR69AfQJNso,Mida Kegni Woreda,XU2wpLlX4Vk,Oromia,79,0,0,NA,0,TRUE,FALSE,FALSE
JRQ95RAC7Fz,Fire Primary Clinic,XU2wpLlX4Vk,Oromia,0,0,0,NA,0,FALSE,FALSE,FALSE
JSpq4Ygdf99,Rift Valley University General Hospital,XU2wpLlX4Vk,Oromia,25,0,0,NA,0,TRUE,FALSE,FALSE
JSwsKDBtjIR,Shabeley Woreda,PCKGSJoNHXi,Somali,64,0,0,NA,0,TRUE,FALSE,FALSE
JXhC3EI1GhO,Elele Woreda,PCKGSJoNHXi,Somali,0,0,0,NA,0,FALSE,FALSE,FALSE
JYPWCCwXVo2,Deberemarkos University Middium Clinic,yb9NKGA8uqt,Amhara,11,0,0,NA,0,TRUE,FALSE,FALSE
JYW7Rl6jvBs,Meron Medium Clinic,yY9BLUUegel,Addis Ababa,0,0,0,NA,0,FALSE,FALSE,FALSE
JYcnn39BauC,Doctor Bereket Medium Clinic,a2QIIR2UXcd,South Ethiopia,0,0,0,NA,0,FALSE,FALSE,FALSE
JYrixbn8tFU,Woliso General Hospital,XU2wpLlX4Vk,Oromia,16,0,0,NA,0,TRUE,FALSE,FALSE
JZXUp3xidqG,Gerese Town Administration,a2QIIR2UXcd,South Ethiopia,27,0,0,NA,0,TRUE,FALSE,FALSE
JcRbLGo9dNI,Beimnat Medium clinic,XU2wpLlX4Vk,Oromia,4,0,0,NA,0,TRUE,FALSE,FALSE
JecOtyY3Ev8,Ropi Medium Clinic,XU2wpLlX4Vk,Oromia,1,0,0,NA,0,TRUE,FALSE,FALSE
Jg4AQxditUz,Yallo Woreda,UFtGyqJMEZh,Afar,56,0,0,NA,0,TRUE,FALSE,FALSE
JhReSeUQkeK,Doctor Lidetu Speciality Dental Clinic No 1,a2QIIR2UXcd,South Ethiopia,0,0,0,NA,0,FALSE,FALSE,FALSE
JhqMdcSVF2M,Kombolcha Kebele 02 Health Center,yb9NKGA8uqt,Amhara,19,0,0,NA,0,TRUE,FALSE,FALSE
JinvJTWAFc5,Kindo Didaye Woreda,a2QIIR2UXcd,South Ethiopia,63,3,2,0.6666666666666666,1,TRUE,TRUE,FALSE
JjLKohqD7kt,Shebedino Woreda,xNUoZIrGKxQ,Sidama,68,0,0,NA,0,TRUE,FALSE,FALSE
JjOB2MwAHKQ,Oromia Police Hospital Surgical & Emergency Specialty Center,XU2wpLlX4Vk,Oromia,1,0,0,NA,0,TRUE,FALSE,FALSE
Jjb4vnt0t4M,SAS Medium Clinic,yY9BLUUegel,Addis Ababa,0,0,0,NA,0,FALSE,FALSE,FALSE
Jkl09QypOVP,Nati Midium Clinic,moBiwh9h5Ce,Gambella,9,0,0,NA,0,TRUE,FALSE,FALSE
Jl0B4ZOtKxo,Sifan Primary Clinic,XU2wpLlX4Vk,Oromia,0,0,0,NA,0,FALSE,FALSE,FALSE
Jl18qIPEZT3,Yabelo Town,XU2wpLlX4Vk,Oromia,17,0,0,NA,0,TRUE,FALSE,FALSE
JlD0iX5f6PR,Maraki_PHCU,yb9NKGA8uqt,Amhara,23,0,0,NA,0,TRUE,FALSE,FALSE
Jmhba2UL0RD,Guduru Primary Hospital,XU2wpLlX4Vk,Oromia,17,3,1,0.3333333333333333,2,TRUE,TRUE,FALSE
Jo3nXtbQtaD,Chobi Woreda,XU2wpLlX4Vk,Oromia,29,6,6,1,0,TRUE,TRUE,FALSE
JpaSzGJyQQF,Woramit Medium clinic,yb9NKGA8uqt,Amhara,0,0,0,NA,0,FALSE,FALSE,FALSE
Jrf3ivCtU8r,Abrahamo Woreda,Fccw8uMlJHN,Benishangul-Gumuz,35,295,0,0,295,TRUE,TRUE,FALSE
JuNpAovfNTY,Saron Medium Clinic,yY9BLUUegel,Addis Ababa,0,0,0,NA,0,FALSE,FALSE,FALSE
JumL7qB85Zj,Vision Eye Especiality Clinic,yb9NKGA8uqt,Amhara,0,0,0,NA,0,FALSE,FALSE,FALSE
JvcrBPz86z9,Lemen Primery Hospital,XU2wpLlX4Vk,Oromia,22,0,0,NA,0,TRUE,FALSE,FALSE
Jvn8qImGO1u,Mulugeta Medium Clinic,yY9BLUUegel,Addis Ababa,0,0,0,NA,0,FALSE,FALSE,FALSE
Jxsv4R3WmXC,Tehuledre Woreda,yb9NKGA8uqt,Amhara,119,0,0,NA,0,TRUE,FALSE,FALSE
JzZNqQqiKZT,Salam MEDIUM CLINIC,XU2wpLlX4Vk,Oromia,1,0,0,NA,0,TRUE,FALSE,FALSE
K0DrAAAGQ21,Lugo Sub City,XU2wpLlX4Vk,Oromia,9,0,0,NA,0,TRUE,FALSE,FALSE
K17GM3icKzE,Salo Giorgis Medium Clinic,yY9BLUUegel,Addis Ababa,0,0,0,NA,0,FALSE,FALSE,FALSE
K4UUlM5mXf4,Haleta Pediatric Specialty Clinic,yb9NKGA8uqt,Amhara,0,0,0,NA,0,FALSE,FALSE,FALSE
K8A3Vc2AkKX,Ariya Medium Clinic,XU2wpLlX4Vk,Oromia,0,0,0,NA,0,FALSE,FALSE,FALSE
K9i3rnx0Dxn,Alefa Woreda,yb9NKGA8uqt,Amhara,76,1,1,1,0,TRUE,TRUE,FALSE
KBEEAvmMmEy,Kirkos Health Center,yY9BLUUegel,Addis Ababa,2,0,0,NA,0,TRUE,FALSE,FALSE
KD9vBL3cSlk,Abisinia Surgical Specialty Clinic_Closed,XU2wpLlX4Vk,Oromia,0,0,0,NA,0,FALSE,FALSE,FALSE
KDJA3qHW2eW,Keradiyon Medium Clinic,yb9NKGA8uqt,Amhara,0,0,0,NA,0,FALSE,FALSE,FALSE
KDT8F3k6o3i,Land Mark Medium Clinic,XU2wpLlX4Vk,Oromia,0,0,0,NA,0,FALSE,FALSE,FALSE
KHFL9o1qFIW,Bale Robe General Hospital,XU2wpLlX4Vk,Oromia,0,0,0,NA,0,FALSE,FALSE,FALSE
KIxNkJg22uC,Tokuma Medium clinic,XU2wpLlX4Vk,Oromia,1,0,0,NA,0,TRUE,FALSE,FALSE
KKpL0PJ1vLv,Jawi Primary Hospital,yb9NKGA8uqt,Amhara,22,0,0,NA,0,TRUE,FALSE,FALSE
KLTGZWo54uU,Dibate Woreda,Fccw8uMlJHN,Benishangul-Gumuz,73,8,3,0.375,5,TRUE,TRUE,FALSE
KMdcEvl9Yv7,Seharti Woreda,Gmw0DJLXGtx,Tigray,65,3,1,0.3333333333333333,2,TRUE,TRUE,FALSE
KMjuq2cfuUD,Segni Primary Clinic,XU2wpLlX4Vk,Oromia,0,0,0,NA,0,FALSE,FALSE,FALSE
KP4xHdPkH3O,Elbetel Primary Clinic,XU2wpLlX4Vk,Oromia,0,0,0,NA,0,FALSE,FALSE,FALSE
KPabs3N6gFX,Harorays Woreda,PCKGSJoNHXi,Somali,4,0,0,NA,0,TRUE,FALSE,FALSE
KSCOP808Dan,Yemalogi Welel Woreda,XU2wpLlX4Vk,Oromia,44,0,0,NA,0,TRUE,FALSE,FALSE
KU4gY8ckCXd,Aetel Maternal and Child Health Clinic,yY9BLUUegel,Addis Ababa,7,0,0,NA,0,TRUE,FALSE,FALSE
KUEeyuErzWz,Aware Woreda,PCKGSJoNHXi,Somali,24,0,0,NA,0,TRUE,FALSE,FALSE
KUSoFqgFny9,Wada medium Clinic,XU2wpLlX4Vk,Oromia,0,0,0,NA,0,FALSE,FALSE,FALSE
KWS9EAnu7HI,Wembera Woreda,Fccw8uMlJHN,Benishangul-Gumuz,84,0,0,NA,0,TRUE,FALSE,FALSE
KXrfc0qAOE3,Sitti General Hospital,PCKGSJoNHXi,Somali,33,2,0,0,2,TRUE,TRUE,FALSE
KYVT45H3bu4,Tahtay Qoraro Woreda,Gmw0DJLXGtx,Tigray,81,0,0,NA,0,TRUE,FALSE,FALSE
KbDrRhqY0hk,Amana Internal Medicine Specialty Clinic,yb9NKGA8uqt,Amhara,0,0,0,NA,0,FALSE,FALSE,FALSE
KdBpZbpA53L,Addis Primary Clinic,yY9BLUUegel,Addis Ababa,0,0,0,NA,0,FALSE,FALSE,FALSE
KdxwJBFg8Mm,Chiro General Hospital,XU2wpLlX4Vk,Oromia,19,18,2,0.1111111111111111,16,TRUE,TRUE,FALSE
KewnRwIT90M,Etse Hiwot Primary Clinic,XU2wpLlX4Vk,Oromia,0,0,0,NA,0,FALSE,FALSE,FALSE
Kf60wUDDQsI,Mille City Administration,UFtGyqJMEZh,Afar,39,0,0,NA,0,TRUE,FALSE,FALSE
KfHE96DtvOl,Gidan Woreda,yb9NKGA8uqt,Amhara,98,1,0,0,1,TRUE,TRUE,FALSE
Kfq3FrBK6Wr,Gorigesha Woreda,HIlnt7Qj8do,South West Ethiopia,17,0,0,NA,0,TRUE,FALSE,FALSE
KiDSGyiTQ9m,Debre Tabor Marmiya bet Medium Clinic,yb9NKGA8uqt,Amhara,0,0,0,NA,0,FALSE,FALSE,FALSE
Kj3rC6kDIHG,Kidus Gabrel Primary Clinic,XU2wpLlX4Vk,Oromia,0,0,0,NA,0,FALSE,FALSE,FALSE
KjwyYPNMjx6,Batu General Hospital,XU2wpLlX4Vk,Oromia,21,2,2,1,0,TRUE,TRUE,FALSE
Kk5vxqXzWsn,Marie Stopes International Ethiopia Debre Markos Branch Medium Clinic,yb9NKGA8uqt,Amhara,20,0,0,NA,0,TRUE,FALSE,FALSE
KkEI6m72wTB,Koye Abajalal_PHCU,XU2wpLlX4Vk,Oromia,11,0,0,NA,0,TRUE,FALSE,FALSE
Kl7ceo4rzO1,Marsimoy Primary Clinic_Closed,XU2wpLlX4Vk,Oromia,0,0,0,NA,0,FALSE,FALSE,FALSE
KmYYmXSDDWJ,Guna Woreda,XU2wpLlX4Vk,Oromia,116,0,0,NA,0,TRUE,FALSE,FALSE
KnOAJg00nvj,Asfew Medium Clinic,XU2wpLlX4Vk,Oromia,0,0,0,NA,0,FALSE,FALSE,FALSE
KnYqBo38n1X,Menahariya Medium Clinic,a2QIIR2UXcd,South Ethiopia,0,0,0,NA,0,FALSE,FALSE,FALSE
KnpDdytGfri,Boruf Medium Clinic,XU2wpLlX4Vk,Oromia,1,0,0,NA,0,TRUE,FALSE,FALSE
KonfvFJgRsE,Yeki Woreda,HIlnt7Qj8do,South West Ethiopia,80,2,0,0,2,TRUE,TRUE,FALSE
KpgvuSOvkYQ,Gide Bench Worda,HIlnt7Qj8do,South West Ethiopia,18,0,0,NA,0,TRUE,FALSE,FALSE
KsC6HOWMIqq,Anidida_PHCU,a2QIIR2UXcd,South Ethiopia,10,0,0,NA,0,TRUE,FALSE,FALSE
KtDAY4RaC51,Harabate_PHCU,XU2wpLlX4Vk,Oromia,12,0,0,NA,0,TRUE,FALSE,FALSE
KtS2ickTyr4,Amazon Medium Clinic,XU2wpLlX4Vk,Oromia,0,0,0,NA,0,FALSE,FALSE,FALSE
KtoAc6W7huy,Kidane Mihret Medium Clinic,moBiwh9h5Ce,Gambella,20,0,0,NA,0,TRUE,FALSE,FALSE
KuoTFaOPwrm,Elshaday Medium Clinic,moBiwh9h5Ce,Gambella,16,0,0,NA,0,TRUE,FALSE,FALSE
KuoTzJbhlux,MCM Comprehensive Specialized Hospital,yY9BLUUegel,Addis Ababa,21,0,0,NA,0,TRUE,FALSE,FALSE
KwDiiYMUija,Felege Mels Health center,yY9BLUUegel,Addis Ababa,2,0,0,NA,0,TRUE,FALSE,FALSE
Kz5WJsxbd6E,Wahil_PHCU,G9hDiPNoB7d,Dire Dawa,19,0,0,NA,0,TRUE,FALSE,FALSE
KzClZ0nLmUW,Setema Primary Hospital,XU2wpLlX4Vk,Oromia,21,0,0,NA,0,TRUE,FALSE,FALSE
L194lgatb6o,Hawetan Medium Clinic,XU2wpLlX4Vk,Oromia,3,0,0,NA,0,TRUE,FALSE,FALSE
L1OG2ZaZGdb,Kuas Meda Health Center,yY9BLUUegel,Addis Ababa,3,0,0,NA,0,TRUE,FALSE,FALSE
L2mmZ3jnAL7,Hiwote Integrated Dev Org Richie_Closed,yY9BLUUegel,Addis Ababa,0,0,0,NA,0,FALSE,FALSE,FALSE
L33UxNB80yM,Aleliny Medium Clinic,XU2wpLlX4Vk,Oromia,0,0,0,NA,0,FALSE,FALSE,FALSE
L5GSZbcrgWX,Marstops International Medium Clinic,yY9BLUUegel,Addis Ababa,0,0,0,NA,0,FALSE,FALSE,FALSE
L7HIHO7RhuR,Ayu Primary Hospital,yY9BLUUegel,Addis Ababa,19,0,0,NA,0,TRUE,FALSE,FALSE
L9IY1Jv8Wko,Lemi Kura Chefe_PHCU,yY9BLUUegel,Addis Ababa,2,0,0,NA,0,TRUE,FALSE,FALSE
LAR8dhGbbnn,Gumer Woreda,tDoLtk2ylu4,Central Ethiopia,26,0,0,NA,0,TRUE,FALSE,FALSE
LB2HwpWx6KZ,yocale Woreda,PCKGSJoNHXi,Somali,6,0,0,NA,0,TRUE,FALSE,FALSE
LDwt2GRPzqP,Tulube_PHCU,XU2wpLlX4Vk,Oromia,17,0,0,NA,0,TRUE,FALSE,FALSE
LEGwmU2Rtg6,Moyale Woreda,XU2wpLlX4Vk,Oromia,62,0,0,NA,0,TRUE,FALSE,FALSE
LEvnDTE7wV2,East Imey Woreda,PCKGSJoNHXi,Somali,5,0,0,NA,0,TRUE,FALSE,FALSE
LHgiF6PqAzb,Uraga Woreda,XU2wpLlX4Vk,Oromia,61,3,0,0,3,TRUE,TRUE,FALSE
LIDi8uDvGcR,Takusa Woreda,yb9NKGA8uqt,Amhara,36,0,0,NA,0,TRUE,FALSE,FALSE
LIdCktehR0B,South Sodo Woreda,tDoLtk2ylu4,Central Ethiopia,72,0,0,NA,0,TRUE,FALSE,FALSE
LIl6yIu2TSa,Horo Woreda,XU2wpLlX4Vk,Oromia,23,0,0,NA,0,TRUE,FALSE,FALSE
LJO7sDhHNF0,Abebe Bikila Health Center,yY9BLUUegel,Addis Ababa,1,0,0,NA,0,TRUE,FALSE,FALSE
LJR3G92sOUT,Mersimoy Medium Clinic,XU2wpLlX4Vk,Oromia,22,0,0,NA,0,TRUE,FALSE,FALSE
LNB8wPFCBJz,Robera Medium Clinic,XU2wpLlX4Vk,Oromia,10,0,0,NA,0,TRUE,FALSE,FALSE
LO6grnLcNgh,Derbretabor University Medium Clinic,yb9NKGA8uqt,Amhara,0,0,0,NA,0,FALSE,FALSE,FALSE
LOavsjxt0HQ,Efoyta Medium clinic,yb9NKGA8uqt,Amhara,0,0,0,NA,0,FALSE,FALSE,FALSE
LOte67IuD9q,Dessie Ethio General Hospital,yb9NKGA8uqt,Amhara,18,0,0,NA,0,TRUE,FALSE,FALSE
LR996LdsBLp,Darimu Woreda,XU2wpLlX4Vk,Oromia,15,2,0,0,2,TRUE,TRUE,FALSE
LRifsSZe4ce,Doctor Simegnew Admasu Obstetric And Gynecology Specialty Clinic,yb9NKGA8uqt,Amhara,3,0,0,NA,0,TRUE,FALSE,FALSE
LTfr6zcb3XH,Yirgalem General Hospital,xNUoZIrGKxQ,Sidama,11,32,0,0,32,TRUE,TRUE,FALSE
LTgst0byEf8,Abo Medical Medium Clinic,yY9BLUUegel,Addis Ababa,0,0,0,NA,0,FALSE,FALSE,FALSE
LU8V7BTCREJ,Dawlida Medium Clinic,Fccw8uMlJHN,Benishangul-Gumuz,0,0,0,NA,0,FALSE,FALSE,FALSE
LUQr7B4t771,Fekade Silasie Ahadu ZEthiopia Medium Clinic,yb9NKGA8uqt,Amhara,0,0,0,NA,0,FALSE,FALSE,FALSE
LWNN8g5kd77,Wolif 1st medium Clinic,XU2wpLlX4Vk,Oromia,2,0,0,NA,0,TRUE,FALSE,FALSE
LYWW5H1Jkjy,Gimbi Adventist General Hospital,XU2wpLlX4Vk,Oromia,9,0,0,NA,0,TRUE,FALSE,FALSE
LYm2VRjXFd0,Natinael Primary Clinic,XU2wpLlX4Vk,Oromia,0,0,0,NA,0,FALSE,FALSE,FALSE
LaJzDSyISmN,Dangla Primary Hospital,yb9NKGA8uqt,Amhara,22,3,3,1,0,TRUE,TRUE,FALSE
LbOm8ShU4xa,Raya Chercher woreda,Gmw0DJLXGtx,Tigray,80,0,0,NA,0,TRUE,FALSE,FALSE
LcrR9t1JxcW,Bale Gesgar Woreda,XU2wpLlX4Vk,Oromia,8,0,0,NA,0,TRUE,FALSE,FALSE
Le99PEel7DW,Menaharia Medium Clinic,XU2wpLlX4Vk,Oromia,0,0,0,NA,0,FALSE,FALSE,FALSE
LganfMs9DP8,Boji Choqorsa Woreda,XU2wpLlX4Vk,Oromia,54,5,3,0.6,2,TRUE,TRUE,FALSE
LhOptcTKWAO,Shenkor_PHCU,b9nYedsL8te,Harari,9,0,0,NA,0,TRUE,FALSE,FALSE
Li179Vf6oRC,Dori Medium Clinic,XU2wpLlX4Vk,Oromia,6,0,0,NA,0,TRUE,FALSE,FALSE
LiG3r7N5ukz,Marie Stopes Medium Clinic,XU2wpLlX4Vk,Oromia,0,0,0,NA,0,FALSE,FALSE,FALSE
LjQKUapqvej,Amigna Woreda,XU2wpLlX4Vk,Oromia,0,0,0,NA,0,FALSE,FALSE,FALSE
LjWTJrsJICK,Kidus Lalibela General Hospital,yb9NKGA8uqt,Amhara,3,0,0,NA,0,TRUE,FALSE,FALSE
LjrvSvCf2R8,Ana Sora Woreda,XU2wpLlX4Vk,Oromia,61,1,0,0,1,TRUE,TRUE,FALSE
Lln5oK8vKUP,Mesetewat Obey-Gayne Special Clinic,yY9BLUUegel,Addis Ababa,23,0,1,NA,0,TRUE,FALSE,FALSE
LmOAy9TgPLH,Mojana Wodera Woreda,yb9NKGA8uqt,Amhara,135,0,0,NA,0,TRUE,FALSE,FALSE
LmSQZpynY0t,Familiy Guidance Association Of Ethiopia Saris SRH Clinic-2,yY9BLUUegel,Addis Ababa,0,0,0,NA,0,FALSE,FALSE,FALSE
LmpfoPJmcjG,National Primary  Hospital,XU2wpLlX4Vk,Oromia,5,0,0,NA,0,TRUE,FALSE,FALSE
LnVCfV3d6Eh,Seid Ali Medium Clinic_Closed,yb9NKGA8uqt,Amhara,0,0,0,NA,0,FALSE,FALSE,FALSE
LomEXrOtLU9,Gugsa Medium clinic,yb9NKGA8uqt,Amhara,0,0,0,NA,0,FALSE,FALSE,FALSE
LpINBiBvNgf,Wedu Medium Clinic,XU2wpLlX4Vk,Oromia,0,0,0,NA,0,FALSE,FALSE,FALSE
LpbtLo4r8ou,Shashogo Woreda,tDoLtk2ylu4,Central Ethiopia,82,2,1,0.5,1,TRUE,TRUE,FALSE
Lr9N9p7DFVY,Ark Medium Clinic,Fccw8uMlJHN,Benishangul-Gumuz,0,0,0,NA,0,FALSE,FALSE,FALSE
Luoqe4twMrW,Gudeya Bila Woreda,XU2wpLlX4Vk,Oromia,59,6,1,0.16666666666666666,5,TRUE,TRUE,FALSE
LwtzNS2njjr,Abaya Woreda,XU2wpLlX4Vk,Oromia,40,5,4,0.8,1,TRUE,TRUE,FALSE
LxBJ5E8wErk,Africa Medium Clinic,XU2wpLlX4Vk,Oromia,0,0,0,NA,0,FALSE,FALSE,FALSE
M0i4Oe7huAV,Borumeda General Hospital,yb9NKGA8uqt,Amhara,21,1,0,0,1,TRUE,TRUE,FALSE
M1kiNgoIGu1,Kurfa Chale Woreda,XU2wpLlX4Vk,Oromia,13,0,0,NA,0,TRUE,FALSE,FALSE
M2894xaPkkc,Jimma Higher Two_PHCU,XU2wpLlX4Vk,Oromia,10,0,0,NA,0,TRUE,FALSE,FALSE
M55cCfPs72I,Welkite University Comprehensive Specialized Hospital,tDoLtk2ylu4,Central Ethiopia,22,6,3,0.5,3,TRUE,TRUE,FALSE
M5SjiYvZUYM,Degem Woreda,XU2wpLlX4Vk,Oromia,94,13,0,0,13,TRUE,TRUE,FALSE
M805PPiOZPP,Biftu Medium Clinic,XU2wpLlX4Vk,Oromia,4,0,0,NA,0,TRUE,FALSE,FALSE
M9dXZyIAzqS,Eyoha Meskerem Medium Clinic,yY9BLUUegel,Addis Ababa,3,0,0,NA,0,TRUE,FALSE,FALSE
MCZ4VIAl4iv,Manisay Obstetrics and gynecology clinic,yY9BLUUegel,Addis Ababa,9,0,0,NA,0,TRUE,FALSE,FALSE
MCzDm7tQ1K9,Gerado Bilen Medium clinic,yb9NKGA8uqt,Amhara,0,0,0,NA,0,FALSE,FALSE,FALSE
MEJYJtqSqlT,Mojo Primary Hospital,XU2wpLlX4Vk,Oromia,19,0,0,NA,0,TRUE,FALSE,FALSE
MGqVcCVS7fz,Assosa Hospital,Fccw8uMlJHN,Benishangul-Gumuz,21,7,3,0.42857142857142855,4,TRUE,TRUE,FALSE
MHLeV12xwnG,Equatorial Bussiness Group Primary Clinics,yY9BLUUegel,Addis Ababa,1,0,0,NA,0,TRUE,FALSE,FALSE
MHNCAR8mnHa,Debremarkos_PHCU,yb9NKGA8uqt,Amhara,1,0,0,NA,0,TRUE,FALSE,FALSE
MHhh9s9PShR,Woyneshet Primary clinic,XU2wpLlX4Vk,Oromia,5,0,0,NA,0,TRUE,FALSE,FALSE
MHksSIXKzlb,Burka Dhintu Woreda,XU2wpLlX4Vk,Oromia,50,6,2,0.3333333333333333,4,TRUE,TRUE,FALSE
MHxxAhtyfZE,Addis Tena Medium Clinic,yY9BLUUegel,Addis Ababa,0,0,0,NA,0,FALSE,FALSE,FALSE
MI08VASByVq,West Belesa Woreda,yb9NKGA8uqt,Amhara,78,0,0,NA,0,TRUE,FALSE,FALSE
MICMzeJF19E,Amazon Plus Medium Clinic,yb9NKGA8uqt,Amhara,1,0,0,NA,0,TRUE,FALSE,FALSE
MID91XZLtHq,"Nolot Internal Medicine, Surgery And Pediatrics Specialty Clinic",yb9NKGA8uqt,Amhara,0,0,0,NA,0,FALSE,FALSE,FALSE
MJnjHh7j6BO,Soyama Zuria Woreda,a2QIIR2UXcd,South Ethiopia,40,0,0,NA,0,TRUE,FALSE,FALSE
MKpFlq5iDUa,Shashemene Zuria Woreda,XU2wpLlX4Vk,Oromia,31,4,0,0,4,TRUE,TRUE,FALSE
MLaHLG3DODk,Walmara Woreda,XU2wpLlX4Vk,Oromia,48,0,0,NA,0,TRUE,FALSE,FALSE
MMTS1qptYJu,Galan Sub City,XU2wpLlX4Vk,Oromia,93,1,1,1,0,TRUE,TRUE,FALSE
MN5PVg8ByhN,Keta_PHCU,XU2wpLlX4Vk,Oromia,0,0,0,NA,0,FALSE,FALSE,FALSE
MNIa5C3McxT,Amanuel Primary Hospital,XU2wpLlX4Vk,Oromia,23,11,10,0.9090909090909091,1,TRUE,TRUE,FALSE
MNKiX6strDE,Amhara Police College Health Center,yb9NKGA8uqt,Amhara,0,0,0,NA,0,FALSE,FALSE,FALSE
MNaRzu8jKkt,Kegna Primary Clinic,XU2wpLlX4Vk,Oromia,2,0,0,NA,0,TRUE,FALSE,FALSE
MPv0oA5VKs3,Debre Elias Worda,yb9NKGA8uqt,Amhara,71,0,0,NA,0,TRUE,FALSE,FALSE
MRxVaC30PCd,Ameya Zuria woreda,HIlnt7Qj8do,South West Ethiopia,1,0,0,NA,0,TRUE,FALSE,FALSE
MS8aBGP3l7D,Efta Medium Clinic,XU2wpLlX4Vk,Oromia,0,0,0,NA,0,FALSE,FALSE,FALSE
MSi3qmv5Vzl,Asad Medium Clinic no1,XU2wpLlX4Vk,Oromia,0,0,0,NA,0,FALSE,FALSE,FALSE
MTohJssoCSl,Saba Boru Woreda,XU2wpLlX4Vk,Oromia,43,0,0,NA,0,TRUE,FALSE,FALSE
MUn97OmWvsb,Baby Obstric And Gynacology Speciality Clinic,yY9BLUUegel,Addis Ababa,0,0,0,NA,0,FALSE,FALSE,FALSE
MYBkztG2gaW,Doctor Temesgen Pediatric Specialty Clinic,yb9NKGA8uqt,Amhara,0,0,0,NA,0,FALSE,FALSE,FALSE
Mab7M3mm9SZ,Silti Woreda,tDoLtk2ylu4,Central Ethiopia,52,0,1,NA,0,TRUE,FALSE,FALSE
MbrCHmTpG4I,Limu Genet Town,XU2wpLlX4Vk,Oromia,0,0,0,NA,0,FALSE,FALSE,FALSE
McKFS1VFrTQ,Wogera Woreda,yb9NKGA8uqt,Amhara,199,1,1,1,0,TRUE,TRUE,FALSE
McdWZtxrTa7,Kedus Anethonous Medium Clinic,b9nYedsL8te,Harari,1,0,0,NA,0,TRUE,FALSE,FALSE
MeC1eeHFNGR,NOUR MEDIUM CLINIC,yb9NKGA8uqt,Amhara,8,0,0,NA,0,TRUE,FALSE,FALSE
MeFYsVnR0mc,Bake Medium Clinic,XU2wpLlX4Vk,Oromia,0,0,0,NA,0,FALSE,FALSE,FALSE
MgqKfay5OtX,Abay Medium Clinic,yY9BLUUegel,Addis Ababa,2,0,0,NA,0,TRUE,FALSE,FALSE
MhONA7RzzAi,Wollo Tebib Medium clinic,yb9NKGA8uqt,Amhara,1,0,0,NA,0,TRUE,FALSE,FALSE
MhqP7mztEjZ,Daye General Hospital,xNUoZIrGKxQ,Sidama,21,6,4,0.6666666666666666,2,TRUE,TRUE,FALSE
MjNaW0HYhqZ,North Ari Woreda,a2QIIR2UXcd,South Ethiopia,52,0,0,NA,0,TRUE,FALSE,FALSE
MkZstkYzFSt,Sawla Town Administration,a2QIIR2UXcd,South Ethiopia,13,0,0,NA,0,TRUE,FALSE,FALSE
Mkk1WpPWPNZ,Debrebirhan_PHCU,yb9NKGA8uqt,Amhara,23,0,0,NA,0,TRUE,FALSE,FALSE
MlA47cPLXB0,Tello Woreda,HIlnt7Qj8do,South West Ethiopia,91,0,0,NA,0,TRUE,FALSE,FALSE
MneN6cP97B0,Rihan Medium Clinic,yY9BLUUegel,Addis Ababa,0,0,0,NA,0,FALSE,FALSE,FALSE
MpAmfHOqWQ6,Durame Town,tDoLtk2ylu4,Central Ethiopia,45,8,1,0.125,7,TRUE,TRUE,FALSE
MsT83gDIHd8,Odo Shakiso Woreda,XU2wpLlX4Vk,Oromia,89,4,1,0.25,3,TRUE,TRUE,FALSE
MvVzbgOWYVS,Robsan Medium Clinic,XU2wpLlX4Vk,Oromia,2,0,0,NA,0,TRUE,FALSE,FALSE
MvZLSOJPjoT,Afiren Medium Clinic,moBiwh9h5Ce,Gambella,1,0,0,NA,0,TRUE,FALSE,FALSE
MwKW5b5Jtws,Awaro_PHCU,XU2wpLlX4Vk,Oromia,13,0,0,NA,0,TRUE,FALSE,FALSE
MwgUZeMVm1H,Gelan Primary Clinic,XU2wpLlX4Vk,Oromia,4,0,0,NA,0,TRUE,FALSE,FALSE
MyW0DexVz24,Abdi Boru Primary Clinic,XU2wpLlX4Vk,Oromia,2,0,0,NA,0,TRUE,FALSE,FALSE
MyqQWNENw2z,Chelia Woreda,XU2wpLlX4Vk,Oromia,35,0,0,NA,0,TRUE,FALSE,FALSE
MzjIr7j35AP,Admas Medium Clinic,yb9NKGA8uqt,Amhara,0,0,0,NA,0,FALSE,FALSE,FALSE
N1Qsv4V2nsG,Donsa Medium Clinic,XU2wpLlX4Vk,Oromia,7,0,0,NA,0,TRUE,FALSE,FALSE
N1eNNad5tl6,Michu Medium Clinic,XU2wpLlX4Vk,Oromia,0,0,0,NA,0,FALSE,FALSE,FALSE
N5OnTKMRah5,Meri Hopi Primary Clinic,XU2wpLlX4Vk,Oromia,1,0,0,NA,0,TRUE,FALSE,FALSE
N94C0GuuNkI,Janmeda Health Center,yY9BLUUegel,Addis Ababa,6,0,0,NA,0,TRUE,FALSE,FALSE
NBe91dWR4uM,Tiro Afeta,XU2wpLlX4Vk,Oromia,103,4,0,0,4,TRUE,TRUE,FALSE
NHOqcBbb6PY,Gindabarat Primary Hospital,XU2wpLlX4Vk,Oromia,0,5,0,0,5,FALSE,TRUE,TRUE
NIRXQzg6DpD,Kercha Primary Hospital,XU2wpLlX4Vk,Oromia,15,0,0,NA,0,TRUE,FALSE,FALSE
NKOzqPAJi84,Dire Dawa_PHCU,G9hDiPNoB7d,Dire Dawa,48,0,0,NA,0,TRUE,FALSE,FALSE
NN78lygGTzK,Gewata Woreda,HIlnt7Qj8do,South West Ethiopia,31,4,0,0,4,TRUE,TRUE,FALSE
NOlmiJ4OeJH,Ardi Medium Clinic,XU2wpLlX4Vk,Oromia,0,0,0,NA,0,FALSE,FALSE,FALSE
NOw3EPSrl1g,Boren_PHCU,G9hDiPNoB7d,Dire Dawa,44,1,1,1,0,TRUE,TRUE,FALSE
NPPGKTbJzy6,Mati Medium Clinic,XU2wpLlX4Vk,Oromia,0,0,0,NA,0,FALSE,FALSE,FALSE
NSc9VuHxlUc,Lubu Internal Medicine & MCH specialty center,yY9BLUUegel,Addis Ababa,19,0,0,NA,0,TRUE,FALSE,FALSE
NUO93yq55zs,Kuyu General Hospital,XU2wpLlX4Vk,Oromia,24,4,1,0.25,3,TRUE,TRUE,FALSE
NV16x68Hbtx,Bokh Woreda,PCKGSJoNHXi,Somali,27,150,150,1,0,TRUE,TRUE,FALSE
NWbRyTbZ6Tl,Rehoboth General Hospital,XU2wpLlX4Vk,Oromia,11,0,0,NA,0,TRUE,FALSE,FALSE
NYVyUJC9ZFS,Nuri Medium Clinic,XU2wpLlX4Vk,Oromia,0,0,0,NA,0,FALSE,FALSE,FALSE
Nc4l6dBlIWr,Rabira Primary Clinic,XU2wpLlX4Vk,Oromia,9,0,0,NA,0,TRUE,FALSE,FALSE
NctfrQpLPfR,Oromia Medium Clinic,XU2wpLlX4Vk,Oromia,0,0,0,NA,0,FALSE,FALSE,FALSE
NeXsMN71XWt,Tenaw Medium Clinic,yb9NKGA8uqt,Amhara,0,0,0,NA,0,FALSE,FALSE,FALSE
NfHKXYNCLEQ,Melga Woreda,xNUoZIrGKxQ,Sidama,26,0,0,NA,0,TRUE,FALSE,FALSE
NfiJY6LWUyi,Dewa Medium Clinic,XU2wpLlX4Vk,Oromia,6,0,0,NA,0,TRUE,FALSE,FALSE
NgDJOH70RqO,Babile Woreda,XU2wpLlX4Vk,Oromia,26,0,0,NA,0,TRUE,FALSE,FALSE
NgGor0YRaQs,Bora Woreda,Gmw0DJLXGtx,Tigray,19,0,0,NA,0,TRUE,FALSE,FALSE
NhHO79Tqjij,Afdam Woreda,PCKGSJoNHXi,Somali,13,0,0,NA,0,TRUE,FALSE,FALSE
NiaUlHLVDqB,Gog Woreda,moBiwh9h5Ce,Gambella,42,0,0,NA,0,TRUE,FALSE,FALSE
NjalwCLdjUB,Bikies Medium Clinic,yb9NKGA8uqt,Amhara,0,0,0,NA,0,FALSE,FALSE,FALSE
Nl0nbdDpTXZ,Gacho Baba Woreda,a2QIIR2UXcd,South Ethiopia,52,0,0,NA,0,TRUE,FALSE,FALSE
Nl4zqTmPh3G,Oda Primary Clinic,XU2wpLlX4Vk,Oromia,0,0,0,NA,0,FALSE,FALSE,FALSE
NlDnBubo4qh,Hamaressa Medium Clinic,yY9BLUUegel,Addis Ababa,0,0,0,NA,0,FALSE,FALSE,FALSE
NqGYUal1ZVp,Dr Gerbi Medium Clinic,XU2wpLlX4Vk,Oromia,0,0,0,NA,0,FALSE,FALSE,FALSE
NquBdCkuhco,Fitsum Medium Clinic,XU2wpLlX4Vk,Oromia,4,0,0,NA,0,TRUE,FALSE,FALSE
Nr5XktYbJvH,Model Medium Clinic,yY9BLUUegel,Addis Ababa,0,0,0,NA,0,FALSE,FALSE,FALSE
NtPANO1Hp3w,Gursum Woreda,XU2wpLlX4Vk,Oromia,120,6,6,1,0,TRUE,TRUE,FALSE
NuOvfi0lf7P,Dire Dawa Medium Clinic,b9nYedsL8te,Harari,0,0,0,NA,0,FALSE,FALSE,FALSE
Nv5i8lQBYgw,Lalibela Town,yb9NKGA8uqt,Amhara,138,2,0,0,2,TRUE,TRUE,FALSE
Nyu4CASVbmr,Dugda Medium Clinic,XU2wpLlX4Vk,Oromia,1,0,0,NA,0,TRUE,FALSE,FALSE
NzxJswgWhV2,Fura Medium Clinic,XU2wpLlX4Vk,Oromia,0,0,0,NA,0,FALSE,FALSE,FALSE
O5CNhWgzjCp,Kalkidan Primary Clinic,XU2wpLlX4Vk,Oromia,0,0,0,NA,0,FALSE,FALSE,FALSE
O5gZ20ez0s3,Doctor Worku Internal Medicine Specialty Clinic,yY9BLUUegel,Addis Ababa,4,0,0,NA,0,TRUE,FALSE,FALSE
O8CKqVgDKKY,Balegesgar Primary Hospital,XU2wpLlX4Vk,Oromia,4,0,0,NA,0,TRUE,FALSE,FALSE
OB4uBgUZyKm,"Orgaisation for social services, health and development",yb9NKGA8uqt,Amhara,0,0,0,NA,0,FALSE,FALSE,FALSE
ODw3IO55vmS,Bole 17/20 Health Center,yY9BLUUegel,Addis Ababa,6,0,0,NA,0,TRUE,FALSE,FALSE
OFk45sJ8pN0,Lidet Medium Clinic,yb9NKGA8uqt,Amhara,17,0,0,NA,0,TRUE,FALSE,FALSE
OFoBWflkNk5,Samit_PHCU,yY9BLUUegel,Addis Ababa,0,0,0,NA,0,FALSE,FALSE,FALSE
OFsXTq3hUxv,Ganji Primary Hospital,XU2wpLlX4Vk,Oromia,9,1,0,0,1,TRUE,TRUE,FALSE
OGzjUpFFoJ6,Dr Henok Medium Clinic_Closed,yY9BLUUegel,Addis Ababa,0,0,0,NA,0,FALSE,FALSE,FALSE
OH8FJKYHihe,Goba Sub City,XU2wpLlX4Vk,Oromia,21,0,0,NA,0,TRUE,FALSE,FALSE
OKjiNT4vGrt,Ras Emeru Health Center,yY9BLUUegel,Addis Ababa,23,0,0,NA,0,TRUE,FALSE,FALSE
OKmAF1JOhLg,Walif Medium clinic,XU2wpLlX4Vk,Oromia,0,0,0,NA,0,FALSE,FALSE,FALSE
OLfIwq5OCZy,Filtu Woreda,PCKGSJoNHXi,Somali,3,0,0,NA,0,TRUE,FALSE,FALSE
ON0lqZCqgVq,Mega Primary Hospital,XU2wpLlX4Vk,Oromia,18,0,0,NA,0,TRUE,FALSE,FALSE
OOfBTJ8EVRH,Reshad Midium Clinic,XU2wpLlX4Vk,Oromia,0,0,0,NA,0,FALSE,FALSE,FALSE
OQC7qWke4pS,EL-Ogaden Woreda,PCKGSJoNHXi,Somali,2,0,0,NA,0,TRUE,FALSE,FALSE
ORENxyc8b2f,Kinfaze Begela,yb9NKGA8uqt,Amhara,38,1,0,0,1,TRUE,TRUE,FALSE
OReiFl4NPlB,Shedeho Mekete Primary Hospital,yb9NKGA8uqt,Amhara,22,0,0,NA,0,TRUE,FALSE,FALSE
OSKc0qhFacw,Angacha Woreda,tDoLtk2ylu4,Central Ethiopia,48,0,0,NA,0,TRUE,FALSE,FALSE
OSW2V4iALF7,Jimma Horo Woreda,XU2wpLlX4Vk,Oromia,13,0,0,NA,0,TRUE,FALSE,FALSE
OSmkI3aofwk,Nebaru Chilga Woreda,yb9NKGA8uqt,Amhara,41,2,0,0,2,TRUE,TRUE,FALSE
OT6sjQAxYQb,Wera Dijo Woreda,tDoLtk2ylu4,Central Ethiopia,43,0,0,NA,0,TRUE,FALSE,FALSE
OVpGKyGhzId,Air Force Primary Hospital,XU2wpLlX4Vk,Oromia,8,0,0,NA,0,TRUE,FALSE,FALSE
OW31YdsQj28,Shiniile General Hospital,PCKGSJoNHXi,Somali,11,0,0,NA,0,TRUE,FALSE,FALSE
OZxHaEVQFxt,Ekeram Medium Clinic,yb9NKGA8uqt,Amhara,0,0,0,NA,0,FALSE,FALSE,FALSE
OaH3uyYLnHe,Kamba Town Administration,a2QIIR2UXcd,South Ethiopia,35,0,0,NA,0,TRUE,FALSE,FALSE
OasWmWWRNGk,Limu Bilbilo Woreda,XU2wpLlX4Vk,Oromia,110,0,0,NA,0,TRUE,FALSE,FALSE
ObuiOWmiXKz,Gelead Mediam Clinic,yY9BLUUegel,Addis Ababa,5,0,0,NA,0,TRUE,FALSE,FALSE
OfjT0Qc6EMy,Sheko Town Administration,HIlnt7Qj8do,South West Ethiopia,24,0,0,NA,0,TRUE,FALSE,FALSE
OjhqxmqziA8,Abala Woreda,UFtGyqJMEZh,Afar,40,0,0,NA,0,TRUE,FALSE,FALSE
OlJjdUEMCHk,Wogidi Primary Hospital,yb9NKGA8uqt,Amhara,22,0,0,NA,0,TRUE,FALSE,FALSE
Olv1MkDswRW,Kelala Woreda,yb9NKGA8uqt,Amhara,148,4,2,0.5,2,TRUE,TRUE,FALSE
Omd6PAZR5ep,Kebede Medium Clinic,XU2wpLlX4Vk,Oromia,0,0,0,NA,0,FALSE,FALSE,FALSE
OokoABYM5TB,Angolela Tara Woreda,yb9NKGA8uqt,Amhara,13,0,0,NA,0,TRUE,FALSE,FALSE
OpWJTUOpPAl,Jemo_1 No_1 Medium Clinic,yY9BLUUegel,Addis Ababa,0,0,0,NA,0,FALSE,FALSE,FALSE
Ose3ioCopKX,Sister shishig Medium Clinic,yb9NKGA8uqt,Amhara,5,0,0,NA,0,TRUE,FALSE,FALSE
OttnIQvKubu,Maji Woreda,HIlnt7Qj8do,South West Ethiopia,10,0,0,NA,0,TRUE,FALSE,FALSE
OtvEJSKR1x3,Hirna Primary Hospital,XU2wpLlX4Vk,Oromia,6,0,0,NA,0,TRUE,FALSE,FALSE
OtxibM28z3W,Anchar Woreda,XU2wpLlX4Vk,Oromia,80,0,0,NA,0,TRUE,FALSE,FALSE
OueQ12PykIC,Hiwotamba Health Center,yY9BLUUegel,Addis Ababa,7,0,0,NA,0,TRUE,FALSE,FALSE
OuwClj9SXEs,Ayssaita Woreda,UFtGyqJMEZh,Afar,20,0,0,NA,0,TRUE,FALSE,FALSE
Ov4v9Yas7a8,Meskel Primary Clinic,XU2wpLlX4Vk,Oromia,2,0,0,NA,0,TRUE,FALSE,FALSE
OvdqtXWuDaX,Dr. Debas Medium Cinic,yb9NKGA8uqt,Amhara,14,0,0,NA,0,TRUE,FALSE,FALSE
OwTJCBgJwAS,Rome Medium Clinic,yb9NKGA8uqt,Amhara,3,0,0,NA,0,TRUE,FALSE,FALSE
OwXp3M31sB7,Legehida Woreda,yb9NKGA8uqt,Amhara,69,0,0,NA,0,TRUE,FALSE,FALSE
OwrrFFm9ngr,Tana Medium Clinic,yY9BLUUegel,Addis Ababa,0,0,0,NA,0,FALSE,FALSE,FALSE
Ox5Eoi0ff9i,Goljano Woreda,PCKGSJoNHXi,Somali,31,0,0,NA,0,TRUE,FALSE,FALSE
OxpSMnG8Dzf,Furtuu Medium Clinic,XU2wpLlX4Vk,Oromia,0,0,0,NA,0,FALSE,FALSE,FALSE
OxwuPeiNC7i,Darfata Primary Clinic,XU2wpLlX4Vk,Oromia,1,0,0,NA,0,TRUE,FALSE,FALSE
Oy9sLAT431m,Atse Menilike Metasebia_PHCU,yb9NKGA8uqt,Amhara,21,0,0,NA,0,TRUE,FALSE,FALSE
OyE7f6L7SaC,Neguma Medium Clinic,Fccw8uMlJHN,Benishangul-Gumuz,0,0,0,NA,0,FALSE,FALSE,FALSE
Oz9eD92Th8G,Rabira Primary Clinic,XU2wpLlX4Vk,Oromia,9,0,0,NA,0,TRUE,FALSE,FALSE
OzoDwQNAhk9,Hagere Selam Town,Gmw0DJLXGtx,Tigray,18,0,0,NA,0,TRUE,FALSE,FALSE
P0hveJ4VhWS,Bahir Dar Zuria Woreda,yb9NKGA8uqt,Amhara,355,2,1,0.5,1,TRUE,TRUE,FALSE
P1Lnnk3JtTn,Hayat Medium Clinic_Closed,b9nYedsL8te,Harari,0,0,0,NA,0,FALSE,FALSE,FALSE
P25oBPrr6Ab,Melkakero_PHCU,G9hDiPNoB7d,Dire Dawa,1,0,0,NA,0,TRUE,FALSE,FALSE
P45oaTTcUyU,Afiya Medium Clinic,XU2wpLlX4Vk,Oromia,2,0,0,NA,0,TRUE,FALSE,FALSE
P4yXKwqB1PZ,Goteramasalecha Health Center,yY9BLUUegel,Addis Ababa,1,0,0,NA,0,TRUE,FALSE,FALSE
P69MoIj7eZM,Sabireyot Medium Clinic,yY9BLUUegel,Addis Ababa,1,0,0,NA,0,TRUE,FALSE,FALSE
P8fDlIVGeBK,Birbirsa Kojowa Woreda,XU2wpLlX4Vk,Oromia,25,0,0,NA,0,TRUE,FALSE,FALSE
PBQTPBjIsCA,Duguna Fango Woreda,a2QIIR2UXcd,South Ethiopia,17,0,0,NA,0,TRUE,FALSE,FALSE
PDAMvnw0Ai0,Adonia Medium clinic,XU2wpLlX4Vk,Oromia,0,0,0,NA,0,FALSE,FALSE,FALSE
PE2BHkQnOpt,Yubdo Woreda,XU2wpLlX4Vk,Oromia,48,4,3,0.75,1,TRUE,TRUE,FALSE
PEHuaOUkBtN,Ginnir General Hospital,XU2wpLlX4Vk,Oromia,22,5,0,0,5,TRUE,TRUE,FALSE
PGcVwDzx0H3,God-God Woreda,PCKGSJoNHXi,Somali,11,0,0,NA,0,TRUE,FALSE,FALSE
PHHZ3BXYYA7,Sumaya Medium Clinic,XU2wpLlX4Vk,Oromia,0,0,0,NA,0,FALSE,FALSE,FALSE
PIwg6IMpT2o,Dambela Sub City,XU2wpLlX4Vk,Oromia,49,0,0,NA,0,TRUE,FALSE,FALSE
PJks3jKSL5E,Jinenus Medium Clinic,XU2wpLlX4Vk,Oromia,0,0,0,NA,0,FALSE,FALSE,FALSE
PKVrY3prDb4,Harshin Woreda,PCKGSJoNHXi,Somali,16,0,0,NA,0,TRUE,FALSE,FALSE
PKj16Z0FwaG,Seyo Nole Woreda,XU2wpLlX4Vk,Oromia,76,0,0,NA,0,TRUE,FALSE,FALSE
PLcIjKC1If0,Sibaybi Woreda,UFtGyqJMEZh,Afar,7,0,0,NA,0,TRUE,FALSE,FALSE
PNC0OCgOzRW,Wangey Woreda,PCKGSJoNHXi,Somali,19,1,0,0,1,TRUE,TRUE,FALSE
PNFtKvHXRfq,Wasihun Medium Clinic,yb9NKGA8uqt,Amhara,0,0,0,NA,0,FALSE,FALSE,FALSE
PNZZDpgPFBa,Gunagado Woreda,PCKGSJoNHXi,Somali,33,0,0,NA,0,TRUE,FALSE,FALSE
POmkfDiXUhr,Awash Medium Clinic,XU2wpLlX4Vk,Oromia,1,0,0,NA,0,TRUE,FALSE,FALSE
POzpVetmnNc,Gundo Meskel Primary Hospital,XU2wpLlX4Vk,Oromia,1,0,0,NA,0,TRUE,FALSE,FALSE
PPv4GOHLgPF,Damot Pulassa Woreda,a2QIIR2UXcd,South Ethiopia,105,0,0,NA,0,TRUE,FALSE,FALSE
PV0XqOXh3z8,Saint Gebreal_PHCU,yb9NKGA8uqt,Amhara,23,1,0,0,1,TRUE,TRUE,FALSE
PVDSkWVrESs,Gashamo General Hospital,PCKGSJoNHXi,Somali,22,3,3,1,0,TRUE,TRUE,FALSE
PVTTa0j75YB,Doctor Ibrahim Medium Clinic,yY9BLUUegel,Addis Ababa,6,0,0,NA,0,TRUE,FALSE,FALSE
PWJA8eiPkvJ,Eyasta Internal Medicine And Maternal And Child Health And Surgery Specialty C enter,yb9NKGA8uqt,Amhara,10,0,0,NA,0,TRUE,FALSE,FALSE
PYJuoqRr76s,Beteseb No2 Medium Clinic,XU2wpLlX4Vk,Oromia,0,0,0,NA,0,FALSE,FALSE,FALSE
PZHwGANXmJF,Yanet Gondar Surgery Specialty Center,yb9NKGA8uqt,Amhara,0,0,0,NA,0,FALSE,FALSE,FALSE
PZN6JkRznAQ,Dr.Aziz Medium clinic,yb9NKGA8uqt,Amhara,0,0,0,NA,0,FALSE,FALSE,FALSE
PZzZY0LKas4,Endamehoni Woreda,Gmw0DJLXGtx,Tigray,77,1,1,1,0,TRUE,TRUE,FALSE
Pa1pWqtPMnl,Meseret Surgical And Internal Medicine Specialty Center,yb9NKGA8uqt,Amhara,1,0,0,NA,0,TRUE,FALSE,FALSE
Pbm0Mih98dZ,kelead_PHCU,G9hDiPNoB7d,Dire Dawa,0,0,0,NA,0,FALSE,FALSE,FALSE
PbsK09MS1Cv,Dr Muluken Medium Clinic,a2QIIR2UXcd,South Ethiopia,0,0,0,NA,0,FALSE,FALSE,FALSE
Pcbvgxz0KRi,Medihanialem Medium Clinic,yb9NKGA8uqt,Amhara,1,0,0,NA,0,TRUE,FALSE,FALSE
Pd3T9j0r71D,Arsi Negele Rural Woreda,XU2wpLlX4Vk,Oromia,99,0,0,NA,0,TRUE,FALSE,FALSE
PeipcaNe6bH,Abnezer Primary Clinic,XU2wpLlX4Vk,Oromia,0,0,0,NA,0,FALSE,FALSE,FALSE
PjvEbTv2uSy,Walin Medium Clinic,XU2wpLlX4Vk,Oromia,1,0,0,NA,0,TRUE,FALSE,FALSE
PkIYVijhRxC,Zenzelema_PHCU,yb9NKGA8uqt,Amhara,4,0,0,NA,0,TRUE,FALSE,FALSE
PkYXdKmcK1Y,Laska Town Administration,a2QIIR2UXcd,South Ethiopia,16,0,0,NA,0,TRUE,FALSE,FALSE
PkePRkzbBeV,Sunshine Internal Medicine,yY9BLUUegel,Addis Ababa,1,0,0,NA,0,TRUE,FALSE,FALSE
Pl1GyzHw914,New Life Medium Clinic,yY9BLUUegel,Addis Ababa,0,0,0,NA,0,FALSE,FALSE,FALSE
PljKsV82lUT,Undulu Woreda,Fccw8uMlJHN,Benishangul-Gumuz,2,0,0,NA,0,TRUE,FALSE,FALSE
PoHK6mOG05r,Addis Hiwot Hospital,yY9BLUUegel,Addis Ababa,0,0,0,NA,0,FALSE,FALSE,FALSE
PpPBXmK79CG,Anger Gute Town,XU2wpLlX4Vk,Oromia,47,0,0,NA,0,TRUE,FALSE,FALSE
Ppil62OxiSC,Afiya Medium Clinic,XU2wpLlX4Vk,Oromia,1,0,0,NA,0,TRUE,FALSE,FALSE
PsI7ByZKleF,Wolkite Town,tDoLtk2ylu4,Central Ethiopia,29,0,0,NA,0,TRUE,FALSE,FALSE
PsJyI34aOjR,Siko Mendo Medium Clinic,XU2wpLlX4Vk,Oromia,8,0,0,NA,0,TRUE,FALSE,FALSE
PsUOsilb47f,Faya Argane Medium Clinic,XU2wpLlX4Vk,Oromia,0,0,0,NA,0,FALSE,FALSE,FALSE
PsyQouDUEPh,Leka Dulecha Woreda,XU2wpLlX4Vk,Oromia,41,0,0,NA,0,TRUE,FALSE,FALSE
Pt2RLTB98vZ,Bete Markos Internal Medicine And Surgery Center,yb9NKGA8uqt,Amhara,21,0,0,NA,0,TRUE,FALSE,FALSE
Ptqxy6vn59J,Kemissie General Hospital,yb9NKGA8uqt,Amhara,20,7,2,0.2857142857142857,5,TRUE,TRUE,FALSE
PvD373RwfyS,Dinberua MCH Center,yY9BLUUegel,Addis Ababa,22,0,0,NA,0,TRUE,FALSE,FALSE
PvKoxbFXLmu,Mekdela Primary Hospital,yb9NKGA8uqt,Amhara,22,1,1,1,0,TRUE,TRUE,FALSE
PwzlmZ6vzZJ,Mejashi Sd Cenetr Primary Clinic,XU2wpLlX4Vk,Oromia,1,0,0,NA,0,TRUE,FALSE,FALSE
PxOAiuShZrO,Yaya Gulele Woreda,XU2wpLlX4Vk,Oromia,50,0,0,NA,0,TRUE,FALSE,FALSE
PyByebeeC3d,Docter Getaneh Speciality Clinic,yb9NKGA8uqt,Amhara,14,0,0,NA,0,TRUE,FALSE,FALSE
PyFbW6XOhHi,Asfaw Medium Clinic,XU2wpLlX4Vk,Oromia,2,0,0,NA,0,TRUE,FALSE,FALSE
PyX85PSBxe9,Etu Medium Clinic,a2QIIR2UXcd,South Ethiopia,0,0,0,NA,0,FALSE,FALSE,FALSE
PzT4uQPnknf,Family Guidance Wotatoch Medium Clinic,yb9NKGA8uqt,Amhara,0,0,0,NA,0,FALSE,FALSE,FALSE
Q0kWKgsWVrb,Farisi Medium Dental Clinic,yY9BLUUegel,Addis Ababa,0,0,0,NA,0,FALSE,FALSE,FALSE
Q1PqOcXMAhE,Argoba Woreda,yb9NKGA8uqt,Amhara,39,0,0,NA,0,TRUE,FALSE,FALSE
Q1ZSdDzvTp5,Digeluna Tijo Woreda,XU2wpLlX4Vk,Oromia,22,0,0,NA,0,TRUE,FALSE,FALSE
Q24OkASuXTS,Elwayne Woreda,PCKGSJoNHXi,Somali,22,0,0,NA,0,TRUE,FALSE,FALSE
Q2TRFL5ERf7,Universal Medium clinic,XU2wpLlX4Vk,Oromia,1,0,0,NA,0,TRUE,FALSE,FALSE
Q4qpFu0ASHC,Kake Primary Hospital,XU2wpLlX4Vk,Oromia,22,2,0,0,2,TRUE,TRUE,FALSE
Q5NNikG9kk1,Abeshge Woreda,tDoLtk2ylu4,Central Ethiopia,22,0,0,NA,0,TRUE,FALSE,FALSE
Q5OqDXTtCTa,Aleta Chuko Town,xNUoZIrGKxQ,Sidama,8,0,0,NA,0,TRUE,FALSE,FALSE
Q5leY4xeiAd,Bedesa Town Administration,a2QIIR2UXcd,South Ethiopia,39,0,0,NA,0,TRUE,FALSE,FALSE
Q6VFqmyJOzq,Baburayan Medium Clinic,XU2wpLlX4Vk,Oromia,0,0,0,NA,0,FALSE,FALSE,FALSE
Q7RDCTHvKRW,Mira Medium Clinic,XU2wpLlX4Vk,Oromia,4,0,0,NA,0,TRUE,FALSE,FALSE
Q8mZnjQ7FKm,Wondogenet Woreda,xNUoZIrGKxQ,Sidama,46,0,0,NA,0,TRUE,FALSE,FALSE
QAn5fezv3oK,Kiya Medium Clinic,XU2wpLlX4Vk,Oromia,0,0,0,NA,0,FALSE,FALSE,FALSE
QCYLYeICHjB,Gelana Medium Clinic,XU2wpLlX4Vk,Oromia,0,0,0,NA,0,FALSE,FALSE,FALSE
QEL0w802Oer,Hawzien Woreda,Gmw0DJLXGtx,Tigray,78,1,1,1,0,TRUE,TRUE,FALSE
QEczFafiMg6,Tena Medium Clinic,yY9BLUUegel,Addis Ababa,0,0,0,NA,0,FALSE,FALSE,FALSE
QEvBgM4BX2p,Sagag Woreda,PCKGSJoNHXi,Somali,15,0,0,NA,0,TRUE,FALSE,FALSE
QEz35PGdRcP,Homa Woreda,XU2wpLlX4Vk,Oromia,50,0,0,NA,0,TRUE,FALSE,FALSE
QF94Qa05ytX,Semirobi Woreda,UFtGyqJMEZh,Afar,8,0,0,NA,0,TRUE,FALSE,FALSE
QGZUKhO8pGT,Laelay Qoraro Woreda Health Office,Gmw0DJLXGtx,Tigray,51,0,0,NA,0,TRUE,FALSE,FALSE
QHWhqCr6RVS,AIDS Healthcare Foundation Ethiopia,yY9BLUUegel,Addis Ababa,0,0,0,NA,0,FALSE,FALSE,FALSE
QHcGYKZu9Yt,Ela Hanchano woreda,HIlnt7Qj8do,South West Ethiopia,0,0,0,NA,0,FALSE,FALSE,FALSE
QIzocj4Ug3h,Daya Town,xNUoZIrGKxQ,Sidama,64,2,0,0,2,TRUE,TRUE,FALSE
QL4UNPL17q6,Siraro Woreda,XU2wpLlX4Vk,Oromia,160,0,0,NA,0,TRUE,FALSE,FALSE
QLrIz3C9m2n,MSI Ethiopia Maternal And Child Speciality Center (Arada),yY9BLUUegel,Addis Ababa,0,0,0,NA,0,FALSE,FALSE,FALSE
QLrJxprA4pv,Betel Primary Clinic,XU2wpLlX4Vk,Oromia,0,0,0,NA,0,FALSE,FALSE,FALSE
QMUyTEOJvqi,Sosan Medium Clinic,yY9BLUUegel,Addis Ababa,0,0,0,NA,0,FALSE,FALSE,FALSE
QN6WkBb3fQG,Semira Medium Clinic_Closed,yY9BLUUegel,Addis Ababa,0,0,0,NA,0,FALSE,FALSE,FALSE
QNWqD6h8cBy,Mekane Eyesus Primary Hospital,yb9NKGA8uqt,Amhara,23,2,1,0.5,1,TRUE,TRUE,FALSE
QNf9Y4dsPsF,Hora Bacha Primary clinic,XU2wpLlX4Vk,Oromia,0,0,0,NA,0,FALSE,FALSE,FALSE
QP1epuSNQmU,Gombora Woreda,tDoLtk2ylu4,Central Ethiopia,44,61,4,0.06557377049180328,57,TRUE,TRUE,FALSE
QQkofTdYxqq,Estie Woreda,yb9NKGA8uqt,Amhara,105,6,2,0.3333333333333333,4,TRUE,TRUE,FALSE
QRfmuofcpXp,Centeral Nekemte Medium Clinic,XU2wpLlX4Vk,Oromia,7,0,0,NA,0,TRUE,FALSE,FALSE
QSITzZqGS9m,Fana Hiwot Medium Clinic,yb9NKGA8uqt,Amhara,0,0,0,NA,0,FALSE,FALSE,FALSE
QTGiZucnetf,Shishinda Town Administration,HIlnt7Qj8do,South West Ethiopia,26,0,0,NA,0,TRUE,FALSE,FALSE
QTIMONJdQmS,Godey Woreda,PCKGSJoNHXi,Somali,1,0,0,NA,0,TRUE,FALSE,FALSE
QTtrg1cm2An,Shecha Health Center,a2QIIR2UXcd,South Ethiopia,6,0,0,NA,0,TRUE,FALSE,FALSE
QUD22O6ambu,Abdo Medium Cilinic,XU2wpLlX4Vk,Oromia,0,0,0,NA,0,FALSE,FALSE,FALSE
QV9H3F0yZ4J,Muhaba Medium Clinic,Fccw8uMlJHN,Benishangul-Gumuz,1,0,0,NA,0,TRUE,FALSE,FALSE
QVebKisqbMm,Neucleus General Hospital,yY9BLUUegel,Addis Ababa,11,0,0,NA,0,TRUE,FALSE,FALSE
QXOdIJgDIiI,Cetral Armachiho Woreda,yb9NKGA8uqt,Amhara,88,0,0,NA,0,TRUE,FALSE,FALSE
QYpbdoAyZS8,Kofele Woreda,XU2wpLlX4Vk,Oromia,58,9,5,0.5555555555555556,4,TRUE,TRUE,FALSE
QZ0tcYUjUVH,Sirka Woreda,XU2wpLlX4Vk,Oromia,91,2,0,0,2,TRUE,TRUE,FALSE
QZ6BqKdbpoj,Fenet Primary Clinic,XU2wpLlX4Vk,Oromia,4,0,0,NA,0,TRUE,FALSE,FALSE
QZQAbYazSIW,Ameka Woreda,tDoLtk2ylu4,Central Ethiopia,44,0,0,NA,0,TRUE,FALSE,FALSE
QZSgOGIvONt,Bekenisa_PHCU,yY9BLUUegel,Addis Ababa,3,0,0,NA,0,TRUE,FALSE,FALSE
QZjkmMUCGHB,Losa Primary Hospital,XU2wpLlX4Vk,Oromia,0,0,0,NA,0,FALSE,FALSE,FALSE
QbxcUvFV2Qb,Bonge Medium clinic,XU2wpLlX4Vk,Oromia,0,0,0,NA,0,FALSE,FALSE,FALSE
QcRNrHtfiRL,Gelemso General Hospital,XU2wpLlX4Vk,Oromia,9,0,0,NA,0,TRUE,FALSE,FALSE
QdVVJUpWGvV,Dega Damot Woreda,yb9NKGA8uqt,Amhara,94,3,3,1,0,TRUE,TRUE,FALSE
QeomUYeJijB,Gondar Comprehensive Specialized Hospital,yb9NKGA8uqt,Amhara,22,277,127,0.4584837545126354,150,TRUE,TRUE,FALSE
QgD3eS3CVnb,Ambo Medium Clinic,XU2wpLlX4Vk,Oromia,0,0,0,NA,0,FALSE,FALSE,FALSE
QhFEHUeI9Uz,Bale Primary Clinic,XU2wpLlX4Vk,Oromia,4,0,0,NA,0,TRUE,FALSE,FALSE
QilJbg5LNHk,Africa Medium Clinic,XU2wpLlX4Vk,Oromia,0,0,0,NA,0,FALSE,FALSE,FALSE
QjzkwNfpYOo,Dabat Woreda,yb9NKGA8uqt,Amhara,90,0,0,NA,0,TRUE,FALSE,FALSE
QkVf1HRoVP0,Medin Beza Primary Hospital,XU2wpLlX4Vk,Oromia,19,3,0,0,3,TRUE,TRUE,FALSE
QlGCmIk6bvZ,Kasma Dermato Venorology Speciality Clinic,yb9NKGA8uqt,Amhara,0,0,0,NA,0,FALSE,FALSE,FALSE
QlZ9AadDmZo,Mizan Aman Town Administration,HIlnt7Qj8do,South West Ethiopia,92,0,0,NA,0,TRUE,FALSE,FALSE
QmroRCFrDgQ,Sululta Woreda,XU2wpLlX4Vk,Oromia,94,1,0,0,1,TRUE,TRUE,FALSE
QnjIHj64MCm,Catholic church Health Center,XU2wpLlX4Vk,Oromia,3,0,0,NA,0,TRUE,FALSE,FALSE
QpSxj3UCs9k,Debre-Tabor Comprehensive Specialized Hospital,yb9NKGA8uqt,Amhara,22,3,2,0.6666666666666666,1,TRUE,TRUE,FALSE
Qq372SggLHq,Tesfa Mariyam Medium Clinic,yY9BLUUegel,Addis Ababa,20,0,0,NA,0,TRUE,FALSE,FALSE
QqyMLbZYnuz,Ayira General Hospital,yb9NKGA8uqt,Amhara,18,0,0,NA,0,TRUE,FALSE,FALSE
QtJxfAcSAbG,Bonat Medium Clinic,yY9BLUUegel,Addis Ababa,0,0,0,NA,0,FALSE,FALSE,FALSE
Qu9YELKVYRN,Adwa Hospital,Gmw0DJLXGtx,Tigray,28,1,0,0,1,TRUE,TRUE,FALSE
Qx8MZOQqXcZ,Ebnat Primary Hospital,yb9NKGA8uqt,Amhara,21,4,1,0.25,3,TRUE,TRUE,FALSE
QxlsQptNt8H,Lalibela Medium Clinic,yY9BLUUegel,Addis Ababa,0,0,0,NA,0,FALSE,FALSE,FALSE
R1CIaLTh9BF,Kogota Woreda,a2QIIR2UXcd,South Ethiopia,42,0,0,NA,0,TRUE,FALSE,FALSE
R3nkW2lY4N2,Ameya Primary Hospital,XU2wpLlX4Vk,Oromia,3,4,0,0,4,TRUE,TRUE,FALSE
R5ydZbP7N5u,Yordan Medium Clinics,yY9BLUUegel,Addis Ababa,0,0,0,NA,0,FALSE,FALSE,FALSE
R80YeZFahVi,Soro Woreda,tDoLtk2ylu4,Central Ethiopia,86,4,0,0,4,TRUE,TRUE,FALSE
R8SonoiaZS1,Betel Medium Clinic,XU2wpLlX4Vk,Oromia,0,0,0,NA,0,FALSE,FALSE,FALSE
R8bqptORaUk,Kadisko General Hospital,yY9BLUUegel,Addis Ababa,6,0,0,NA,0,TRUE,FALSE,FALSE
R8f9GAUNvjC,Chefarobit Primary Hospital,yb9NKGA8uqt,Amhara,22,1,1,1,0,TRUE,TRUE,FALSE
REKuaUoN0ou,Babogeya_PHCU,XU2wpLlX4Vk,Oromia,0,0,0,NA,0,FALSE,FALSE,FALSE
REPE6wVy9FI,Dedo Woreda,XU2wpLlX4Vk,Oromia,20,1,0,0,1,TRUE,TRUE,FALSE
RF9lPKGULMi,Gambo General Hospital,XU2wpLlX4Vk,Oromia,22,0,0,NA,0,TRUE,FALSE,FALSE
RG0TgEKPx7V,Abay Chomen Woreda,XU2wpLlX4Vk,Oromia,262,6,0,0,6,TRUE,TRUE,FALSE
RIEQnmOGDMk,Kidist Mariyam Medium Clinic,yY9BLUUegel,Addis Ababa,2,0,0,NA,0,TRUE,FALSE,FALSE
RINegMFYMOs,Tarcha General Hospital,HIlnt7Qj8do,South West Ethiopia,15,13,6,0.46153846153846156,7,TRUE,TRUE,FALSE
RJCGWAnQETi,Koyo_PHCU,a2QIIR2UXcd,South Ethiopia,0,0,0,NA,0,FALSE,FALSE,FALSE
RKsHwiYX8LB,Isara Woreda,HIlnt7Qj8do,South West Ethiopia,22,0,0,NA,0,TRUE,FALSE,FALSE
RL4KHuU3pR5,Homecho Town Administration,tDoLtk2ylu4,Central Ethiopia,17,0,0,NA,0,TRUE,FALSE,FALSE
RN1UJQ9SUhX,Wachile Woreda,XU2wpLlX4Vk,Oromia,36,1,0,0,1,TRUE,TRUE,FALSE
RNQmbDkbG2J,Delanta Primary Hospital,yb9NKGA8uqt,Amhara,22,1,0,0,1,TRUE,TRUE,FALSE
RPLdyFKkviq,Wanofi primary clinic,XU2wpLlX4Vk,Oromia,4,0,0,NA,0,TRUE,FALSE,FALSE
RPMJY0HQKeI,Enzi Medium Clinic,Fccw8uMlJHN,Benishangul-Gumuz,0,0,0,NA,0,FALSE,FALSE,FALSE
RPdcX2QE020,Aleta Chuko Woreda,xNUoZIrGKxQ,Sidama,104,4,9,2.25,0,TRUE,TRUE,FALSE
RRE9BgKWE3K,North Bench Worda,HIlnt7Qj8do,South West Ethiopia,58,10,5,0.5,5,TRUE,TRUE,FALSE
RRYOVEvvsiS,Woleka_PHCU,yb9NKGA8uqt,Amhara,0,0,0,NA,0,FALSE,FALSE,FALSE
RSk0ieSCH4R,Gewane Woreda,UFtGyqJMEZh,Afar,66,0,0,NA,0,TRUE,FALSE,FALSE
RSmHOBiYKuE,Feresmeda Health Center,yY9BLUUegel,Addis Ababa,0,0,0,NA,0,FALSE,FALSE,FALSE
RTX90yXk1OU,Hidi_PHCU,XU2wpLlX4Vk,Oromia,7,0,0,NA,0,TRUE,FALSE,FALSE
RUMC7sqDYiD,Fedis Woreda,XU2wpLlX4Vk,Oromia,9,17,6,0.35294117647058826,11,TRUE,TRUE,FALSE
RUZTUdyuxQQ,Tossa Surgical And Internal Medicine Specialty Center,yb9NKGA8uqt,Amhara,0,0,0,NA,0,FALSE,FALSE,FALSE
RV6O6AMQCsu,Bati Woreda,yb9NKGA8uqt,Amhara,101,1,1,1,0,TRUE,TRUE,FALSE
RVgtVWRK4jB,Biruk no2 Medium Clinic,XU2wpLlX4Vk,Oromia,8,0,0,NA,0,TRUE,FALSE,FALSE
RVurmYk4jLu,Pommy Pediatrics Specialty Center,yY9BLUUegel,Addis Ababa,0,0,0,NA,0,FALSE,FALSE,FALSE
RWcMj6KEBzC,Medihanealem Medium Clinic,yb9NKGA8uqt,Amhara,0,0,0,NA,0,FALSE,FALSE,FALSE
RXJY3piwKbg,Kal Primary clinic,XU2wpLlX4Vk,Oromia,1,0,0,NA,0,TRUE,FALSE,FALSE
RXw0ToeBAxH,Deder Town,XU2wpLlX4Vk,Oromia,6,0,0,NA,0,TRUE,FALSE,FALSE
RYoJocKAztf,Melkamu Medium Clinic No2,yb9NKGA8uqt,Amhara,0,0,0,NA,0,FALSE,FALSE,FALSE
RafySJ3SIbQ,Kaku Primary Clinic,XU2wpLlX4Vk,Oromia,0,0,0,NA,0,FALSE,FALSE,FALSE
RbFGpmD4yFf,Quiha Hospital,Gmw0DJLXGtx,Tigray,1,0,0,NA,0,TRUE,FALSE,FALSE
RcbDx65C0h7,Sigmo Woreda,XU2wpLlX4Vk,Oromia,103,0,0,NA,0,TRUE,FALSE,FALSE
RfstbtOL6QY,Laga Tafo Laga Dadhi Sub City,XU2wpLlX4Vk,Oromia,32,0,0,NA,0,TRUE,FALSE,FALSE
RgzjSfKwL1v,Lami primary Clinic,XU2wpLlX4Vk,Oromia,0,0,0,NA,0,FALSE,FALSE,FALSE
RkBAKUpU9k4,Kechi worda,HIlnt7Qj8do,South West Ethiopia,43,0,0,NA,0,TRUE,FALSE,FALSE
RkBHhQD5fPa,Gimbichu Woreda,XU2wpLlX4Vk,Oromia,59,0,0,NA,0,TRUE,FALSE,FALSE
RkIOYZqlS3H,Yosef Medium Clinic,a2QIIR2UXcd,South Ethiopia,0,0,0,NA,0,FALSE,FALSE,FALSE
RkgsjkcZt58,Beza Primary Clinic,XU2wpLlX4Vk,Oromia,4,0,0,NA,0,TRUE,FALSE,FALSE
RlNNEXXkEms,Wukro Town Adminstration,Gmw0DJLXGtx,Tigray,38,0,0,NA,0,TRUE,FALSE,FALSE
RmJfFuZHV5i,Guliso Woreda,XU2wpLlX4Vk,Oromia,17,0,0,NA,0,TRUE,FALSE,FALSE
RnG8To9kZQd,Addis-Zemen Primary Hospital,yb9NKGA8uqt,Amhara,22,2,1,0.5,1,TRUE,TRUE,FALSE
Rnw9iXx3yFf,Abinet Medium Clinic,yb9NKGA8uqt,Amhara,1,0,0,NA,0,TRUE,FALSE,FALSE
Rore0zw6Ual,Ayira Woreda,XU2wpLlX4Vk,Oromia,30,4,0,0,4,TRUE,TRUE,FALSE
RqA2jemSKwm,Gololcha Woreda,XU2wpLlX4Vk,Oromia,100,11,2,0.18181818181818182,9,TRUE,TRUE,FALSE
RrrlsizZOh0,Woldia University Medium Clinic,yb9NKGA8uqt,Amhara,0,0,0,NA,0,FALSE,FALSE,FALSE
RsVIUiAFz9S,Kutaber Woreda,yb9NKGA8uqt,Amhara,80,0,0,NA,0,TRUE,FALSE,FALSE
RtHgCIcW54b,Gozamin_PHCU,yb9NKGA8uqt,Amhara,22,0,0,NA,0,TRUE,FALSE,FALSE
RtbvSAyRaXw,Jima Arjo Woreda,XU2wpLlX4Vk,Oromia,120,4,2,0.5,2,TRUE,TRUE,FALSE
RuRjAscMnsT,Kawo Koyisha Woreda,a2QIIR2UXcd,South Ethiopia,12,0,0,NA,0,TRUE,FALSE,FALSE
RvTy27XDl00,Bati Primary Hospital,yb9NKGA8uqt,Amhara,22,2,2,1,0,TRUE,TRUE,FALSE
Rx3Et6VT1b5,Abomsa General Hospital,XU2wpLlX4Vk,Oromia,22,0,0,NA,0,TRUE,FALSE,FALSE
Rx6pfmROTBC,Chefei Primary Clinic,XU2wpLlX4Vk,Oromia,0,9,0,0,9,FALSE,TRUE,TRUE
RxiGhrSeXL4,Limu Woreda,XU2wpLlX4Vk,Oromia,51,0,0,NA,0,TRUE,FALSE,FALSE
RyMdtKnZfFj,Walin Primary Clinic,XU2wpLlX4Vk,Oromia,0,0,0,NA,0,FALSE,FALSE,FALSE
Rycl7EJQIR8,Sodo_PHCU,a2QIIR2UXcd,South Ethiopia,2,0,0,NA,0,TRUE,FALSE,FALSE
S0d3dt01sfg,Worda 05 Health Center,yY9BLUUegel,Addis Ababa,2,0,0,NA,0,TRUE,FALSE,FALSE
S1tKpOCP6Hr,Bole 17 Health Center,yY9BLUUegel,Addis Ababa,3,0,0,NA,0,TRUE,FALSE,FALSE
S5J4dKnRlmW,Sumi Specialty Obstetric And Gynecology Clinic And Pediatric Clinic,yY9BLUUegel,Addis Ababa,7,0,0,NA,0,TRUE,FALSE,FALSE
S68V8ZrUt4p,Jarso Woreda,XU2wpLlX4Vk,Oromia,105,0,0,NA,0,TRUE,FALSE,FALSE
S7aYyaRI8VR,Doctor Abraham Medium Clinic,Fccw8uMlJHN,Benishangul-Gumuz,0,0,0,NA,0,FALSE,FALSE,FALSE
S8J6peu4lRx,Sena Primary Clinic,XU2wpLlX4Vk,Oromia,1,0,0,NA,0,TRUE,FALSE,FALSE
S8K8eoKq3xu,Bekalu Primary Clinic,XU2wpLlX4Vk,Oromia,5,0,0,NA,0,TRUE,FALSE,FALSE
S8SQxMUrI0w,Hulbareg Woreda,tDoLtk2ylu4,Central Ethiopia,135,0,0,NA,0,TRUE,FALSE,FALSE
S9Jj8V0SAYu,ST George Medium Clinic,yY9BLUUegel,Addis Ababa,1,0,0,NA,0,TRUE,FALSE,FALSE
S9JnsV7qICL,Chole Woreda,XU2wpLlX4Vk,Oromia,49,1,1,1,0,TRUE,TRUE,FALSE
SAVeanU7VkJ,Kombolcha Tannery Share Company,yb9NKGA8uqt,Amhara,0,0,0,NA,0,FALSE,FALSE,FALSE
SBiV3uiJNF3,Demboya Town,tDoLtk2ylu4,Central Ethiopia,0,0,0,NA,0,FALSE,FALSE,FALSE
SCSVwoYhzdx,Takku MEDIUM CLINIC,XU2wpLlX4Vk,Oromia,1,0,0,NA,0,TRUE,FALSE,FALSE
SCiX8SG6F4b,Menz Gera Midir Woreda,yb9NKGA8uqt,Amhara,85,0,0,NA,0,TRUE,FALSE,FALSE
SEEMWwW0aFs,Hudhet Woreda,PCKGSJoNHXi,Somali,27,0,0,NA,0,TRUE,FALSE,FALSE
SFpgUcRwUFg,Oda Medium Clinic,XU2wpLlX4Vk,Oromia,0,0,0,NA,0,FALSE,FALSE,FALSE
SGmALzDEBcc,Hemen Maternal And Child Health Specialty Center,yY9BLUUegel,Addis Ababa,1,0,0,NA,0,TRUE,FALSE,FALSE
SHczf47dkPB,Mayani Sheraro General Hospital,Gmw0DJLXGtx,Tigray,14,0,0,NA,0,TRUE,FALSE,FALSE
SJI9QzivTUJ,Mendera Kochi_PHCU,XU2wpLlX4Vk,Oromia,3,0,0,NA,0,TRUE,FALSE,FALSE
SJTENfvXx2y,Gorabaqaqsa Woreda,PCKGSJoNHXi,Somali,13,1,1,1,0,TRUE,TRUE,FALSE
SJknuEQE4Qe,Teshome Medium Clinic,a2QIIR2UXcd,South Ethiopia,0,0,0,NA,0,FALSE,FALSE,FALSE
SKA4GerGvZo,Qedamay Woyane Woreda,Gmw0DJLXGtx,Tigray,5,0,0,NA,0,TRUE,FALSE,FALSE
SMF75DvZXxM,St_Lideta Medium Clinic,yb9NKGA8uqt,Amhara,0,0,0,NA,0,FALSE,FALSE,FALSE
SPWGaVbAgNI,Kelala Primary Hospital,yb9NKGA8uqt,Amhara,22,0,0,NA,0,TRUE,FALSE,FALSE
SPlm08fzA1X,Kolfe Health Center,yY9BLUUegel,Addis Ababa,0,0,0,NA,0,FALSE,FALSE,FALSE
SPqJFiSERvx,Al-Amin Medium Clinic,yb9NKGA8uqt,Amhara,1,0,0,NA,0,TRUE,FALSE,FALSE
SSH0D7JUBGm,Tulo Woreda,XU2wpLlX4Vk,Oromia,134,8,5,0.625,3,TRUE,TRUE,FALSE
STJVfxrJK6L,Kegna Medium Medium Clinic,XU2wpLlX4Vk,Oromia,2,0,0,NA,0,TRUE,FALSE,FALSE
STNNKZypCYy,Adis Tena Primary Hospital,a2QIIR2UXcd,South Ethiopia,0,0,0,NA,0,FALSE,FALSE,FALSE
SUiNoUEdW0m,Jinka General Hospital,a2QIIR2UXcd,South Ethiopia,21,3,2,0.6666666666666666,1,TRUE,TRUE,FALSE
SV8LbmAc6xD,Doctor Nebiat Arage Obstetric and Gynecology Specialty Clinic,yb9NKGA8uqt,Amhara,7,0,0,NA,0,TRUE,FALSE,FALSE
SVBRHikIau9,Abe Dengoro Woreda,XU2wpLlX4Vk,Oromia,179,0,0,NA,0,TRUE,FALSE,FALSE
SWEIuXhESAQ,Relief-Care Medium Clinic,yY9BLUUegel,Addis Ababa,0,0,0,NA,0,FALSE,FALSE,FALSE
SYPTNv7TCbC,Cheshaire Foundation Medium Clinic,yY9BLUUegel,Addis Ababa,0,0,0,NA,0,FALSE,FALSE,FALSE
SYPWB0IWrJt,Mth Speciality Matern And Child Center,yY9BLUUegel,Addis Ababa,6,0,0,NA,0,TRUE,FALSE,FALSE
SZoLvBrQ4rJ,Maychew Health Center,yY9BLUUegel,Addis Ababa,23,0,0,NA,0,TRUE,FALSE,FALSE
SbsV56ASSfV,Kallu Woreda,yb9NKGA8uqt,Amhara,74,15,1,0.06666666666666667,14,TRUE,TRUE,FALSE
ScGMYeHXO74,Family Guidance Association Medium Clinic,yb9NKGA8uqt,Amhara,3,0,0,NA,0,TRUE,FALSE,FALSE
ScJV1q7ffZ3,Selgalu_PHCU,Fccw8uMlJHN,Benishangul-Gumuz,15,0,0,NA,0,TRUE,FALSE,FALSE
Sfd57KXjqnW,Dire Woreda,XU2wpLlX4Vk,Oromia,51,0,0,NA,0,TRUE,FALSE,FALSE
Sg6SpFqTnqO,Wollega University Comprehensive Specialized Hospital,XU2wpLlX4Vk,Oromia,22,34,30,0.8823529411764706,4,TRUE,TRUE,FALSE
SjKPOHWXp6A,Gondarber_PHCU,yb9NKGA8uqt,Amhara,19,0,0,NA,0,TRUE,FALSE,FALSE
SjoHXR927JV,Doba Woreda,XU2wpLlX4Vk,Oromia,67,11,4,0.36363636363636365,7,TRUE,TRUE,FALSE
SlSzUyPAAzK,Metu Primary Clinic_Closed,XU2wpLlX4Vk,Oromia,0,0,0,NA,0,FALSE,FALSE,FALSE
SleNXkwLr8l,Metu_PHCU,XU2wpLlX4Vk,Oromia,9,0,0,NA,0,TRUE,FALSE,FALSE
SnPUqcF8hec,Ketuma Medium clinic,XU2wpLlX4Vk,Oromia,0,0,0,NA,0,FALSE,FALSE,FALSE
SoDOn3eoJlE,Artuma Fursi Woreda,yb9NKGA8uqt,Amhara,113,3,1,0.3333333333333333,2,TRUE,TRUE,FALSE
SoO9OLbkRLB,Mati Medium Clinic,XU2wpLlX4Vk,Oromia,0,0,0,NA,0,FALSE,FALSE,FALSE
SojNvJ4ALXg,Ahimedin Primary clinic,XU2wpLlX4Vk,Oromia,8,0,0,NA,0,TRUE,FALSE,FALSE
SoryyKrnpxj,Ayun Woreda,PCKGSJoNHXi,Somali,23,0,0,NA,0,TRUE,FALSE,FALSE
Sp1Bovr3P9B,Woloo Kombolcha Medium Clinic,yb9NKGA8uqt,Amhara,0,0,0,NA,0,FALSE,FALSE,FALSE
Sq4WnaKwILB,Hitosa Woreda,XU2wpLlX4Vk,Oromia,57,0,0,NA,0,TRUE,FALSE,FALSE
Sqaa8D04jSD,Gidole Maremya Institutional Health Center,a2QIIR2UXcd,South Ethiopia,0,0,0,NA,0,FALSE,FALSE,FALSE
Sqq6GIgoEcE,Fagitalekoma Woreda,yb9NKGA8uqt,Amhara,151,3,1,0.3333333333333333,2,TRUE,TRUE,FALSE
Ss2DFPvkfCB,Adigrat Town Administration,Gmw0DJLXGtx,Tigray,27,0,0,NA,0,TRUE,FALSE,FALSE
SsyyG83DpMd,Ambo Woreda,XU2wpLlX4Vk,Oromia,66,1,1,1,0,TRUE,TRUE,FALSE
StCiBFbYD6f,Stadium Medium Clinic,Fccw8uMlJHN,Benishangul-Gumuz,0,0,0,NA,0,FALSE,FALSE,FALSE
Svq4ldS5zEW,Swift Healing Medium Clinic,yY9BLUUegel,Addis Ababa,0,0,0,NA,0,FALSE,FALSE,FALSE
SzOaSTxwoZm,GAMBY General Hospital,yb9NKGA8uqt,Amhara,22,0,0,NA,0,TRUE,FALSE,FALSE
T0MltEnteWG,Delo Mena General Hospital.,XU2wpLlX4Vk,Oromia,9,2,1,0.5,1,TRUE,TRUE,FALSE
T0XXAB1QWQV,Beteseida Medium clinic,XU2wpLlX4Vk,Oromia,3,0,0,NA,0,TRUE,FALSE,FALSE
T32zvWhNxBq,Dinsho Woreda,XU2wpLlX4Vk,Oromia,48,0,0,NA,0,TRUE,FALSE,FALSE
T34GFGyARP7,Sabata Sub-City,XU2wpLlX4Vk,Oromia,74,1,0,0,1,TRUE,TRUE,FALSE
T35JiQx8Wsc,Menz Lalo Midir Woreda,yb9NKGA8uqt,Amhara,15,0,0,NA,0,TRUE,FALSE,FALSE
T37OYgLHPqn,Weybla Medium Clinic,yY9BLUUegel,Addis Ababa,1,0,0,NA,0,TRUE,FALSE,FALSE
T3eWKgseWbW,Dawo Woreda,XU2wpLlX4Vk,Oromia,37,1,0,0,1,TRUE,TRUE,FALSE
T3ibME0V8aq,Kobo Town Woreda,yb9NKGA8uqt,Amhara,11,0,0,NA,0,TRUE,FALSE,FALSE
T3sSnZ0VU84,Goro Dola Woreda,XU2wpLlX4Vk,Oromia,34,0,0,NA,0,TRUE,FALSE,FALSE
T6DUfc6Sr2D,Rayitu Woreda,XU2wpLlX4Vk,Oromia,52,0,0,NA,0,TRUE,FALSE,FALSE
T6ootY51BEK,Ale Woreda,XU2wpLlX4Vk,Oromia,47,0,0,NA,0,TRUE,FALSE,FALSE
T6rq8YKdItJ,Godere Woreda,moBiwh9h5Ce,Gambella,39,0,0,NA,0,TRUE,FALSE,FALSE
T7QiW3TQVPM,Shangul Primary Hospital,Fccw8uMlJHN,Benishangul-Gumuz,7,0,0,NA,0,TRUE,FALSE,FALSE
T7u2ZudoMYP,Bedeno Primary Hospital,XU2wpLlX4Vk,Oromia,12,1,0,0,1,TRUE,TRUE,FALSE
T883hruJ1Nq,Guba Qoricha Woreda,XU2wpLlX4Vk,Oromia,41,1,0,0,1,TRUE,TRUE,FALSE
T9HK8RVjU5g,Fgae Midium Clinic,yb9NKGA8uqt,Amhara,22,0,0,NA,0,TRUE,FALSE,FALSE
T9okcEw9bfa,Enderta Woreda,Gmw0DJLXGtx,Tigray,161,1,0,0,1,TRUE,TRUE,FALSE
TAxtdV7BZTB,Rohobot Primary clinic,XU2wpLlX4Vk,Oromia,0,0,0,NA,0,FALSE,FALSE,FALSE
TB4RRP4pOVs,Yeju Medium Clinic,yY9BLUUegel,Addis Ababa,1,0,0,NA,0,TRUE,FALSE,FALSE
TB7LU1ipTgF,Kiramu Woreda,XU2wpLlX4Vk,Oromia,60,0,0,NA,0,TRUE,FALSE,FALSE
TDhxf971KP1,Alamata Hospital,Gmw0DJLXGtx,Tigray,6,3,2,0.6666666666666666,1,TRUE,TRUE,FALSE
TETzGGGEgur,Eshetu Medium Clinic,yb9NKGA8uqt,Amhara,8,7,0,0,7,TRUE,TRUE,FALSE
TEvlIxspnFM,Kedida Gamela Woreda,tDoLtk2ylu4,Central Ethiopia,10,0,0,NA,0,TRUE,FALSE,FALSE
TGb0KmfJjXK,Muse General Hospital,XU2wpLlX4Vk,Oromia,10,0,0,NA,0,TRUE,FALSE,FALSE
THPm0LERNBd,Medawalabu University Medium Clinic,XU2wpLlX4Vk,Oromia,5,0,0,NA,0,TRUE,FALSE,FALSE
TLqTMfy119s,Lami Medium Clinic,XU2wpLlX4Vk,Oromia,1,0,0,NA,0,TRUE,FALSE,FALSE
TLzR3KThvqi,Mizan Teppi university Teaching Hospital,HIlnt7Qj8do,South West Ethiopia,22,1,1,1,0,TRUE,TRUE,FALSE
TMTixJzZMhs,Getachew Medium Clinic,yb9NKGA8uqt,Amhara,0,0,0,NA,0,FALSE,FALSE,FALSE
TMe7v4viX5w,Sodo Zuriya Woreda,a2QIIR2UXcd,South Ethiopia,12,0,0,NA,0,TRUE,FALSE,FALSE
TNVoqqjRD0G,Huluka Medium Clinic,XU2wpLlX4Vk,Oromia,0,0,0,NA,0,FALSE,FALSE,FALSE
TP6KJXN05vM,Beata_PHCU,yY9BLUUegel,Addis Ababa,3,0,0,NA,0,TRUE,FALSE,FALSE
TQ4vuU8ovzX,Enat Medium clinic,yb9NKGA8uqt,Amhara,0,0,0,NA,0,FALSE,FALSE,FALSE
TQZa6RHFdsh,Bulbula Health Center,yY9BLUUegel,Addis Ababa,1,0,0,NA,0,TRUE,FALSE,FALSE
TRMaEctq2hi,Cheta Woreda,HIlnt7Qj8do,South West Ethiopia,41,0,0,NA,0,TRUE,FALSE,FALSE
TRQT4GO8Bvx,Tsedal Obstetrics And Gynecology Specialty Clinic,yb9NKGA8uqt,Amhara,0,0,0,NA,0,FALSE,FALSE,FALSE
TRbFczPsN4e,firedos Medium Clinic,yb9NKGA8uqt,Amhara,1,0,0,NA,0,TRUE,FALSE,FALSE
TRwUoYTEcRV,Kebridahar General hospital,PCKGSJoNHXi,Somali,22,10,9,0.9,1,TRUE,TRUE,FALSE
TUPUy4TSUck,Karat Primary Hospital,a2QIIR2UXcd,South Ethiopia,22,5,3,0.6,2,TRUE,TRUE,FALSE
TW0FAF5JrY8,Kidus Lukase,yb9NKGA8uqt,Amhara,0,0,0,NA,0,FALSE,FALSE,FALSE
TWF0rG8Ts8g,Akeseta General Hospital,yb9NKGA8uqt,Amhara,23,1,0,0,1,TRUE,TRUE,FALSE
TWjsMKZYYXo,Grace Primary Hospital,a2QIIR2UXcd,South Ethiopia,3,0,0,NA,0,TRUE,FALSE,FALSE
TX9r5YgjPkW,Biftu 1ffaa Medium Clinic,XU2wpLlX4Vk,Oromia,1,0,0,NA,0,TRUE,FALSE,FALSE
TXAWgc2L0px,Gesa Town Administration,HIlnt7Qj8do,South West Ethiopia,7,1,1,1,0,TRUE,TRUE,FALSE
TayIiKTQ87r,Elkari Woreda,PCKGSJoNHXi,Somali,18,0,0,NA,0,TRUE,FALSE,FALSE
TbAKeQULF4n,Wereda 10 Health Center,yY9BLUUegel,Addis Ababa,22,0,0,NA,0,TRUE,FALSE,FALSE
Te8G1BtODyO,Ayinalem primary Hosp,yY9BLUUegel,Addis Ababa,19,0,0,NA,0,TRUE,FALSE,FALSE
TeXPxpDJRIu,Kele Town,a2QIIR2UXcd,South Ethiopia,16,0,0,NA,0,TRUE,FALSE,FALSE
Tev0F05Smaa,Menz Mama Midir Woreda,yb9NKGA8uqt,Amhara,106,0,0,NA,0,TRUE,FALSE,FALSE
TgQ4jK3OGOG,Missionary of Charity,yY9BLUUegel,Addis Ababa,0,0,0,NA,0,FALSE,FALSE,FALSE
TgkXZxbw2Sz,Hamerenoh Kidanemihret Medium Clinic,yY9BLUUegel,Addis Ababa,0,0,0,NA,0,FALSE,FALSE,FALSE
TgkvCQ4Gbzm,Mesud Medium Clinic,yb9NKGA8uqt,Amhara,10,0,0,NA,0,TRUE,FALSE,FALSE
ThdvzHtgBy3,Bontu primary Clinic,XU2wpLlX4Vk,Oromia,0,0,0,NA,0,FALSE,FALSE,FALSE
TiHSDCOuhMT,Tegegn Primary Clinic,XU2wpLlX4Vk,Oromia,5,0,0,NA,0,TRUE,FALSE,FALSE
TiufAXOqXjN,Kadadumo Woreda,PCKGSJoNHXi,Somali,33,2,0,0,2,TRUE,TRUE,FALSE
TjgC4zSejbl,Gonji Kolela Primary Hospital,yb9NKGA8uqt,Amhara,11,0,0,NA,0,TRUE,FALSE,FALSE
TkUPp2pCihc,Ketema Medium Clinic,XU2wpLlX4Vk,Oromia,1,0,0,NA,0,TRUE,FALSE,FALSE
TnkKQZ4hj2Z,Dembel_PHCU,XU2wpLlX4Vk,Oromia,18,0,0,NA,0,TRUE,FALSE,FALSE
TqRUolJSGkd,Mihurna Aklil Woreda,tDoLtk2ylu4,Central Ethiopia,63,2,0,0,2,TRUE,TRUE,FALSE
TqStVjC7mln,Loke Ada Primary Hospital,XU2wpLlX4Vk,Oromia,22,0,0,NA,0,TRUE,FALSE,FALSE
TroCTCa87e3,Meseret Primary Clinics,yY9BLUUegel,Addis Ababa,1,0,0,NA,0,TRUE,FALSE,FALSE
TtN1nOdxDpp,Semen Woreda,Gmw0DJLXGtx,Tigray,2,0,0,NA,0,TRUE,FALSE,FALSE
Tv6dYyZx7Fm,Mada Walabu Woreda,XU2wpLlX4Vk,Oromia,36,0,0,NA,0,TRUE,FALSE,FALSE
Tw8tygaQRvO,Dita Woreda,a2QIIR2UXcd,South Ethiopia,60,8,2,0.25,6,TRUE,TRUE,FALSE
TwtOqZAC0pJ,Semen Health Center,yY9BLUUegel,Addis Ababa,3,0,0,NA,0,TRUE,FALSE,FALSE
TxXRfR8GL74,Yohanis Primary Clinic _Closed,XU2wpLlX4Vk,Oromia,0,0,0,NA,0,FALSE,FALSE,FALSE
U0EzZmDytwI,Pawi General Hospital,Fccw8uMlJHN,Benishangul-Gumuz,17,4,1,0.25,3,TRUE,TRUE,FALSE
U0tnRWGSgew,Hulet Eju Nese WorHO,yb9NKGA8uqt,Amhara,66,0,0,NA,0,TRUE,FALSE,FALSE
U0trQvqCIcg,Chila woreda,Gmw0DJLXGtx,Tigray,92,1,0,0,1,TRUE,TRUE,FALSE
U2LR7mg3lNH,Tesfaye Getachew metasebia Primary Hospital,yb9NKGA8uqt,Amhara,22,0,0,NA,0,TRUE,FALSE,FALSE
U3lpzODh7Qc,Ethiopia Medium Clinic,yb9NKGA8uqt,Amhara,0,0,0,NA,0,FALSE,FALSE,FALSE
U6EY18OVRGA,Bonke Woreda,a2QIIR2UXcd,South Ethiopia,53,1,0,0,1,TRUE,TRUE,FALSE
U6OI91JNxpU,Ura Woreda,Fccw8uMlJHN,Benishangul-Gumuz,72,0,0,NA,0,TRUE,FALSE,FALSE
U89dLiNzNAS,Zemen Medium Clinic,yY9BLUUegel,Addis Ababa,0,0,0,NA,0,FALSE,FALSE,FALSE
U9HfYNpDyTi,Darmalo Woreda,a2QIIR2UXcd,South Ethiopia,27,0,0,NA,0,TRUE,FALSE,FALSE
UAnLhc57D16,Gawo Kebe Woreda,XU2wpLlX4Vk,Oromia,116,4,0,0,4,TRUE,TRUE,FALSE
UBHoKNH4hsT,Sire primary Hospital,XU2wpLlX4Vk,Oromia,1,0,0,NA,0,TRUE,FALSE,FALSE
UBllz9QFV5J,Moyale Primary Hospital,XU2wpLlX4Vk,Oromia,17,0,0,NA,0,TRUE,FALSE,FALSE
UCWtYQRTy4p,Kombolcha Beza Postretiy Dic,yb9NKGA8uqt,Amhara,0,0,0,NA,0,FALSE,FALSE,FALSE
UDiE2ET9MjS,Chancho Primary Hospital,XU2wpLlX4Vk,Oromia,12,0,0,NA,0,TRUE,FALSE,FALSE
UDqSQgogrXO,Seba Boru Primary Hospital,XU2wpLlX4Vk,Oromia,0,0,0,NA,0,FALSE,FALSE,FALSE
UEZL8V0WeLj,Hirna Town,XU2wpLlX4Vk,Oromia,22,0,0,NA,0,TRUE,FALSE,FALSE
UFGNdRrlZBu,Chabe Gambeltu Woreda,xNUoZIrGKxQ,Sidama,12,0,0,NA,0,TRUE,FALSE,FALSE
UFuPmW73lce,Hamer Woreda,a2QIIR2UXcd,South Ethiopia,59,0,0,NA,0,TRUE,FALSE,FALSE
UGITgPQ7Z1H,Agaro General Hospital,XU2wpLlX4Vk,Oromia,4,0,0,NA,0,TRUE,FALSE,FALSE
UHgUZ9UfGrF,Birhanu Medium clinic,XU2wpLlX4Vk,Oromia,0,0,0,NA,0,FALSE,FALSE,FALSE
UJA3pkmGRj8,Washington MCH Center,yY9BLUUegel,Addis Ababa,18,0,0,NA,0,TRUE,FALSE,FALSE
UL3OThPAnyY,Lasta Woreda,yb9NKGA8uqt,Amhara,148,0,0,NA,0,TRUE,FALSE,FALSE
UNFcBp6nZ4U,Biyoawale_PHCU,G9hDiPNoB7d,Dire Dawa,5,0,0,NA,0,TRUE,FALSE,FALSE
UOjjuaYHKe7,Malala Medium Clinic,a2QIIR2UXcd,South Ethiopia,0,0,0,NA,0,FALSE,FALSE,FALSE
URKRgATL0Yj,Tsagibji Woreda,yb9NKGA8uqt,Amhara,41,3,0,0,3,TRUE,TRUE,FALSE
USCirCC8zsd,Maksegnit Primary Hospital,yb9NKGA8uqt,Amhara,23,0,0,NA,0,TRUE,FALSE,FALSE
USSXJQerOYm,Abronet P.L.C Medium Clinic_Closed,yb9NKGA8uqt,Amhara,0,0,0,NA,0,FALSE,FALSE,FALSE
UTw93E4CReG,Dewa Fews Medium clinic,yY9BLUUegel,Addis Ababa,0,0,0,NA,0,FALSE,FALSE,FALSE
UVKj8Kim1iQ,Angot Woreda,yb9NKGA8uqt,Amhara,17,0,0,NA,0,TRUE,FALSE,FALSE
UVgHtdTqsnq,Korem General Hospital,Gmw0DJLXGtx,Tigray,19,5,5,1,0,TRUE,TRUE,FALSE
UW5iTG8dmTL,Zenbaba General Hospital,yY9BLUUegel,Addis Ababa,0,0,0,NA,0,FALSE,FALSE,FALSE
UWqTFKb7hJn,Addis Amba Medium Clinic,yb9NKGA8uqt,Amhara,8,0,0,NA,0,TRUE,FALSE,FALSE
UXLhxJfGt4e,Sintayehu Medium Clinic,moBiwh9h5Ce,Gambella,11,0,0,NA,0,TRUE,FALSE,FALSE
UXP01WvT3Ay,Sewbelik Medium Clinic,yb9NKGA8uqt,Amhara,0,0,0,NA,0,FALSE,FALSE,FALSE
UXuBQx1szBt,Goro Woreda,XU2wpLlX4Vk,Oromia,79,2,0,0,2,TRUE,TRUE,FALSE
Ua0aVzhESvT,Karsasula Woreda,PCKGSJoNHXi,Somali,6,0,0,NA,0,TRUE,FALSE,FALSE
Ub3XO2IAdSV,Migbaru Kebede Metasebia Primary Hospital,yb9NKGA8uqt,Amhara,15,1,0,0,1,TRUE,TRUE,FALSE
UbP2sbyMMDV,Anfilo Woreda,XU2wpLlX4Vk,Oromia,76,0,0,NA,0,TRUE,FALSE,FALSE
UcATbsZWfen,Gazo Woreda,yb9NKGA8uqt,Amhara,56,0,0,NA,0,TRUE,FALSE,FALSE
Ud9obuarjbb,Abe Dongoro Primary Hospital,XU2wpLlX4Vk,Oromia,20,0,0,NA,0,TRUE,FALSE,FALSE
Udc4cwE8T5E,Oromia Medium Clinic,XU2wpLlX4Vk,Oromia,18,0,0,NA,0,TRUE,FALSE,FALSE
UfL3mZnOBAB,Woldia_PHCU,yb9NKGA8uqt,Amhara,12,0,0,NA,0,TRUE,FALSE,FALSE
Uh2MFugH7Mk,Gimbo Woreda,HIlnt7Qj8do,South West Ethiopia,76,0,0,NA,0,TRUE,FALSE,FALSE
UhTeKDiADKn,Haik Primary Hospital,yb9NKGA8uqt,Amhara,21,0,0,NA,0,TRUE,FALSE,FALSE
Ujh7I1nvGfk,Gidole Town Administration,a2QIIR2UXcd,South Ethiopia,3,0,0,NA,0,TRUE,FALSE,FALSE
UkfZzVRZtAb,Dodola General Hospital,XU2wpLlX4Vk,Oromia,23,0,0,NA,0,TRUE,FALSE,FALSE
Ukj8k4KvxPy,Meja Primary Clinic,yb9NKGA8uqt,Amhara,0,0,0,NA,0,FALSE,FALSE,FALSE
Um7WqNaYjPm,Guzara Pedatrics and Internal Medicine Speciality clinic,yb9NKGA8uqt,Amhara,0,0,0,NA,0,FALSE,FALSE,FALSE
Uo6t71JJRiN,Sinan Medium Clinic,XU2wpLlX4Vk,Oromia,0,0,0,NA,0,FALSE,FALSE,FALSE
Uo9oCfEYzu3,Were Jarso Woreda,XU2wpLlX4Vk,Oromia,50,1,0,0,1,TRUE,TRUE,FALSE
UoPTKcBiOa4,Abergele Yechila Woreda,Gmw0DJLXGtx,Tigray,60,0,0,NA,0,TRUE,FALSE,FALSE
UpySbEsjd8p,Borecha Woreda,XU2wpLlX4Vk,Oromia,29,18,18,1,0,TRUE,TRUE,FALSE
UqoO2aRtnR2,Disa Woreda,HIlnt7Qj8do,South West Ethiopia,12,1,1,1,0,TRUE,TRUE,FALSE
UqpUIdR1vcH,Dawa Primary Hospital,PCKGSJoNHXi,Somali,22,8,1,0.125,7,TRUE,TRUE,FALSE
Us2iPjx8jUW,Dr solomon Medium Clinic,yb9NKGA8uqt,Amhara,1,0,0,NA,0,TRUE,FALSE,FALSE
Us6yzxQ3C4E,Melala Medium Clinic,XU2wpLlX4Vk,Oromia,22,0,0,NA,0,TRUE,FALSE,FALSE
Ut1YJ8STLpL,Ataye Primary Hospital,yb9NKGA8uqt,Amhara,22,0,0,NA,0,TRUE,FALSE,FALSE
Uu3gIENpmNr,Geremew Medium Clinic Number Three,yY9BLUUegel,Addis Ababa,0,0,0,NA,0,FALSE,FALSE,FALSE
UuNPdB2zVJF,Gena Bosa Woreda,HIlnt7Qj8do,South West Ethiopia,21,0,0,NA,0,TRUE,FALSE,FALSE
UwVAT8I29eT,Wama Hagalo Woreda,XU2wpLlX4Vk,Oromia,219,7,0,0,7,TRUE,TRUE,FALSE
UxVrtsxA8Z3,Jabi Tehnan Woreda,yb9NKGA8uqt,Amhara,192,5,2,0.4,3,TRUE,TRUE,FALSE
Uy7Gz28n97h,Bolosso Bombe Woreda,a2QIIR2UXcd,South Ethiopia,50,1,0,0,1,TRUE,TRUE,FALSE
V12LYpb5wF2,Lehelyuub Woreda,PCKGSJoNHXi,Somali,17,0,0,NA,0,TRUE,FALSE,FALSE
V1na6Dpt9JC,Jimma Afia Primary Clinic,XU2wpLlX4Vk,Oromia,0,0,0,NA,0,FALSE,FALSE,FALSE
V1vlmy8Sj8Z,Doctor Dawit Primary Hospital,a2QIIR2UXcd,South Ethiopia,4,0,0,NA,0,TRUE,FALSE,FALSE
V3ruROWz4tV,Wada Primary Clinic,XU2wpLlX4Vk,Oromia,1,0,0,NA,0,TRUE,FALSE,FALSE
V4WDMGTHu6p,Wollo Unversity Student Medium Clinic,yb9NKGA8uqt,Amhara,1,0,0,NA,0,TRUE,FALSE,FALSE
V5ri9SWY22S,Geze Gofa Woreda,a2QIIR2UXcd,South Ethiopia,82,0,0,NA,0,TRUE,FALSE,FALSE
V6q9Bg4cTEO,Ergib Medium Clinic,yb9NKGA8uqt,Amhara,0,0,0,NA,0,FALSE,FALSE,FALSE
V74PrQRd4AJ,Kuri Medium Clinic,yY9BLUUegel,Addis Ababa,0,0,0,NA,0,FALSE,FALSE,FALSE
V9Y0ZvReQiY,Dalocha Town Administration Woreda,tDoLtk2ylu4,Central Ethiopia,11,0,0,NA,0,TRUE,FALSE,FALSE
VBa9UAae0mc,Ethio-Care Medium Clinic Number 1,yY9BLUUegel,Addis Ababa,1,0,0,NA,0,TRUE,FALSE,FALSE
VEl4zW7Mwfl,Nigatu Medium Clinic,XU2wpLlX4Vk,Oromia,21,0,0,NA,0,TRUE,FALSE,FALSE
VHmsoef3lqT,Harar Maremia Betoch Asitedader Mledium Clinic,b9nYedsL8te,Harari,0,0,0,NA,0,FALSE,FALSE,FALSE
VIVEvoFGLaS,Mekdela Woreda,yb9NKGA8uqt,Amhara,38,0,0,NA,0,TRUE,FALSE,FALSE
VKPlh9htrDU,Abosto_PHCU,XU2wpLlX4Vk,Oromia,18,0,0,NA,0,TRUE,FALSE,FALSE
VLGPKYRhvRP,Family Guidance Association Medium Clinic,moBiwh9h5Ce,Gambella,8,0,0,NA,0,TRUE,FALSE,FALSE
VLJeqsXwLdU,Afiya Medium Clinic,tDoLtk2ylu4,Central Ethiopia,3,0,0,NA,0,TRUE,FALSE,FALSE
VMHiyX5GDnH,Degahbur General Hospital,PCKGSJoNHXi,Somali,22,2,2,1,0,TRUE,TRUE,FALSE
VPhNnrIXrmV,Basoliben Woreda,yb9NKGA8uqt,Amhara,98,4,0,0,4,TRUE,TRUE,FALSE
VRfPEoI95jk,Mado Medium Clinic,yb9NKGA8uqt,Amhara,0,0,0,NA,0,FALSE,FALSE,FALSE
VUFbZfZ7F4r,Adi Haki Woreda,Gmw0DJLXGtx,Tigray,22,1,0,0,1,TRUE,TRUE,FALSE
VUjQo3AQ7ct,Damot Medium Clinic,yb9NKGA8uqt,Amhara,16,0,0,NA,0,TRUE,FALSE,FALSE
VXWNSNRdEWZ,Pawi Woreda,Fccw8uMlJHN,Benishangul-Gumuz,51,1,0,0,1,TRUE,TRUE,FALSE
VXhsRmITqUN,Medhanialem Medium Clinic,yY9BLUUegel,Addis Ababa,0,0,0,NA,0,FALSE,FALSE,FALSE
VXnsRXuhUod,Alem-Tena Internal Medicine And Pediatrics Specialty Clinic,yb9NKGA8uqt,Amhara,0,0,0,NA,0,FALSE,FALSE,FALSE
VZpNtc6bBlO,Dawunt Woreda,yb9NKGA8uqt,Amhara,87,1,1,1,0,TRUE,TRUE,FALSE
Va1ov4u3S4S,Nejo Medium Clinic,XU2wpLlX4Vk,Oromia,0,0,0,NA,0,FALSE,FALSE,FALSE
VaLILkJONQd,Saboniyat Medium Clinic,XU2wpLlX4Vk,Oromia,0,0,0,NA,0,FALSE,FALSE,FALSE
VdKsEB806qt,Konta Koysha woreda,HIlnt7Qj8do,South West Ethiopia,11,1,0,0,1,TRUE,TRUE,FALSE
Vdx9ucPWK34,Shaykosh Woreda,PCKGSJoNHXi,Somali,34,0,0,NA,0,TRUE,FALSE,FALSE
VeOmhs9X5so,Rihobot Primary clinic,XU2wpLlX4Vk,Oromia,6,0,0,NA,0,TRUE,FALSE,FALSE
VeWFtouIAzx,Waraza Lasho_PHCU,a2QIIR2UXcd,South Ethiopia,11,0,0,NA,0,TRUE,FALSE,FALSE
Vi4wypogLJf,Jara Primary Clinic,XU2wpLlX4Vk,Oromia,0,0,0,NA,0,FALSE,FALSE,FALSE
VihS2rObiZa,Geta Woreda,tDoLtk2ylu4,Central Ethiopia,90,0,0,NA,0,TRUE,FALSE,FALSE
Viw0lwbMF9d,Adi Arkay Woreda,yb9NKGA8uqt,Amhara,41,0,0,NA,0,TRUE,FALSE,FALSE
VjKNXJ5QH46,Tatessa Wosherebe_PHCU,tDoLtk2ylu4,Central Ethiopia,18,0,0,NA,0,TRUE,FALSE,FALSE
Vjn5DnnI0OK,Geneme Medium Cilinic,XU2wpLlX4Vk,Oromia,0,0,0,NA,0,FALSE,FALSE,FALSE
Vjq2nY8k3CB,Lencha_PHCU,tDoLtk2ylu4,Central Ethiopia,14,0,0,NA,0,TRUE,FALSE,FALSE
VkFIQRr5wSL,East Africa Primary Clinic,XU2wpLlX4Vk,Oromia,1,0,0,NA,0,TRUE,FALSE,FALSE
Vmo8j1cehJm,Woreilu Woreda,yb9NKGA8uqt,Amhara,81,0,0,NA,0,TRUE,FALSE,FALSE
VnNPmTcY5Mi,Catholic medium Clinic,XU2wpLlX4Vk,Oromia,4,0,0,NA,0,TRUE,FALSE,FALSE
VoFiZaZb5r1,Ambo University General Hospital,XU2wpLlX4Vk,Oromia,12,4,3,0.75,1,TRUE,TRUE,FALSE
VpWXbq12Pds,Deka Town Administration,HIlnt7Qj8do,South West Ethiopia,1,0,0,NA,0,TRUE,FALSE,FALSE
VpglZxJ56Ys,Bensa Woreda,xNUoZIrGKxQ,Sidama,46,13,3,0.23076923076923078,10,TRUE,TRUE,FALSE
VpiAi2p3Ipo,Inteprize SFB Primary Clinic,XU2wpLlX4Vk,Oromia,4,0,0,NA,0,TRUE,FALSE,FALSE
VqRKdqir0Fx,Yeju Medium Clinic,yb9NKGA8uqt,Amhara,3,0,0,NA,0,TRUE,FALSE,FALSE
VtSXCl5FT8U,Aroressa Woreda,xNUoZIrGKxQ,Sidama,78,3,0,0,3,TRUE,TRUE,FALSE
Vu0eCVJBxpP,Boji Dirmeji Woreda,XU2wpLlX4Vk,Oromia,20,0,0,NA,0,TRUE,FALSE,FALSE
VuBKdSgOdRN,Demboya Woreda,tDoLtk2ylu4,Central Ethiopia,38,4,0,0,4,TRUE,TRUE,FALSE
VuO8x5rScG0,Segen Zuria Woreda,a2QIIR2UXcd,South Ethiopia,36,0,0,NA,0,TRUE,FALSE,FALSE
VuSCloR9ENp,Awash Town,UFtGyqJMEZh,Afar,69,1,0,0,1,TRUE,TRUE,FALSE
VvUlI8lrKCK,Dekasuftu Woreda,PCKGSJoNHXi,Somali,30,0,0,NA,0,TRUE,FALSE,FALSE
VyEnJ7CHr8V,Hawi Medium Clinic,XU2wpLlX4Vk,Oromia,0,0,0,NA,0,FALSE,FALSE,FALSE
W0sQUkVzSgZ,Wadessa Primary Clinic,XU2wpLlX4Vk,Oromia,0,0,0,NA,0,FALSE,FALSE,FALSE
W3HFrTSBK3q,Shanto Town Administration,a2QIIR2UXcd,South Ethiopia,22,0,0,NA,0,TRUE,FALSE,FALSE
W3xhKmKU7ND,Gozamin Woreda,yb9NKGA8uqt,Amhara,90,2,0,0,2,TRUE,TRUE,FALSE
W6FEQZeuYtq,Dayan Medium Clinic,a2QIIR2UXcd,South Ethiopia,0,0,0,NA,0,FALSE,FALSE,FALSE
W7SLZiDLwDP,Awash Medium Clinic,XU2wpLlX4Vk,Oromia,0,0,0,NA,0,FALSE,FALSE,FALSE
W84pyzyynCf,Belete Medium Clinic,XU2wpLlX4Vk,Oromia,0,0,0,NA,0,FALSE,FALSE,FALSE
W9K4M7Tw1t4,Tita_PHCU,yb9NKGA8uqt,Amhara,8,0,0,NA,0,TRUE,FALSE,FALSE
WBDar7z2bL0,Dangla Town,yb9NKGA8uqt,Amhara,22,0,0,NA,0,TRUE,FALSE,FALSE
WBgvvdK0dJO,Dashen Medium Clinic,yY9BLUUegel,Addis Ababa,0,0,0,NA,0,FALSE,FALSE,FALSE
WC2PD4MXmUV,Selam Medium Clinic,XU2wpLlX4Vk,Oromia,1,0,0,NA,0,TRUE,FALSE,FALSE
WDMJnpk71NQ,Gomole Woreda,XU2wpLlX4Vk,Oromia,18,0,0,NA,0,TRUE,FALSE,FALSE
WF3Ew4PX42c,Deneba Primary Hospital,yb9NKGA8uqt,Amhara,17,0,0,NA,0,TRUE,FALSE,FALSE
WFjbrUKTEIU,Tanqua Mlash Woreda,Gmw0DJLXGtx,Tigray,45,0,0,NA,0,TRUE,FALSE,FALSE
WGmLD92hR6T,Abdu Ali Medium Clinic,yb9NKGA8uqt,Amhara,0,0,0,NA,0,FALSE,FALSE,FALSE
WH8dfSKaDRb,Galma Fora Primary Clinic,XU2wpLlX4Vk,Oromia,6,0,0,NA,0,TRUE,FALSE,FALSE
WITDsnaUCoh,Azwa Surgery Specialty Clinic,yb9NKGA8uqt,Amhara,2,0,0,NA,0,TRUE,FALSE,FALSE
WNgfi04ngvG,Fayya Medium Clinic,XU2wpLlX4Vk,Oromia,9,0,0,NA,0,TRUE,FALSE,FALSE
WNpLKvsDYKU,Abuare Health Center,yY9BLUUegel,Addis Ababa,6,0,0,NA,0,TRUE,FALSE,FALSE
WPD6DM749mD,Shewaber Primary Clinic,XU2wpLlX4Vk,Oromia,0,0,0,NA,0,FALSE,FALSE,FALSE
WRHu9Dqsajh,Tekelehaymanot Medium Clinic,yb9NKGA8uqt,Amhara,0,0,0,NA,0,FALSE,FALSE,FALSE
WSyg1L8msUT,Mendi Primary Hospital,XU2wpLlX4Vk,Oromia,22,2,0,0,2,TRUE,TRUE,FALSE
WVSdXHcyLbU,Teklehaimanot General Hospital,yY9BLUUegel,Addis Ababa,22,5,0,0,5,TRUE,TRUE,FALSE
WWeFP2UlWr5,Goncha WorHO,yb9NKGA8uqt,Amhara,286,1,1,1,0,TRUE,TRUE,FALSE
WWyaIzkTgxY,Liyer_PHCU,moBiwh9h5Ce,Gambella,0,0,0,NA,0,FALSE,FALSE,FALSE
WXcHA5edjYZ,Seba Boru Primary Clinic,XU2wpLlX4Vk,Oromia,0,0,0,NA,0,FALSE,FALSE,FALSE
WYL3VzLCKHA,Seru Woreda,XU2wpLlX4Vk,Oromia,21,0,0,NA,0,TRUE,FALSE,FALSE
WYakHfyAjhD,Ambo General Hospital,XU2wpLlX4Vk,Oromia,15,2,2,1,0,TRUE,TRUE,FALSE
WYpJfIOAeII,Wenago Woreda,a2QIIR2UXcd,South Ethiopia,15,0,0,NA,0,TRUE,FALSE,FALSE
Wa3haaDsFsd,Mayumuluqo Woreda,PCKGSJoNHXi,Somali,2,9,0,0,9,TRUE,TRUE,FALSE
Wcx7YiC3IUo,Lasdhankeyre Woreda,PCKGSJoNHXi,Somali,0,0,0,NA,0,FALSE,FALSE,FALSE
Wd5axr6PeFZ,Doctor Getachew Obstetric and Gynecology Specialty Clinic,yb9NKGA8uqt,Amhara,16,0,0,NA,0,TRUE,FALSE,FALSE
WdQOGWdNlBL,Dera Town,XU2wpLlX4Vk,Oromia,23,0,0,NA,0,TRUE,FALSE,FALSE
WfqYrwD8oYG,Mida Woremo Woreda,yb9NKGA8uqt,Amhara,89,0,0,NA,0,TRUE,FALSE,FALSE
WgYOkVnUsgj,BGN Maternal and Child Health specialty Center,yY9BLUUegel,Addis Ababa,0,0,0,NA,0,FALSE,FALSE,FALSE
Wj86Z6aFIj2,Dera Woreda,yb9NKGA8uqt,Amhara,234,4,2,0.5,2,TRUE,TRUE,FALSE
WkPc1OYTWvg,YOUTHCENTER,yb9NKGA8uqt,Amhara,0,0,0,NA,0,FALSE,FALSE,FALSE
WlQRuFR8dw6,Kidus Gebriel Catholic Health Center,yY9BLUUegel,Addis Ababa,0,0,0,NA,0,FALSE,FALSE,FALSE
WnjmtAmFeLK,Selam Primary Clinic,XU2wpLlX4Vk,Oromia,0,0,0,NA,0,FALSE,FALSE,FALSE
WnmUrb3WtAw,Yerer General Hospital,yY9BLUUegel,Addis Ababa,22,1,1,1,0,TRUE,TRUE,FALSE
Wp5PFYcngyF,South Mecha Woreda,yb9NKGA8uqt,Amhara,121,0,0,NA,0,TRUE,FALSE,FALSE
WpY1ufdyI1U,Abune Petros Primary Clinic,yY9BLUUegel,Addis Ababa,0,0,0,NA,0,FALSE,FALSE,FALSE
WpuXV0j6gOr,Guto Meda Health Center,yY9BLUUegel,Addis Ababa,0,0,0,NA,0,FALSE,FALSE,FALSE
Wr8rAVnywQl,Huruta Primary Hospital,XU2wpLlX4Vk,Oromia,19,0,0,NA,0,TRUE,FALSE,FALSE
WsIq8mcabq1,Doreni Woreda,XU2wpLlX4Vk,Oromia,1,0,0,NA,0,TRUE,FALSE,FALSE
WsomZAPcXAC,Emba Alaje Woreda,Gmw0DJLXGtx,Tigray,39,3,2,0.6666666666666666,1,TRUE,TRUE,FALSE
WtD5cJLO9N9,Awash General Hospital,XU2wpLlX4Vk,Oromia,0,0,0,NA,0,FALSE,FALSE,FALSE
WteiU6Vo3CQ,Habru Woreda,yb9NKGA8uqt,Amhara,110,0,0,NA,0,TRUE,FALSE,FALSE
WuCldrDJEtO,Dr Askal Dental Clinic,yb9NKGA8uqt,Amhara,0,0,0,NA,0,FALSE,FALSE,FALSE
WwyEsQjq7Dk,Meda Welabu Primary Hospital,XU2wpLlX4Vk,Oromia,0,0,0,NA,0,FALSE,FALSE,FALSE
Wy1iect9F48,Meskan Woreda,tDoLtk2ylu4,Central Ethiopia,30,0,0,NA,0,TRUE,FALSE,FALSE
WzfODk1U8eb,Nahor Medium Clinic,XU2wpLlX4Vk,Oromia,1,0,0,NA,0,TRUE,FALSE,FALSE
X2bAk3usZeC,Ewa Woreda,UFtGyqJMEZh,Afar,22,0,0,NA,0,TRUE,FALSE,FALSE
X40zlB554a8,Andibara Ersha Lemat Clinic,a2QIIR2UXcd,South Ethiopia,0,0,0,NA,0,FALSE,FALSE,FALSE
X7aswLWgOEj,Melka Oda General Hospital,XU2wpLlX4Vk,Oromia,20,0,1,NA,0,TRUE,FALSE,FALSE
XBpbhRe0JjH,Gada Medium Clinic,XU2wpLlX4Vk,Oromia,8,0,0,NA,0,TRUE,FALSE,FALSE
XDoS7KRACu2,Ginbot 20 Health center,yY9BLUUegel,Addis Ababa,0,0,0,NA,0,FALSE,FALSE,FALSE
XFOAGoMcSvl,Selam Childrens Village Medium Clinic,yY9BLUUegel,Addis Ababa,0,0,0,NA,0,FALSE,FALSE,FALSE
XFpsb8gnHSh,Hawella Woreda,xNUoZIrGKxQ,Sidama,34,0,0,NA,0,TRUE,FALSE,FALSE
XJ9PU2JsFgO,Berges Medium Clinic,yY9BLUUegel,Addis Ababa,4,0,0,NA,0,TRUE,FALSE,FALSE
XKh8VdH76C4,Herewa Senje_PHCU,XU2wpLlX4Vk,Oromia,6,0,0,NA,0,TRUE,FALSE,FALSE
XM4U0PrDaWY,Afiya Medium Clinic,XU2wpLlX4Vk,Oromia,2,0,0,NA,0,TRUE,FALSE,FALSE
XP0X9buFW7c,Filtu General Hospital,PCKGSJoNHXi,Somali,22,7,6,0.8571428571428571,1,TRUE,TRUE,FALSE
XPbzVpiusEw,Qubi Woreda,PCKGSJoNHXi,Somali,36,1,1,1,0,TRUE,TRUE,FALSE
XQM5FlB5x3m,Haru Woreda,XU2wpLlX4Vk,Oromia,65,0,0,NA,0,TRUE,FALSE,FALSE
XRNx6FtUSvf,Yayo Woreda,XU2wpLlX4Vk,Oromia,32,0,0,NA,0,TRUE,FALSE,FALSE
XRPFsFHRCIF,Meki Town,XU2wpLlX4Vk,Oromia,12,11,0,0,11,TRUE,TRUE,FALSE
XTDQ6q355ZK,Birhan Medium Clinic,XU2wpLlX4Vk,Oromia,6,0,0,NA,0,TRUE,FALSE,FALSE
XU5hpGSwMri,Seid Medium Clinic,yb9NKGA8uqt,Amhara,8,0,0,NA,0,TRUE,FALSE,FALSE
XVBeukn9W6P,Yeron Medium Clinic,XU2wpLlX4Vk,Oromia,0,0,0,NA,0,FALSE,FALSE,FALSE
XXLBUeoUwKi,Kayo Primary Clinic,XU2wpLlX4Vk,Oromia,0,0,0,NA,0,FALSE,FALSE,FALSE
XXekmmKecTK,Abaya Campus Medium Clinic,a2QIIR2UXcd,South Ethiopia,1,0,0,NA,0,TRUE,FALSE,FALSE
XYdOEDE7517,Amaya Woreda,XU2wpLlX4Vk,Oromia,42,0,0,NA,0,TRUE,FALSE,FALSE
XbReGepztfc,Enor Woreda,tDoLtk2ylu4,Central Ethiopia,80,0,0,NA,0,TRUE,FALSE,FALSE
XcRy3fphDDg,Zegie_PHCU,yb9NKGA8uqt,Amhara,3,0,0,NA,0,TRUE,FALSE,FALSE
XdrMYi0andJ,Adwa Woreda,Gmw0DJLXGtx,Tigray,114,0,0,NA,0,TRUE,FALSE,FALSE
XeCIuHg1SMF,Wondogenet Town,xNUoZIrGKxQ,Sidama,22,4,0,0,4,TRUE,TRUE,FALSE
XfEQNFQWW4b,Bete Sahel Medium Clinic,yY9BLUUegel,Addis Ababa,0,0,0,NA,0,FALSE,FALSE,FALSE
XghbplrH0xp,Dankaka_PHCU,XU2wpLlX4Vk,Oromia,2,0,0,NA,0,TRUE,FALSE,FALSE
XkDWn9i1C3G,Naeder woreda,Gmw0DJLXGtx,Tigray,82,0,0,NA,0,TRUE,FALSE,FALSE
XkUWJyHFbze,Chabi_PHCU,XU2wpLlX4Vk,Oromia,1,0,0,NA,0,TRUE,FALSE,FALSE
XlWCYTWQ2yo,Iman Medium Clinic,yb9NKGA8uqt,Amhara,0,0,0,NA,0,FALSE,FALSE,FALSE
Xm0dZY7PuZ2,Oliyad Medium Clinic,XU2wpLlX4Vk,Oromia,9,0,0,NA,0,TRUE,FALSE,FALSE
XmxjAw1GsHd,Time Maternal And Child Health And Surgery Specialty Center,yY9BLUUegel,Addis Ababa,15,0,0,NA,0,TRUE,FALSE,FALSE
XoMDm89AwO9,Shayamba Kilena_PHCU,a2QIIR2UXcd,South Ethiopia,9,0,0,NA,0,TRUE,FALSE,FALSE
Xqe4Xz8KAxC,Aba Jifar Medium Cilinic PLC,XU2wpLlX4Vk,Oromia,1,0,0,NA,0,TRUE,FALSE,FALSE
Xr2Im99CCXn,Chifra Woreda,UFtGyqJMEZh,Afar,55,36,0,0,36,TRUE,TRUE,FALSE
XrjS8LwOQwx,Addisu Medium Clinic,XU2wpLlX4Vk,Oromia,0,0,0,NA,0,FALSE,FALSE,FALSE
XsgWyMmjZ0H,Grand Assosa Medium Clinic,Fccw8uMlJHN,Benishangul-Gumuz,0,0,0,NA,0,FALSE,FALSE,FALSE
XshaUf7AXvg,Dawa Medium Clinic,XU2wpLlX4Vk,Oromia,4,0,0,NA,0,TRUE,FALSE,FALSE
XttvXTi02FV,Gondar Zuriya Woreda,yb9NKGA8uqt,Amhara,163,0,0,NA,0,TRUE,FALSE,FALSE
XvcKAKjmFIY,Wereda 07 Health Center,yY9BLUUegel,Addis Ababa,3,0,0,NA,0,TRUE,FALSE,FALSE
XwYord235Zj,Gedo General Hospital,XU2wpLlX4Vk,Oromia,21,2,1,0.5,1,TRUE,TRUE,FALSE
XxPhGqOobTW,Wendimamachoch Primary Clinic _Duplicate,XU2wpLlX4Vk,Oromia,1,0,0,NA,0,TRUE,FALSE,FALSE
XyLTQZh3IlC,Adet Woreda,Gmw0DJLXGtx,Tigray,104,7,5,0.7142857142857143,2,TRUE,TRUE,FALSE
XzZavij1Meq,Fikreselam General Hospital,yY9BLUUegel,Addis Ababa,20,0,0,NA,0,TRUE,FALSE,FALSE
Y0hkiUC2u72,Noh Surgical and Gynecology & Obstetric Specialty Center,XU2wpLlX4Vk,Oromia,23,0,0,NA,0,TRUE,FALSE,FALSE
Y0wswfIYENu,Fonko Town Administration,tDoLtk2ylu4,Central Ethiopia,26,0,0,NA,0,TRUE,FALSE,FALSE
Y15RaeRlkEc,Gadab Medium Clinic,XU2wpLlX4Vk,Oromia,2,0,0,NA,0,TRUE,FALSE,FALSE
Y21NAJAnoMp,Tsedey Speciality Clinic_closed,yY9BLUUegel,Addis Ababa,0,0,0,NA,0,FALSE,FALSE,FALSE
Y2F5nMqTZyC,Laga Hidha Woreda,XU2wpLlX4Vk,Oromia,49,1,0,0,1,TRUE,TRUE,FALSE
Y2jYrAWsmiT,Bole Sub City,XU2wpLlX4Vk,Oromia,33,13,0,0,13,TRUE,TRUE,FALSE
Y2wVrwOPeqZ,Faye Medium Clinic,XU2wpLlX4Vk,Oromia,1,0,0,NA,0,TRUE,FALSE,FALSE
Y3dV1Rxxfrk,Beteseb Primary Clinic,XU2wpLlX4Vk,Oromia,1,0,0,NA,0,TRUE,FALSE,FALSE
Y4mKGistWej,Habesha OBY/Gyne Special Clinic,yb9NKGA8uqt,Amhara,0,0,0,NA,0,FALSE,FALSE,FALSE
Y5GZDwU3sxN,Gemechis Woreda,XU2wpLlX4Vk,Oromia,101,3,0,0,3,TRUE,TRUE,FALSE
Y69StnKAafk,Abenezer Primary Clinic,XU2wpLlX4Vk,Oromia,0,0,0,NA,0,FALSE,FALSE,FALSE
Y6aJwhuxiAC,Ebisaf Primary Clinic,XU2wpLlX4Vk,Oromia,0,0,0,NA,0,FALSE,FALSE,FALSE
Y7JVnatXFoT,Safe Care Medium clinic,XU2wpLlX4Vk,Oromia,0,0,0,NA,0,FALSE,FALSE,FALSE
Y9hEQne6Fzq,Shebel Berenta Primary Hospital,yb9NKGA8uqt,Amhara,22,0,0,NA,0,TRUE,FALSE,FALSE
YCBWmpgtNfU,Butajira General Hospital,tDoLtk2ylu4,Central Ethiopia,22,1,1,1,0,TRUE,TRUE,FALSE
YCQbiz8Ponr,Raya Kobo Woreda,yb9NKGA8uqt,Amhara,229,4,2,0.5,2,TRUE,TRUE,FALSE
YCb4sfDOYSL,Abida Woreda,UFtGyqJMEZh,Afar,27,0,0,NA,0,TRUE,FALSE,FALSE
YCbgPCEpbmU,Raya Alamata Woreda,Gmw0DJLXGtx,Tigray,90,0,0,NA,0,TRUE,FALSE,FALSE
YD1AmLWRxS1,Feresbet Primary Hospital,yb9NKGA8uqt,Amhara,23,2,1,0.5,1,TRUE,TRUE,FALSE
YDaIbZVdmtv,Wotign_PHCU,tDoLtk2ylu4,Central Ethiopia,15,84,60,0.7142857142857143,24,TRUE,TRUE,FALSE
YFdcXdWfu5n,Lancet General Hospital,yY9BLUUegel,Addis Ababa,22,1,1,1,0,TRUE,TRUE,FALSE
YGEEBWG8VgW,Hararey Woreda,PCKGSJoNHXi,Somali,15,0,0,NA,0,TRUE,FALSE,FALSE
YGnFciiUHJd,Yetsehay Menegesha Metasebiya Medium Clinic,yY9BLUUegel,Addis Ababa,0,0,0,NA,0,FALSE,FALSE,FALSE
YJdkmgHrLTA,Chomen Guduru Woreda,XU2wpLlX4Vk,Oromia,69,6,5,0.8333333333333334,1,TRUE,TRUE,FALSE
YJp3MF0Pn7m,Grand Valley Primary Hospital PLC,XU2wpLlX4Vk,Oromia,15,0,0,NA,0,TRUE,FALSE,FALSE
YM1tP7H51Xt,Kolfe woreda 1 DIC_Closed,yY9BLUUegel,Addis Ababa,0,0,0,NA,0,FALSE,FALSE,FALSE
YPEbdXoaLcM,Amba Medium Clinic,yY9BLUUegel,Addis Ababa,0,0,0,NA,0,FALSE,FALSE,FALSE
YPHKmNVPRUj,Dabo Hana Woreda,XU2wpLlX4Vk,Oromia,21,0,0,NA,0,TRUE,FALSE,FALSE
YQZVJS11WcV,Genene Medium Clinic,XU2wpLlX4Vk,Oromia,0,0,0,NA,0,FALSE,FALSE,FALSE
YQhPHVUrB3B,Tamikinal Afiya Mediun Clinic,XU2wpLlX4Vk,Oromia,0,0,0,NA,0,FALSE,FALSE,FALSE
YRF0OAPIryh,Meshenti_PHCU,yb9NKGA8uqt,Amhara,22,0,0,NA,0,TRUE,FALSE,FALSE
YRb8SIsE4hh,Ansas Midium Clinic Or Dr Tekile,yb9NKGA8uqt,Amhara,5,0,0,NA,0,TRUE,FALSE,FALSE
YRnkWKEUIBB,Brothers Primary Clinic,XU2wpLlX4Vk,Oromia,4,0,0,NA,0,TRUE,FALSE,FALSE
YSMblcG6skL,Germet OBY/GYN sp.clinic,yY9BLUUegel,Addis Ababa,8,0,0,NA,0,TRUE,FALSE,FALSE
YT9TMwBNSVK,Magale Woreda,UFtGyqJMEZh,Afar,44,0,0,NA,0,TRUE,FALSE,FALSE
YTQUU6rIDNW,Bure Woreda,XU2wpLlX4Vk,Oromia,13,0,0,NA,0,TRUE,FALSE,FALSE
YU934B6beai,Nono Benja Woreda,XU2wpLlX4Vk,Oromia,131,0,0,NA,0,TRUE,FALSE,FALSE
YUg9rrHMmr2,Taltele Primary Hospital,XU2wpLlX4Vk,Oromia,21,9,0,0,9,TRUE,TRUE,FALSE
YUuIdcmUuqY,Toke Kutaye Woreda,XU2wpLlX4Vk,Oromia,39,0,0,NA,0,TRUE,FALSE,FALSE
YVIOa3KKfYX,BahirDar Textile Medium Clinic,yb9NKGA8uqt,Amhara,0,0,0,NA,0,FALSE,FALSE,FALSE
YVLeolOHOsm,Arbaminch Cherkacherk Clinic,a2QIIR2UXcd,South Ethiopia,0,0,0,NA,0,FALSE,FALSE,FALSE
YW2pwsWQouI,Omega Care Meduim Clinic PLC,yY9BLUUegel,Addis Ababa,0,0,0,NA,0,FALSE,FALSE,FALSE
YWzsiChBXbI,Yoya Primary Hospital,XU2wpLlX4Vk,Oromia,4,0,0,NA,0,TRUE,FALSE,FALSE
YYHyeGGKddm,Tahtay Adyabo Woreda,Gmw0DJLXGtx,Tigray,50,0,0,NA,0,TRUE,FALSE,FALSE
YZs2QFUUaRv,Shimbit_PHCU,yb9NKGA8uqt,Amhara,3,0,0,NA,0,TRUE,FALSE,FALSE
YbVhd8wJNTR,Odayaa Health Center,a2QIIR2UXcd,South Ethiopia,9,0,0,NA,0,TRUE,FALSE,FALSE
YcqxkdXEU2y,Jajura Town Administration,tDoLtk2ylu4,Central Ethiopia,31,0,0,NA,0,TRUE,FALSE,FALSE
Ye0ZsAlUPKF,Alembank Health Center,yY9BLUUegel,Addis Ababa,2,0,0,NA,0,TRUE,FALSE,FALSE
YejPlxRqNmn,Lafto Medhanialem Medium Clinic,yY9BLUUegel,Addis Ababa,1,0,0,NA,0,TRUE,FALSE,FALSE
YfeMkHqdwBJ,Axum Town Woreda,Gmw0DJLXGtx,Tigray,52,0,0,NA,0,TRUE,FALSE,FALSE
YjR2m0UrewX,Kiya Medium Clinic,Fccw8uMlJHN,Benishangul-Gumuz,0,0,0,NA,0,FALSE,FALSE,FALSE
YkIQRHoRxEs,Hayat Medium Clinic,XU2wpLlX4Vk,Oromia,1,0,0,NA,0,TRUE,FALSE,FALSE
Ykrele0s8yJ,Menge Woreda,Fccw8uMlJHN,Benishangul-Gumuz,78,1,0,0,1,TRUE,TRUE,FALSE
YlE2O9VC03v,Entoto Godana Medium Clinic,yY9BLUUegel,Addis Ababa,0,0,0,NA,0,FALSE,FALSE,FALSE
YmUsWJJtrSr,Amen Medium Clinic,Fccw8uMlJHN,Benishangul-Gumuz,0,0,0,NA,0,FALSE,FALSE,FALSE
Yo4KykKnOZf,Robe Medium Clinic,XU2wpLlX4Vk,Oromia,2,0,0,NA,0,TRUE,FALSE,FALSE
YoBcpCWc3yz,Gietachew and His Family Medium Clinic,yb9NKGA8uqt,Amhara,5,0,0,NA,0,TRUE,FALSE,FALSE
YoOyibIQkwb,Dawe Kachen Woreda,XU2wpLlX4Vk,Oromia,39,0,0,NA,0,TRUE,FALSE,FALSE
Yph9VyYe3D6,Teppi General Hospital,HIlnt7Qj8do,South West Ethiopia,22,1,1,1,0,TRUE,TRUE,FALSE
YqBxUXWKFqr,Dry port medium Clinic,XU2wpLlX4Vk,Oromia,0,0,0,NA,0,FALSE,FALSE,FALSE
YqCikUqEb7y,Injibara Town,yb9NKGA8uqt,Amhara,35,0,0,NA,0,TRUE,FALSE,FALSE
YqNyKBY20vV,Dara Otilcho Woreda,xNUoZIrGKxQ,Sidama,54,6,0,0,6,TRUE,TRUE,FALSE
YrhWjN7wgh8,Hiwot Medium clinic,yb9NKGA8uqt,Amhara,0,0,0,NA,0,FALSE,FALSE,FALSE
YsLNrBKJ1kW,Umahat Specialty Clinic,yY9BLUUegel,Addis Ababa,0,0,0,NA,0,FALSE,FALSE,FALSE
YsSxpMvVhqf,Awash Obstetrics and Gynecology Clinic,b9nYedsL8te,Harari,0,0,0,NA,0,FALSE,FALSE,FALSE
YtQVx5vQ8sd,Diga Woreda,XU2wpLlX4Vk,Oromia,84,0,0,NA,0,TRUE,FALSE,FALSE
Yu2269gRmo3,Tulu Dima Medium Clinic,XU2wpLlX4Vk,Oromia,4,0,0,NA,0,TRUE,FALSE,FALSE
YvcTKKVMXyC,Carbico Medium Clinic,yb9NKGA8uqt,Amhara,0,0,0,NA,0,FALSE,FALSE,FALSE
YvcXNCGUlEb,Gifty Obstetric And Gynecologic Specialty Clinic,b9nYedsL8te,Harari,1,0,0,NA,0,TRUE,FALSE,FALSE
YwasgyF37ob,Dabat Primary Hospital,yb9NKGA8uqt,Amhara,7,2,0,0,2,TRUE,TRUE,FALSE
YzUfZZbylCS,Dr Alemayehu St Georges Primary Clinic,XU2wpLlX4Vk,Oromia,3,0,0,NA,0,TRUE,FALSE,FALSE
Z17gMpUNCcm,Kidanamihirat Medium clinic,XU2wpLlX4Vk,Oromia,9,0,0,NA,0,TRUE,FALSE,FALSE
Z17gUWoHCBW,Dangur Woreda,Fccw8uMlJHN,Benishangul-Gumuz,8,0,0,NA,0,TRUE,FALSE,FALSE
Z3eJ6q0TrTa,Fitche Town,XU2wpLlX4Vk,Oromia,7,0,0,NA,0,TRUE,FALSE,FALSE
Z4HP6dPfQ8l,Amanuel Medium Clinic,XU2wpLlX4Vk,Oromia,8,0,0,NA,0,TRUE,FALSE,FALSE
Z4O47cqCjLm,Eyor MCH And Internal Medicine Specialty Center,XU2wpLlX4Vk,Oromia,19,0,0,NA,0,TRUE,FALSE,FALSE
Z6IujmNj8Gq,Harar Specialty Clinic,b9nYedsL8te,Harari,0,0,0,NA,0,FALSE,FALSE,FALSE
Z6mixlRMY7S,Qalafo Woreda,PCKGSJoNHXi,Somali,79,0,0,NA,0,TRUE,FALSE,FALSE
Z8LPIZ8dRhr,Ararso Woreda,PCKGSJoNHXi,Somali,21,0,0,NA,0,TRUE,FALSE,FALSE
Z92QrxBbCUf,Chencha Town Adminstration,a2QIIR2UXcd,South Ethiopia,47,5,0,0,5,TRUE,TRUE,FALSE
ZBsJz7yToKp,Best Care Medium Clinic,yY9BLUUegel,Addis Ababa,0,0,0,NA,0,FALSE,FALSE,FALSE
ZCL5OQPF2rX,Arbaminch Zuria Woreda,a2QIIR2UXcd,South Ethiopia,54,1,1,1,0,TRUE,TRUE,FALSE
ZDGz6P9hLaE,Robot Medium Clinic,XU2wpLlX4Vk,Oromia,0,0,0,NA,0,FALSE,FALSE,FALSE
ZEW7POXJyiQ,Wacha Town Adminstration,HIlnt7Qj8do,South West Ethiopia,14,0,0,NA,0,TRUE,FALSE,FALSE
ZFrkXPsxpip,Midaweremo Primary Hospital,yb9NKGA8uqt,Amhara,22,0,0,NA,0,TRUE,FALSE,FALSE
ZGalLBvx7c1,Ebantu Woreda,XU2wpLlX4Vk,Oromia,60,3,0,0,3,TRUE,TRUE,FALSE
ZGgWOUJYKOY,Biftu Primary Clinic,XU2wpLlX4Vk,Oromia,1,0,0,NA,0,TRUE,FALSE,FALSE
ZH6kxfRYWoI,Betaigizabher Primary Clinic,XU2wpLlX4Vk,Oromia,10,0,0,NA,0,TRUE,FALSE,FALSE
ZHMfuaz3PJ4,Dedo Primary Hospital,XU2wpLlX4Vk,Oromia,20,1,0,0,1,TRUE,TRUE,FALSE
ZJRLne11iSe,Olana Medium Clinic,XU2wpLlX4Vk,Oromia,1,0,0,NA,0,TRUE,FALSE,FALSE
ZJuL1c2i0iw,Wogera Primary Hospital,yb9NKGA8uqt,Amhara,22,2,0,0,2,TRUE,TRUE,FALSE
ZKs4DqcqpMb,Biftu Medium Clinic,yY9BLUUegel,Addis Ababa,0,0,0,NA,0,FALSE,FALSE,FALSE
ZLD6FogwiZ7,Bambasi Woreda,Fccw8uMlJHN,Benishangul-Gumuz,45,6,0,0,6,TRUE,TRUE,FALSE
ZODv76H9vww,Chacha_PHCU,yb9NKGA8uqt,Amhara,19,0,0,NA,0,TRUE,FALSE,FALSE
ZOT44I9kDhA,Zaba Gazo Woreda,HIlnt7Qj8do,South West Ethiopia,32,0,0,NA,0,TRUE,FALSE,FALSE
ZQrbElnWYf4,Becho Woreda,XU2wpLlX4Vk,Oromia,10,0,0,NA,0,TRUE,FALSE,FALSE
ZQvRzWBwxGY,Boku Shenen Sub City,XU2wpLlX4Vk,Oromia,22,0,0,NA,0,TRUE,FALSE,FALSE
ZRdx6qIILcE,Global Medium Clinic,yY9BLUUegel,Addis Ababa,0,0,0,NA,0,FALSE,FALSE,FALSE
ZSGTBgw9xlV,Hanaba Medium Clinic,yY9BLUUegel,Addis Ababa,4,0,0,NA,0,TRUE,FALSE,FALSE
ZTHXX7dQane,Sheko Woreda,HIlnt7Qj8do,South West Ethiopia,46,1,0,0,1,TRUE,TRUE,FALSE
ZTQwfdkqnfO,Jeju Woreda,XU2wpLlX4Vk,Oromia,44,1,1,1,0,TRUE,TRUE,FALSE
ZTovBHQscVk,Doctor Wossen Ophthalmology Specialty Clinic,yb9NKGA8uqt,Amhara,0,0,0,NA,0,FALSE,FALSE,FALSE
ZW4ieMbjxkD,Wadara Woreda,XU2wpLlX4Vk,Oromia,83,0,0,NA,0,TRUE,FALSE,FALSE
ZWZFeTcW97J,Birhan Primary Clinic,XU2wpLlX4Vk,Oromia,0,0,0,NA,0,FALSE,FALSE,FALSE
ZYJlMAAQjdW,Zahra Medium Clinic,XU2wpLlX4Vk,Oromia,15,1,1,1,0,TRUE,TRUE,FALSE
ZYmgiVDYTlC,Damot Sore Woreda,a2QIIR2UXcd,South Ethiopia,72,0,0,NA,0,TRUE,FALSE,FALSE
ZYpxcv3Y3Ja,Qabribayah town Woreda,PCKGSJoNHXi,Somali,0,0,0,NA,0,FALSE,FALSE,FALSE
ZblaNbW3ZLd,Fentale Woreda,XU2wpLlX4Vk,Oromia,87,0,0,NA,0,TRUE,FALSE,FALSE
Zeh5nSlMdiG,Hidase Fire Health Center,yY9BLUUegel,Addis Ababa,5,0,0,NA,0,TRUE,FALSE,FALSE
Zf3pz5ChgnZ,Gibe Woreda,tDoLtk2ylu4,Central Ethiopia,29,0,0,NA,0,TRUE,FALSE,FALSE
Zf8LKJBrQ3S,Ferensay Around_PHCU,yY9BLUUegel,Addis Ababa,23,0,0,NA,0,TRUE,FALSE,FALSE
ZfR3OidjBWM,Dagmawi Minilik_PHCU,yb9NKGA8uqt,Amhara,12,0,0,NA,0,TRUE,FALSE,FALSE
Zg86D11zNAA,Sholla Kodo_PHCU,a2QIIR2UXcd,South Ethiopia,5,0,0,NA,0,TRUE,FALSE,FALSE
ZgjMVfHyrKB,Offa Woreda,a2QIIR2UXcd,South Ethiopia,90,2,1,0.5,1,TRUE,TRUE,FALSE
ZgxJSeZ258j,Kuyu Woreda,XU2wpLlX4Vk,Oromia,55,0,0,NA,0,TRUE,FALSE,FALSE
ZiG3KVVT3lN,Mubarak Woreda,PCKGSJoNHXi,Somali,26,1,0,0,1,TRUE,TRUE,FALSE
ZiutV2ygePE,Dr.Mekonin Medium Cilinic,yY9BLUUegel,Addis Ababa,0,0,0,NA,0,FALSE,FALSE,FALSE
ZkLb0LZ3EfC,Addis Ababa University Health Center,yY9BLUUegel,Addis Ababa,0,0,0,NA,0,FALSE,FALSE,FALSE
ZlF40SH8FZy,Alem Ketema Enat General Hospital,yb9NKGA8uqt,Amhara,23,2,1,0.5,1,TRUE,TRUE,FALSE
ZloZh3ocWic,Dr. Dereje Higher Clinic,yb9NKGA8uqt,Amhara,0,0,0,NA,0,FALSE,FALSE,FALSE
Zm9oy6GyOAk,Oda Bultum Primary Clinic,XU2wpLlX4Vk,Oromia,1,0,0,NA,0,TRUE,FALSE,FALSE
ZmFe3dnogJb,Deri Saja Zuria Woreda,tDoLtk2ylu4,Central Ethiopia,8,0,0,NA,0,TRUE,FALSE,FALSE
Zmnvr7150Zf,Ezha Woreda,tDoLtk2ylu4,Central Ethiopia,35,1,0,0,1,TRUE,TRUE,FALSE
ZnTePnF0DtR,Gazer Town Administration,a2QIIR2UXcd,South Ethiopia,19,0,0,NA,0,TRUE,FALSE,FALSE
Zoc8eEi268e,Shewaye Medium Clinic,a2QIIR2UXcd,South Ethiopia,0,0,0,NA,0,FALSE,FALSE,FALSE
ZohRPxd6iEB,Nigist Zewuditu Primary Hospital,yb9NKGA8uqt,Amhara,23,0,0,NA,0,TRUE,FALSE,FALSE
Zp9GJ4x9PAD,Shone Town Administration,tDoLtk2ylu4,Central Ethiopia,14,0,0,NA,0,TRUE,FALSE,FALSE
ZrWZFsmPlF5,TZNA General Hospital,yY9BLUUegel,Addis Ababa,21,0,0,NA,0,TRUE,FALSE,FALSE
ZrYmTu6jjC9,Ilu Primary Hospital,XU2wpLlX4Vk,Oromia,7,0,0,NA,0,TRUE,FALSE,FALSE
Zsj29b15kLz,Mirab Soro Woreda,tDoLtk2ylu4,Central Ethiopia,0,1,0,0,1,FALSE,TRUE,TRUE
ZuLtQXMCPS3,BM Medium Clinic,XU2wpLlX4Vk,Oromia,0,0,0,NA,0,FALSE,FALSE,FALSE
ZxMW8GAcIPb,Hababo Guduru Woreda,XU2wpLlX4Vk,Oromia,25,0,0,NA,0,TRUE,FALSE,FALSE
Zykb5JUM02m,Kal Kidan Medium Clinic,a2QIIR2UXcd,South Ethiopia,0,0,0,NA,0,FALSE,FALSE,FALSE
ZyqIxB128D8,Salamago Woreda,a2QIIR2UXcd,South Ethiopia,33,0,1,NA,0,TRUE,FALSE,FALSE
a0XdLenJaJ5,Gelead Medium Clinic,a2QIIR2UXcd,South Ethiopia,0,0,0,NA,0,FALSE,FALSE,FALSE
a173eWTRLkH,Galhamur Woreda,PCKGSJoNHXi,Somali,13,4,2,0.5,2,TRUE,TRUE,FALSE
a1jvNfHk11T,Welin Medium Clinic,XU2wpLlX4Vk,Oromia,0,0,0,NA,0,FALSE,FALSE,FALSE
a2wYjN8908Q,Yejubie Primary Hospital,yb9NKGA8uqt,Amhara,21,1,0,0,1,TRUE,TRUE,FALSE
a3OaSQf1UzR,Atse Seyfe Ared_PHCU,yb9NKGA8uqt,Amhara,4,0,0,NA,0,TRUE,FALSE,FALSE
a57WDKIEqY3,Gidami Primary Hospital,XU2wpLlX4Vk,Oromia,29,1,0,0,1,TRUE,TRUE,FALSE
a5aph2leR1B,Doctor.Abdulkerim Medium clinic,yb9NKGA8uqt,Amhara,0,0,0,NA,0,FALSE,FALSE,FALSE
a5isrch2rFY,Uraga Primary Hospital,XU2wpLlX4Vk,Oromia,11,5,1,0.2,4,TRUE,TRUE,FALSE
a5o1kNYKD70,Bishari Medium Clinic,XU2wpLlX4Vk,Oromia,1,0,0,NA,0,TRUE,FALSE,FALSE
a6A7VpWxxgC,Inchini Primary Hospital,XU2wpLlX4Vk,Oromia,23,2,2,1,0,TRUE,TRUE,FALSE
a9UGlP5nDkz,St. Michael Internal Medicine Specialty Clinic,XU2wpLlX4Vk,Oromia,2,0,0,NA,0,TRUE,FALSE,FALSE
aAb4GV8arg0,Butajira Town,tDoLtk2ylu4,Central Ethiopia,59,0,0,NA,0,TRUE,FALSE,FALSE
aBPjqpptxK2,Toga_PHCU,XU2wpLlX4Vk,Oromia,0,0,0,NA,0,FALSE,FALSE,FALSE
aBQnfUertnz,Bachore Medium Clinic,XU2wpLlX4Vk,Oromia,0,0,0,NA,0,FALSE,FALSE,FALSE
aDKG1FckkXN,Mariestopes Medium Clinic,XU2wpLlX4Vk,Oromia,0,0,0,NA,0,FALSE,FALSE,FALSE
aDOKRWqqq3K,Debrebirhan Univercity Medium Clinic,yb9NKGA8uqt,Amhara,1,0,0,NA,0,TRUE,FALSE,FALSE
aKUTN8yKh7y,Geneme_PHCU,a2QIIR2UXcd,South Ethiopia,8,0,0,NA,0,TRUE,FALSE,FALSE
aLNBll8MaEf,Zenbaba Dental Medium clinic,yb9NKGA8uqt,Amhara,0,0,0,NA,0,FALSE,FALSE,FALSE
aM5zMHyGdlq,Debaytilatgin Woreda,yb9NKGA8uqt,Amhara,146,0,0,NA,0,TRUE,FALSE,FALSE
aOT4W268OIz,Jimma Universal Primary Clinic,XU2wpLlX4Vk,Oromia,0,0,0,NA,0,FALSE,FALSE,FALSE
aOgizoZLVX4,Cheleleki_PHCU,XU2wpLlX4Vk,Oromia,7,0,0,NA,0,TRUE,FALSE,FALSE
aQQCjCkKqEO,Mariestops Medium Clinic,XU2wpLlX4Vk,Oromia,14,0,0,NA,0,TRUE,FALSE,FALSE
aRjZjn0iBB1,Abayneh Primary Clinic,XU2wpLlX4Vk,Oromia,0,0,0,NA,0,FALSE,FALSE,FALSE
aUdfkdqIzh6,Dubbo Primary Hospital,a2QIIR2UXcd,South Ethiopia,15,0,0,NA,0,TRUE,FALSE,FALSE
aVEYpkUIc5V,Libokemkem Woreda,yb9NKGA8uqt,Amhara,141,9,0,0,9,TRUE,TRUE,FALSE
aW8Fum6t3wi,Guba Lafto Woreda,yb9NKGA8uqt,Amhara,166,10,0,0,10,TRUE,TRUE,FALSE
aWIkrNOhLW9,Addis Hiwot Pirmary Clinic,yY9BLUUegel,Addis Ababa,0,0,0,NA,0,FALSE,FALSE,FALSE
aWs5R6as7eP,Chancho Town,XU2wpLlX4Vk,Oromia,109,0,0,NA,0,TRUE,FALSE,FALSE
aYuHZGLlT27,Wuseta_PHCU,yb9NKGA8uqt,Amhara,20,0,0,NA,0,TRUE,FALSE,FALSE
aYzlYwItXw2,Wonji Primary Hospital,XU2wpLlX4Vk,Oromia,3,0,0,NA,0,TRUE,FALSE,FALSE
aaaTIMHqLIY,Enemay Woreda,yb9NKGA8uqt,Amhara,133,5,1,0.2,4,TRUE,TRUE,FALSE
aabyFwIQa0X,Miskayehizunan Medihanialem Medium Clinic,yY9BLUUegel,Addis Ababa,0,0,0,NA,0,FALSE,FALSE,FALSE
acRlhzVA8oR,Babo Gembel Woreda,XU2wpLlX4Vk,Oromia,61,1,0,0,1,TRUE,TRUE,FALSE
aeSRyDGfSsx,Ziquala Abo Medium Clinic,XU2wpLlX4Vk,Oromia,6,0,0,NA,0,TRUE,FALSE,FALSE
aeVeRdU9jW5,Lancet Maternal And Child Health And Surgery Speciality Center,yY9BLUUegel,Addis Ababa,14,0,0,NA,0,TRUE,FALSE,FALSE
afTTa9L8q60,Gedeb Town Woreda Administration,a2QIIR2UXcd,South Ethiopia,25,7,3,0.42857142857142855,4,TRUE,TRUE,FALSE
afcO1aDM8zA,Daroor Woreda,PCKGSJoNHXi,Somali,43,0,0,NA,0,TRUE,FALSE,FALSE
ag4CQo0xqIp,Wawe Dental Medium clinic,yb9NKGA8uqt,Amhara,0,0,0,NA,0,FALSE,FALSE,FALSE
aiD8ZVvo6z0,Habtie Internal Medicine Specialty Clinic,yb9NKGA8uqt,Amhara,0,0,0,NA,0,FALSE,FALSE,FALSE
aifrMxAtFFQ,Kimbibit Woreda,XU2wpLlX4Vk,Oromia,64,0,0,NA,0,TRUE,FALSE,FALSE
airCiNU9r1A,Kidus Gebriel Medium Clnic,moBiwh9h5Ce,Gambella,12,0,0,NA,0,TRUE,FALSE,FALSE
ajjfPX0oFme,Boreda Woreda,a2QIIR2UXcd,South Ethiopia,49,4,0,0,4,TRUE,TRUE,FALSE
akpI8OuVaUp,Midroc Gold Primary Hospital,XU2wpLlX4Vk,Oromia,1,0,0,NA,0,TRUE,FALSE,FALSE
akvF9jqvwc2,Asgede Woreda,Gmw0DJLXGtx,Tigray,81,0,0,NA,0,TRUE,FALSE,FALSE
alqtHl2Mmwg,"NOVA Internal Medicine, Surgery and Pediatrics Specialty Clinic",yb9NKGA8uqt,Amhara,21,0,0,NA,0,TRUE,FALSE,FALSE
anzzk7CYIBg,Harar Oda Medium Clinic,b9nYedsL8te,Harari,0,0,0,NA,0,FALSE,FALSE,FALSE
ap2QYcDD0CA,Fasil Primary Clinic,yb9NKGA8uqt,Amhara,0,0,0,NA,0,FALSE,FALSE,FALSE
apUnXXHIWOF,Kurekure_PHCU,yb9NKGA8uqt,Amhara,2,0,0,NA,0,TRUE,FALSE,FALSE
apYQHd5HHz2,Gerado_PHCU,yb9NKGA8uqt,Amhara,9,0,0,NA,0,TRUE,FALSE,FALSE
aqPCcCk88Ds,Ada Berga Woreda,XU2wpLlX4Vk,Oromia,31,2,2,1,0,TRUE,TRUE,FALSE
atCRjcwspSj,Jeldu Woreda,XU2wpLlX4Vk,Oromia,58,5,1,0.2,4,TRUE,TRUE,FALSE
auGYqCH0mzF,Yehulushet Internal And Nurology Speciality Clinc,yY9BLUUegel,Addis Ababa,0,0,0,NA,0,FALSE,FALSE,FALSE
auZvxxqRqfh,Sedal Woreda,Fccw8uMlJHN,Benishangul-Gumuz,16,0,0,NA,0,TRUE,FALSE,FALSE
avtiQb8tYys,Al Afdel Medium Clinic,yY9BLUUegel,Addis Ababa,0,0,0,NA,0,FALSE,FALSE,FALSE
awX5HsmVjH6,Dhoboweyn Woreda,PCKGSJoNHXi,Somali,4,0,0,NA,0,TRUE,FALSE,FALSE
axaQzvuRfN3,Bemnet Primary Clinic,yY9BLUUegel,Addis Ababa,9,0,0,NA,0,TRUE,FALSE,FALSE
aydDJ9OaVdr,Tsion Medium Clinic,XU2wpLlX4Vk,Oromia,8,0,0,NA,0,TRUE,FALSE,FALSE
b0DAf7HJ87u,Yiheyeseni Medium clinic,yY9BLUUegel,Addis Ababa,0,0,0,NA,0,FALSE,FALSE,FALSE
b1H2X5oxgQC,Sankura Woreda,tDoLtk2ylu4,Central Ethiopia,41,0,0,NA,0,TRUE,FALSE,FALSE
b1myau3JK9K,Dom Medium Clinic,yb9NKGA8uqt,Amhara,22,0,0,NA,0,TRUE,FALSE,FALSE
b43gyJX7Lcx,Gashamo Woreda,PCKGSJoNHXi,Somali,48,0,0,NA,0,TRUE,FALSE,FALSE
b4NX5jdRuLM,Bethel Medium clinic,yb9NKGA8uqt,Amhara,0,0,0,NA,0,FALSE,FALSE,FALSE
b4PcRrCz0WT,Kombolcha Technology Institute Medium Clinic,yb9NKGA8uqt,Amhara,2,0,0,NA,0,TRUE,FALSE,FALSE
b5jglrzT30j,Entoto No.2 Health Center,yY9BLUUegel,Addis Ababa,2,0,0,NA,0,TRUE,FALSE,FALSE
b6Z5Urv3so3,Neksege Woreda,Gmw0DJLXGtx,Tigray,25,0,0,NA,0,TRUE,FALSE,FALSE
b8HVuzoPqWq,Halaba Kulito Town Administration,tDoLtk2ylu4,Central Ethiopia,48,3,0,0,3,TRUE,TRUE,FALSE
b8cflg9Axq4,Shiromeda Health Center,yY9BLUUegel,Addis Ababa,12,0,0,NA,0,TRUE,FALSE,FALSE
b8hS209okXZ,Mendi Twon Woreda,XU2wpLlX4Vk,Oromia,11,0,0,NA,0,TRUE,FALSE,FALSE
bA5lwPjwX88,Bibugn Primary Hospital,yb9NKGA8uqt,Amhara,23,1,0,0,1,TRUE,TRUE,FALSE
bC1llSKlJJy,Melhik Medium Clinic,a2QIIR2UXcd,South Ethiopia,0,0,0,NA,0,FALSE,FALSE,FALSE
bCYws0BCA3v,Aluto Medium Clinic,XU2wpLlX4Vk,Oromia,0,0,0,NA,0,FALSE,FALSE,FALSE
bCqAjm0BnEJ,MTE Medium clinic,XU2wpLlX4Vk,Oromia,0,0,0,NA,0,FALSE,FALSE,FALSE
bDIS6GNeIFz,Aleph ENT Specialty Clinic,yb9NKGA8uqt,Amhara,0,0,0,NA,0,FALSE,FALSE,FALSE
bDuL5dlkAmH,Buremedaytu Woreda,UFtGyqJMEZh,Afar,1,0,0,NA,0,TRUE,FALSE,FALSE
bDwUp7ZNZSr,Janamora Primary Hospital,yb9NKGA8uqt,Amhara,17,2,0,0,2,TRUE,TRUE,FALSE
bEaWisWVQOG,Mekoni Town,Gmw0DJLXGtx,Tigray,26,1,1,1,0,TRUE,TRUE,FALSE
bFrAS2mPbDf,Desalegn Medium Clinic,yb9NKGA8uqt,Amhara,0,0,0,NA,0,FALSE,FALSE,FALSE
bHYm3VubV4J,Adami Tulu Jido Kombolcha Woreda,XU2wpLlX4Vk,Oromia,35,0,0,NA,0,TRUE,FALSE,FALSE
bHnypbiN2MT,Dire Medium Clinic,XU2wpLlX4Vk,Oromia,5,0,0,NA,0,TRUE,FALSE,FALSE
bMYLpYbUj4y,Fasilo Medium Clinic,yb9NKGA8uqt,Amhara,1,0,0,NA,0,TRUE,FALSE,FALSE
bNUQshMgMv7,Langano Medium Clinic,XU2wpLlX4Vk,Oromia,10,0,0,NA,0,TRUE,FALSE,FALSE
bNez8SVlld3,Bekera Medium Clinic,XU2wpLlX4Vk,Oromia,0,0,0,NA,0,FALSE,FALSE,FALSE
bNuSHbQ4dMV,Textile Medium Clinic,yb9NKGA8uqt,Amhara,0,0,0,NA,0,FALSE,FALSE,FALSE
bOhkfm6Ec21,Selam Health Center,yY9BLUUegel,Addis Ababa,5,0,0,NA,0,TRUE,FALSE,FALSE
bOjmBgKBxo6,Gondar_PHCU,yb9NKGA8uqt,Amhara,20,0,0,NA,0,TRUE,FALSE,FALSE
bPKWs69kJ9q,Woreda 11_PHCU,yY9BLUUegel,Addis Ababa,1,0,0,NA,0,TRUE,FALSE,FALSE
bQNs9ivbBHZ,Kebena Health Center,yY9BLUUegel,Addis Ababa,3,0,1,NA,0,TRUE,FALSE,FALSE
bQaRoquEFvw,Ashiber Medium Clinic,yb9NKGA8uqt,Amhara,1,0,0,NA,0,TRUE,FALSE,FALSE
bQiR9rxyxoA,Sof Oumer Medium Clinic,XU2wpLlX4Vk,Oromia,5,0,0,NA,0,TRUE,FALSE,FALSE
bTlavIDPIQs,Amesdo Medium Clinic,yY9BLUUegel,Addis Ababa,0,0,0,NA,0,FALSE,FALSE,FALSE
bVjXFrMNcLH,Chancho Arsi Primary Hospital,XU2wpLlX4Vk,Oromia,22,1,1,1,0,TRUE,TRUE,FALSE
bVsQqjSd3D0,Mertops Medium Clinic,a2QIIR2UXcd,South Ethiopia,0,0,0,NA,0,FALSE,FALSE,FALSE
bWatsmhxeYR,Afambo Woreda,UFtGyqJMEZh,Afar,36,0,0,NA,0,TRUE,FALSE,FALSE
bXet5kIMGKf,Bahir Dar_PHCU,yb9NKGA8uqt,Amhara,5,3,1,0.3333333333333333,2,TRUE,TRUE,FALSE
bYHf4E1HPrL,Emdibir Town,tDoLtk2ylu4,Central Ethiopia,3,0,0,NA,0,TRUE,FALSE,FALSE
bYjvC14qhvn,Enjesa Medium Clinic,a2QIIR2UXcd,South Ethiopia,0,0,0,NA,0,FALSE,FALSE,FALSE
baGI36KaEW7,Samir Medium Clinic,XU2wpLlX4Vk,Oromia,0,0,0,NA,0,FALSE,FALSE,FALSE
balQZZpeYwN,Hidabu Abote Woreda,XU2wpLlX4Vk,Oromia,18,10,0,0,10,TRUE,TRUE,FALSE
bbovJxwqzSE,Daymeed Woreda,PCKGSJoNHXi,Somali,0,0,0,NA,0,FALSE,FALSE,FALSE
bdLBQvOsXTp,Delgi Primary Hospital,yb9NKGA8uqt,Amhara,16,0,0,NA,0,TRUE,FALSE,FALSE
beAWKjZoj2n,Kore Medium Clinic,yY9BLUUegel,Addis Ababa,0,0,0,NA,0,FALSE,FALSE,FALSE
bejxPEtadZS,Dembi Dollo Compernsive Specialized Hospital,XU2wpLlX4Vk,Oromia,19,1,1,1,0,TRUE,TRUE,FALSE
bhlAadENSx5,Moyale_PHCU,XU2wpLlX4Vk,Oromia,21,0,0,NA,0,TRUE,FALSE,FALSE
bhyOc17Rv6z,Meqrez General Hospital,yY9BLUUegel,Addis Ababa,11,0,0,NA,0,TRUE,FALSE,FALSE
bjrWd8u9OLy,Dilla_PHCU,a2QIIR2UXcd,South Ethiopia,3,0,0,NA,0,TRUE,FALSE,FALSE
bkknwaPumBA,Abala City Administration,UFtGyqJMEZh,Afar,48,9,0,0,9,TRUE,TRUE,FALSE
bnSA27XAtWo,Doctor SamuaIe Obstetric And Gynecology Specialty Clinic,yb9NKGA8uqt,Amhara,13,0,0,NA,0,TRUE,FALSE,FALSE
bnVbiPnpwlp,Zata woreda,Gmw0DJLXGtx,Tigray,24,0,0,NA,0,TRUE,FALSE,FALSE
bpqf71O8jUl,Horizen Medium Clinic,XU2wpLlX4Vk,Oromia,0,0,0,NA,0,FALSE,FALSE,FALSE
br5zG1hBtRR,Tenta Woreda,yb9NKGA8uqt,Amhara,130,2,0,0,2,TRUE,TRUE,FALSE
bsZfX3DE6CA,Jardga Jarte Woreda,XU2wpLlX4Vk,Oromia,63,0,0,NA,0,TRUE,FALSE,FALSE
bsh0Ju3GCAc,Yabelo General Hospital,XU2wpLlX4Vk,Oromia,22,1,0,0,1,TRUE,TRUE,FALSE
bt4SMZwAMjW,Befekadu Medium Clinic,Fccw8uMlJHN,Benishangul-Gumuz,0,0,0,NA,0,FALSE,FALSE,FALSE
btEau4TJNvq,Holota Woreda,XU2wpLlX4Vk,Oromia,19,0,0,NA,0,TRUE,FALSE,FALSE
bwSleo5PAaV,Jimma University Comprhenssive Specialized Hospital,XU2wpLlX4Vk,Oromia,23,236,149,0.6313559322033898,87,TRUE,TRUE,FALSE
bwbUh8XWGQi,Yadeta Medium Clinic,XU2wpLlX4Vk,Oromia,1,0,0,NA,0,TRUE,FALSE,FALSE
by33AESbZYY,Kucha Zuria Woreda,a2QIIR2UXcd,South Ethiopia,6,0,0,NA,0,TRUE,FALSE,FALSE
c08B1sxhXIe,Keyro Primary Clinic,XU2wpLlX4Vk,Oromia,0,0,0,NA,0,FALSE,FALSE,FALSE
c0lrpYnPPF0,Erer Woreda,PCKGSJoNHXi,Somali,21,0,0,NA,0,TRUE,FALSE,FALSE
c2Yh7MKi9cM,John Medium Clinic,XU2wpLlX4Vk,Oromia,5,0,0,NA,0,TRUE,FALSE,FALSE
c4TQETQNcau,Essera Bale Town Admnistration,HIlnt7Qj8do,South West Ethiopia,0,0,0,NA,0,FALSE,FALSE,FALSE
c5WADZoR4AE,Hadeleala Woreda,UFtGyqJMEZh,Afar,65,13,1,0.07692307692307693,12,TRUE,TRUE,FALSE
c6Zzks57YSZ,Kacha Birra Woreda,tDoLtk2ylu4,Central Ethiopia,43,0,0,NA,0,TRUE,FALSE,FALSE
c6mhRMjbj0L,Mojo_PHCU,XU2wpLlX4Vk,Oromia,20,0,0,NA,0,TRUE,FALSE,FALSE
cC3TIn6RGJO,Habtamu Medium clinic,XU2wpLlX4Vk,Oromia,9,0,0,NA,0,TRUE,FALSE,FALSE
cCQ5KBl3IlY,Doctor Abdu Ophtalmology Specialty Center,yb9NKGA8uqt,Amhara,1,0,0,NA,0,TRUE,FALSE,FALSE
cEY3Y9Sx6oD,Deder General Hospital,XU2wpLlX4Vk,Oromia,22,2,1,0.5,1,TRUE,TRUE,FALSE
cFh4NjOx53d,Family Guidance Association Ethiopia Medium Clinic,XU2wpLlX4Vk,Oromia,16,73,0,0,73,TRUE,TRUE,FALSE
cFvKJS3j581,Oromia Medium Clinic,XU2wpLlX4Vk,Oromia,1,0,0,NA,0,TRUE,FALSE,FALSE
cI8jmgIf5w4,Qooxle Woreda,PCKGSJoNHXi,Somali,0,0,0,NA,0,FALSE,FALSE,FALSE
cJlPaEpBKPX,Guna Begemidir Woreda,yb9NKGA8uqt,Amhara,70,0,0,NA,0,TRUE,FALSE,FALSE
cJsOvuPq6d5,Arada_PHCU,XU2wpLlX4Vk,Oromia,17,0,0,NA,0,TRUE,FALSE,FALSE
cQdXbc0kmra,Hahayle woreda,Gmw0DJLXGtx,Tigray,25,0,0,NA,0,TRUE,FALSE,FALSE
cQhXkQKHaOE,Selam General Hospital,yb9NKGA8uqt,Amhara,14,0,0,NA,0,TRUE,FALSE,FALSE
cRfJtXbXWna,Selihom Medium Clinic,yY9BLUUegel,Addis Ababa,8,0,0,NA,0,TRUE,FALSE,FALSE
cTQ3wjW1Pzy,Quarit Woreda,yb9NKGA8uqt,Amhara,257,0,0,NA,0,TRUE,FALSE,FALSE
cULug444adv,Amanuel Primary Clinic,XU2wpLlX4Vk,Oromia,5,0,0,NA,0,TRUE,FALSE,FALSE
cWvpgApoQit,dig Woreda,PCKGSJoNHXi,Somali,0,0,0,NA,0,FALSE,FALSE,FALSE
cXL48AMPOR8,Shambu General Hospital,XU2wpLlX4Vk,Oromia,21,11,5,0.45454545454545453,6,TRUE,TRUE,FALSE
ca5D9rvSS3k,Hawi Primary Clinic_Closed,XU2wpLlX4Vk,Oromia,0,0,0,NA,0,FALSE,FALSE,FALSE
ca5jasGzNzT,Jinela health center,b9nYedsL8te,Harari,4,0,0,NA,0,TRUE,FALSE,FALSE
cbaL4pR5VmD,Beteseb Medium Cilinic,XU2wpLlX4Vk,Oromia,0,0,0,NA,0,FALSE,FALSE,FALSE
cbb18EUNgcA,Ambo Primary Clinic,XU2wpLlX4Vk,Oromia,0,0,0,NA,0,FALSE,FALSE,FALSE
ccb4Z5uRc38,Sertie Health Center,yY9BLUUegel,Addis Ababa,19,0,0,NA,0,TRUE,FALSE,FALSE
cceEChyDm79,Agena Town,tDoLtk2ylu4,Central Ethiopia,4,0,0,NA,0,TRUE,FALSE,FALSE
ce0VFeGLddm,Laelay Tselemti,Gmw0DJLXGtx,Tigray,0,0,0,NA,0,FALSE,FALSE,FALSE
ceE4sduuYc0,Eba Medium Clinic,XU2wpLlX4Vk,Oromia,0,0,0,NA,0,FALSE,FALSE,FALSE
cgA716GrX2H,Elshaday Primary Clinic,XU2wpLlX4Vk,Oromia,0,0,0,NA,0,FALSE,FALSE,FALSE
cjkdgFDdi08,Kulufo Camphs Medium Clinic,a2QIIR2UXcd,South Ethiopia,0,0,0,NA,0,FALSE,FALSE,FALSE
ckpcYXJztaV,Ghion Medium Clinic,yb9NKGA8uqt,Amhara,0,0,0,NA,0,FALSE,FALSE,FALSE
clDoVMoc6gP,Hurumu Woreda,XU2wpLlX4Vk,Oromia,16,0,0,NA,0,TRUE,FALSE,FALSE
comFcYgPome,Hagere Mariam Woreda,yb9NKGA8uqt,Amhara,54,0,0,NA,0,TRUE,FALSE,FALSE
cpvPFeDPy2C,Jemal Medium Clinic,XU2wpLlX4Vk,Oromia,8,8,0,0,8,TRUE,TRUE,FALSE
cqDoy9ULUjH,Addismiraf Meduim clinic,yb9NKGA8uqt,Amhara,1,0,0,NA,0,TRUE,FALSE,FALSE
ctN6OyZjuaF,Galgal_PHCU,XU2wpLlX4Vk,Oromia,4,0,0,NA,0,TRUE,FALSE,FALSE
cuR25QaVyLa,Wolaita Sodo Gibirna Technik Muya Teaching Collage Medium Clinic,a2QIIR2UXcd,South Ethiopia,1,0,0,NA,0,TRUE,FALSE,FALSE
d03B2QbUx5F,Tselemti Woreda,Gmw0DJLXGtx,Tigray,0,0,0,NA,0,FALSE,FALSE,FALSE
d0S2s7bM1HA,Legehare_PHCU,G9hDiPNoB7d,Dire Dawa,15,0,0,NA,0,TRUE,FALSE,FALSE
d2EpRUbpeWH,Enerata Primary Clinic,yb9NKGA8uqt,Amhara,7,0,0,NA,0,TRUE,FALSE,FALSE
d2JPTFbMcoA,Arsi University Asella General Hospital,XU2wpLlX4Vk,Oromia,22,284,235,0.8274647887323944,49,TRUE,TRUE,FALSE
d3JKWNUB1Cs,Teklahamanot Health Center,yY9BLUUegel,Addis Ababa,0,0,0,NA,0,FALSE,FALSE,FALSE
d4exdMExQAx,Iman Medium Clinic,XU2wpLlX4Vk,Oromia,6,0,0,NA,0,TRUE,FALSE,FALSE
d4zjSUFQ60Y,Leku General Hospital,xNUoZIrGKxQ,Sidama,17,1,1,1,0,TRUE,TRUE,FALSE
d68YmYP2S0Z,Suri Woreda,HIlnt7Qj8do,South West Ethiopia,0,0,0,NA,0,FALSE,FALSE,FALSE
d68iw2GqKzh,Tewodros Medium Clinic,yb9NKGA8uqt,Amhara,0,0,0,NA,0,FALSE,FALSE,FALSE
d6PoUPwGnC4,Gelemso Town,XU2wpLlX4Vk,Oromia,7,0,0,NA,0,TRUE,FALSE,FALSE
d8jKWcc5LqS,Goro_PHCU,G9hDiPNoB7d,Dire Dawa,80,0,0,NA,0,TRUE,FALSE,FALSE
dA9Zhs7b3mN,Alge Sachi Woreda,XU2wpLlX4Vk,Oromia,36,4,0,0,4,TRUE,TRUE,FALSE
dBSv97rwWf9,Birhan Primary Clinic,XU2wpLlX4Vk,Oromia,0,0,0,NA,0,FALSE,FALSE,FALSE
dG3aa6HUUca,Azezo_PHCU,yb9NKGA8uqt,Amhara,16,0,0,NA,0,TRUE,FALSE,FALSE
dGwbBn4RNU8,Awura Woreda,UFtGyqJMEZh,Afar,31,0,0,NA,0,TRUE,FALSE,FALSE
dHAHdGDGaw9,Tula Woreda,xNUoZIrGKxQ,Sidama,67,15,3,0.2,12,TRUE,TRUE,FALSE
dI3RPEeHcS3,Ibex Primary Hospital,yb9NKGA8uqt,Amhara,22,0,0,NA,0,TRUE,FALSE,FALSE
dJVQJEFZTYR,FGAE clinic,yY9BLUUegel,Addis Ababa,1,0,0,NA,0,TRUE,FALSE,FALSE
dJbBw7tbGbD,Dolo Ado Woreda,PCKGSJoNHXi,Somali,26,0,0,NA,0,TRUE,FALSE,FALSE
dKdwYwgMlru,Menz Keya Gebreal Woreda,yb9NKGA8uqt,Amhara,72,0,0,NA,0,TRUE,FALSE,FALSE
dLYF3Ziscnf,Saris_PHCU,yY9BLUUegel,Addis Ababa,5,0,0,NA,0,TRUE,FALSE,FALSE
dMScEUHgz1J,Wolaita Sodo University Comprehensive Specialized Hospital,a2QIIR2UXcd,South Ethiopia,22,2,2,1,0,TRUE,TRUE,FALSE
dMUGR7n4B85,Dambe Woreda,Fccw8uMlJHN,Benishangul-Gumuz,23,1,0,0,1,TRUE,TRUE,FALSE
dN2cit3vdcr,Kiya Medium Clinic,XU2wpLlX4Vk,Oromia,0,0,0,NA,0,FALSE,FALSE,FALSE
dOpOJjMd2xv,Mohamad Medium Clinic,XU2wpLlX4Vk,Oromia,0,0,0,NA,0,FALSE,FALSE,FALSE
dP9oPp4zOoz,Teticha Woreda,xNUoZIrGKxQ,Sidama,32,6,1,0.16666666666666666,5,TRUE,TRUE,FALSE
dPMLbTToOzf,Samre Wereda,Gmw0DJLXGtx,Tigray,60,0,0,NA,0,TRUE,FALSE,FALSE
dPtff6Q14ip,Gumi Eldalo Woreda,XU2wpLlX4Vk,Oromia,5,0,0,NA,0,TRUE,FALSE,FALSE
dSLlwKmF6hP,Shegole Health Center,yY9BLUUegel,Addis Ababa,8,0,0,NA,0,TRUE,FALSE,FALSE
dU2xNAtgyQx,Dawe Serer Woreda,XU2wpLlX4Vk,Oromia,38,0,0,NA,0,TRUE,FALSE,FALSE
dUHqvwosr6G,Akaki Woreda,XU2wpLlX4Vk,Oromia,2,0,0,NA,0,TRUE,FALSE,FALSE
dUc0RosZIdJ,Tensae Medium Clinic,yY9BLUUegel,Addis Ababa,0,0,0,NA,0,FALSE,FALSE,FALSE
dVGVQW4q0u3,Dara Woreda,xNUoZIrGKxQ,Sidama,100,1,1,1,0,TRUE,TRUE,FALSE
dWV3IOGL4Rp,Awash Fenteale Woreda,UFtGyqJMEZh,Afar,20,0,0,NA,0,TRUE,FALSE,FALSE
dZoHb7zCWf4,Merobis medium clinic,XU2wpLlX4Vk,Oromia,0,0,0,NA,0,FALSE,FALSE,FALSE
dZqugdDRUXk,Lamumma Medium Clinic,XU2wpLlX4Vk,Oromia,0,0,0,NA,0,FALSE,FALSE,FALSE
dbhtLSMBGS2,Gasera Woreda,XU2wpLlX4Vk,Oromia,155,4,0,0,4,TRUE,TRUE,FALSE
dduts0pSS4m,Makuey Woreda,moBiwh9h5Ce,Gambella,42,0,0,NA,0,TRUE,FALSE,FALSE
dgLkJkeWPgv,Enebse Sar Mider Woreda,yb9NKGA8uqt,Amhara,158,0,0,NA,0,TRUE,FALSE,FALSE
diELzchCefw,Mengeshi Woreda,moBiwh9h5Ce,Gambella,21,0,0,NA,0,TRUE,FALSE,FALSE
diViYNznU8E,Gechi Woreda,XU2wpLlX4Vk,Oromia,36,1,0,0,1,TRUE,TRUE,FALSE
dimvqMKD9nH,Ambo Mineral Water S.C Institutional Based Primary Clinic,XU2wpLlX4Vk,Oromia,0,0,0,NA,0,FALSE,FALSE,FALSE
dlWBqkcZHGI,Klite Awlaelo Woreda,Gmw0DJLXGtx,Tigray,44,0,0,NA,0,TRUE,FALSE,FALSE
dm08uGSLF3x,Beyeda Woreda,yb9NKGA8uqt,Amhara,66,0,0,NA,0,TRUE,FALSE,FALSE
dmFgmmI2Ba6,East Meskan Woreda,tDoLtk2ylu4,Central Ethiopia,16,0,0,NA,0,TRUE,FALSE,FALSE
dmf3Vc4crSg,Mohammed Medium Clinic,XU2wpLlX4Vk,Oromia,0,0,0,NA,0,FALSE,FALSE,FALSE
dnNRm1rz1lW,Metu Rural Woreda,XU2wpLlX4Vk,Oromia,46,0,0,NA,0,TRUE,FALSE,FALSE
dniOm2vEleM,Seyo Woreda,XU2wpLlX4Vk,Oromia,74,0,0,NA,0,TRUE,FALSE,FALSE
dtrqDQj4nFO,Dilla University Teaching General Hospital,a2QIIR2UXcd,South Ethiopia,22,1,1,1,0,TRUE,TRUE,FALSE
dubLCYzugVi,Dembela Medium Clinic,XU2wpLlX4Vk,Oromia,3,0,0,NA,0,TRUE,FALSE,FALSE
duvN2FjzZ49,Mohammed Yimer Medium clinic,yb9NKGA8uqt,Amhara,5,0,0,NA,0,TRUE,FALSE,FALSE
dv1tJwSfzqk,Selale University Comprehensive Specialized Hospital,XU2wpLlX4Vk,Oromia,22,1,1,1,0,TRUE,TRUE,FALSE
dxsNUdvVFSB,Africa Medium Clinic No 1,yb9NKGA8uqt,Amhara,0,0,0,NA,0,FALSE,FALSE,FALSE
e3znIzByg5h,Abergele Woreda,yb9NKGA8uqt,Amhara,57,5,0,0,5,TRUE,TRUE,FALSE
e4FbxF5G75u,Tebase_PHCU,yb9NKGA8uqt,Amhara,2,0,0,NA,0,TRUE,FALSE,FALSE
e7CKty4wUo0,Siloam Ethiopia Medium Clinic,b9nYedsL8te,Harari,0,0,0,NA,0,FALSE,FALSE,FALSE
e8cy01xJKPz,Hariro Primary Hospital,XU2wpLlX4Vk,Oromia,8,0,0,NA,0,TRUE,FALSE,FALSE
e93qBVSbUVe,Andabet Woreda,yb9NKGA8uqt,Amhara,75,1,1,1,0,TRUE,TRUE,FALSE
eAKyKHlpoRa,Family Guidance Association,XU2wpLlX4Vk,Oromia,16,1,0,0,1,TRUE,TRUE,FALSE
eBlp5Ob3Rhs,Debrework Primary Hospital,yb9NKGA8uqt,Amhara,23,3,2,0.6666666666666666,1,TRUE,TRUE,FALSE
eCFjQSdIoMk,Maichew Town,Gmw0DJLXGtx,Tigray,44,0,0,NA,0,TRUE,FALSE,FALSE
eCN7BB2Q7mh,Seyemti Adyabo Woreda Health Office,Gmw0DJLXGtx,Tigray,4,0,0,NA,0,TRUE,FALSE,FALSE
eCfAAQTLguk,Medihanealem Medium Clinic,yY9BLUUegel,Addis Ababa,0,0,0,NA,0,FALSE,FALSE,FALSE
eChafJjWBB4,Ali Adem Medium Clinic,yb9NKGA8uqt,Amhara,0,0,0,NA,0,FALSE,FALSE,FALSE
eCvR3M9wdGz,Oda Hule General Hospital,XU2wpLlX4Vk,Oromia,21,2,2,1,0,TRUE,TRUE,FALSE
eFFvmmmhacY,Tekle Hymanot Medium Clinic,yb9NKGA8uqt,Amhara,2,0,0,NA,0,TRUE,FALSE,FALSE
eGQjUXvdVsL,Adet Primary Hospital,yb9NKGA8uqt,Amhara,22,0,0,NA,0,TRUE,FALSE,FALSE
eGlEmYMY6a3,East Dembia Woreda,yb9NKGA8uqt,Amhara,102,0,0,NA,0,TRUE,FALSE,FALSE
eITCqVU9yud,Agarfa Woreda,XU2wpLlX4Vk,Oromia,191,0,0,NA,0,TRUE,FALSE,FALSE
eJWMLxPp89G,Nine Internal Medicine Specialty Clinic,yY9BLUUegel,Addis Ababa,8,0,0,NA,0,TRUE,FALSE,FALSE
eLKjCE76D0m,Borricha Woreda,xNUoZIrGKxQ,Sidama,93,2,0,0,2,TRUE,TRUE,FALSE
eLW9aTwokTz,Nechsar Primary Hospital,a2QIIR2UXcd,South Ethiopia,1,1,0,0,1,TRUE,TRUE,FALSE
eMCwiV8hMWg,Dawa Chefa Woreda,yb9NKGA8uqt,Amhara,101,0,0,NA,0,TRUE,FALSE,FALSE
eOfKzCvoTzm,Dejen Primary Hospital,yb9NKGA8uqt,Amhara,22,0,0,NA,0,TRUE,FALSE,FALSE
eP9brWZOJMw,Millinium Health center,yY9BLUUegel,Addis Ababa,6,0,0,NA,0,TRUE,FALSE,FALSE
ePT7ZSPoZUd,Dr. Meliha Internal Medicine And Obstetrics And Gynecology Specialty Clinic,yY9BLUUegel,Addis Ababa,14,0,0,NA,0,TRUE,FALSE,FALSE
ePVo721T7W2,Bero Woreda,HIlnt7Qj8do,South West Ethiopia,47,0,0,NA,0,TRUE,FALSE,FALSE
eQkfztSkbA0,Gorgora,yb9NKGA8uqt,Amhara,1,0,0,NA,0,TRUE,FALSE,FALSE
eRIAJMK4qRO,Bahir Dar Prison Medium Clinic,yb9NKGA8uqt,Amhara,0,0,0,NA,0,FALSE,FALSE,FALSE
eRpQYMgvGDL,Wadu_PHCU,a2QIIR2UXcd,South Ethiopia,6,0,39,NA,0,TRUE,FALSE,FALSE
eSz28pDliho,Lisan Medium clinic,yb9NKGA8uqt,Amhara,2,0,0,NA,0,TRUE,FALSE,FALSE
eVLceU4991L,Ethio Istambul General Hospital,yY9BLUUegel,Addis Ababa,19,0,0,NA,0,TRUE,FALSE,FALSE
eVTPDz6hLUx,Negele Arsi General Hospital And Medical College,XU2wpLlX4Vk,Oromia,21,0,0,NA,0,TRUE,FALSE,FALSE
eVglJEEa3Jc,Doctor Eliyas Gyn And Obs Specialty Clinic,b9nYedsL8te,Harari,5,0,0,NA,0,TRUE,FALSE,FALSE
eWH1NKTt1Eb,Woliso Woreda,XU2wpLlX4Vk,Oromia,107,0,0,NA,0,TRUE,FALSE,FALSE
eWiatiYgwk8,Tenta Primary Hospital,yb9NKGA8uqt,Amhara,21,1,0,0,1,TRUE,TRUE,FALSE
eYtCWRxNWHw,Dhagahmadaw Woreda,PCKGSJoNHXi,Somali,19,1,0,0,1,TRUE,TRUE,FALSE
ecnuq319OHB,Gelan Health Center,yY9BLUUegel,Addis Ababa,8,0,0,NA,0,TRUE,FALSE,FALSE
edyCCGxN2wV,Kibiru Primary Clinic,XU2wpLlX4Vk,Oromia,0,0,0,NA,0,FALSE,FALSE,FALSE
ef7nKMMJ9kI,Ankober Woreda,yb9NKGA8uqt,Amhara,25,0,0,NA,0,TRUE,FALSE,FALSE
efyZP86tmfX,Marry Joy Clinic,yY9BLUUegel,Addis Ababa,0,0,0,NA,0,FALSE,FALSE,FALSE
egOU0BQm0H2,Hadnet Woreda,Gmw0DJLXGtx,Tigray,22,0,0,NA,0,TRUE,FALSE,FALSE
ejODrUZTTI2,Eldina Number 2 Medium Clinic,yY9BLUUegel,Addis Ababa,0,0,0,NA,0,FALSE,FALSE,FALSE
ejo7eeS6YVJ,Tefera Hailu Memorial General Hospital,yb9NKGA8uqt,Amhara,22,1,3,3,0,TRUE,TRUE,FALSE
elxzB65HmiU,Family Guidance Association Ethiopia Bahir Dar Medium Clinic,yb9NKGA8uqt,Amhara,4,0,0,NA,0,TRUE,FALSE,FALSE
emSyz0NUCSA,Burayu Sub City,XU2wpLlX4Vk,Oromia,34,4,0,0,4,TRUE,TRUE,FALSE
emuZxMHOmoN,Chewaka Primary hospital,XU2wpLlX4Vk,Oromia,10,0,0,NA,0,TRUE,FALSE,FALSE
enRpdydqZwT,Huruta Town,XU2wpLlX4Vk,Oromia,36,0,0,NA,0,TRUE,FALSE,FALSE
eoWWzjPMRqt,St.Lukas General Hospital,XU2wpLlX4Vk,Oromia,4,0,0,NA,0,TRUE,FALSE,FALSE
epHMaEjgYfK,Yadnet Primary Clinic,XU2wpLlX4Vk,Oromia,13,0,0,NA,0,TRUE,FALSE,FALSE
eqMoARSjygk,East Gojjam Zone Police Department Primary clinic,yb9NKGA8uqt,Amhara,0,0,0,NA,0,FALSE,FALSE,FALSE
eqtT7vJNNfM,St Gebra'el Medium clinic,XU2wpLlX4Vk,Oromia,6,0,0,NA,0,TRUE,FALSE,FALSE
eqyLZc0IwNl,Nekemte Comprehensive specialized Hospital,XU2wpLlX4Vk,Oromia,22,39,33,0.8461538461538461,6,TRUE,TRUE,FALSE
er52e0xNaIo,Tsotsora_PHCU,Fccw8uMlJHN,Benishangul-Gumuz,2,0,0,NA,0,TRUE,FALSE,FALSE
erqgQt9NY3E,Gerji Health Center,yY9BLUUegel,Addis Ababa,5,0,0,NA,0,TRUE,FALSE,FALSE
esVn8JdWAbW,Dalbo Atwaro_PHCU,a2QIIR2UXcd,South Ethiopia,21,0,0,NA,0,TRUE,FALSE,FALSE
et9fiNt2dWT,Tercha Town Adiministration,HIlnt7Qj8do,South West Ethiopia,8,0,0,NA,0,TRUE,FALSE,FALSE
eupwcyB7plw,Dr . Teha Medium Clinic,XU2wpLlX4Vk,Oromia,0,0,0,NA,0,FALSE,FALSE,FALSE
ew3fvIeugIp,Metu Karl Comprehensive Specialized Hospital,XU2wpLlX4Vk,Oromia,20,2,0,0,2,TRUE,TRUE,FALSE
ewONVg179zi,Gulgula_PHCU,a2QIIR2UXcd,South Ethiopia,18,0,0,NA,0,TRUE,FALSE,FALSE
exsZ208eO5P,Wubante Medium Clinic,yb9NKGA8uqt,Amhara,1,0,0,NA,0,TRUE,FALSE,FALSE
eybqmGnbQF0,Degahbur Woreda,PCKGSJoNHXi,Somali,33,0,0,NA,0,TRUE,FALSE,FALSE
ez0VyDpyJjn,Turmi Town Administration,a2QIIR2UXcd,South Ethiopia,25,2,0,0,2,TRUE,TRUE,FALSE
ez9iSFIbqKP,Dessie_PHCU,yb9NKGA8uqt,Amhara,3,0,0,NA,0,TRUE,FALSE,FALSE
ezAVSwIJzvD,Midega Tola Primary Hospital,XU2wpLlX4Vk,Oromia,19,2,0,0,2,TRUE,TRUE,FALSE
eziZFKYyMo7,Adama General Hospital and Medical College,XU2wpLlX4Vk,Oromia,22,0,0,NA,0,TRUE,FALSE,FALSE
ezsrM7MYpgr,Hambela Wamena Woreda,XU2wpLlX4Vk,Oromia,16,6,4,0.6666666666666666,2,TRUE,TRUE,FALSE
f3g8gJrvTxr,Dr.Mekuria Medium clinic,yb9NKGA8uqt,Amhara,2,0,0,NA,0,TRUE,FALSE,FALSE
f6eIWKGQg5p,Chagni Primary Hospital,yb9NKGA8uqt,Amhara,23,1,1,1,0,TRUE,TRUE,FALSE
f75JGWOoKdM,Seka Chekorsa Primary Hospital,XU2wpLlX4Vk,Oromia,13,0,0,NA,0,TRUE,FALSE,FALSE
f8KLS4JQffi,Asela_PHCU,XU2wpLlX4Vk,Oromia,8,0,0,NA,0,TRUE,FALSE,FALSE
f8Xm42LwgOE,Nonoo Woreda,XU2wpLlX4Vk,Oromia,50,1,0,0,1,TRUE,TRUE,FALSE
fDH731Jv30w,Belete Medium Clinic,XU2wpLlX4Vk,Oromia,1,0,0,NA,0,TRUE,FALSE,FALSE
fDR1WHmMNfD,Tahtay Maychew Woreda,Gmw0DJLXGtx,Tigray,33,0,0,NA,0,TRUE,FALSE,FALSE
fHvbcoZ2Ezm,Bekam Medium Clinic,XU2wpLlX4Vk,Oromia,0,0,0,NA,0,FALSE,FALSE,FALSE
fJ8Yr6CvyYw,Bokoji Town,XU2wpLlX4Vk,Oromia,19,0,0,NA,0,TRUE,FALSE,FALSE
fKSwKqp9BvA,Shinile Woreda,PCKGSJoNHXi,Somali,48,2,0,0,2,TRUE,TRUE,FALSE
fKi5gOeTiM4,Hobicha Woreda,a2QIIR2UXcd,South Ethiopia,22,0,0,NA,0,TRUE,FALSE,FALSE
fLI9ZoUZGz3,Mekanisa Oromo Woreda,XU2wpLlX4Vk,Oromia,22,0,0,NA,0,TRUE,FALSE,FALSE
fLJvrqhI5W1,Yerosan Medium Clinic,XU2wpLlX4Vk,Oromia,3,0,0,NA,0,TRUE,FALSE,FALSE
fLjxp3Ezx5u,Biruh Midium clinic,a2QIIR2UXcd,South Ethiopia,0,0,0,NA,0,FALSE,FALSE,FALSE
fNkhrzVeLni,Agip Medium clinic,XU2wpLlX4Vk,Oromia,0,0,0,NA,0,FALSE,FALSE,FALSE
fOkFmXnWLYO,Marimia Betoch Midium Clinic,yb9NKGA8uqt,Amhara,0,0,0,NA,0,FALSE,FALSE,FALSE
fQIwjPjmLrJ,Taddasa Medium Clinic,XU2wpLlX4Vk,Oromia,0,0,0,NA,0,FALSE,FALSE,FALSE
fQdVAuVYqal,Sherebudin Medium Clinic,XU2wpLlX4Vk,Oromia,1,0,0,NA,0,TRUE,FALSE,FALSE
fRTbU2IcwPJ,Guangua Woreda,yb9NKGA8uqt,Amhara,53,0,0,NA,0,TRUE,FALSE,FALSE
fSS7gliQxJl,South Bench Woreda,HIlnt7Qj8do,South West Ethiopia,121,3,0,0,3,TRUE,TRUE,FALSE
fUGWO6erq0j,Hayu Medium clinic,XU2wpLlX4Vk,Oromia,0,0,0,NA,0,FALSE,FALSE,FALSE
fVlvYSzvU8R,Haro Wolabu Woreda,XU2wpLlX4Vk,Oromia,48,0,0,NA,0,TRUE,FALSE,FALSE
fWSB10t5ZkC,Liben Woreda,XU2wpLlX4Vk,Oromia,67,2,2,1,0,TRUE,TRUE,FALSE
fWV5fqHw5bm,Kiddus Paulos Medium Clinic,XU2wpLlX4Vk,Oromia,0,0,0,NA,0,FALSE,FALSE,FALSE
fXIjlkDvoBl,Amir nuir Health Center,b9nYedsL8te,Harari,1,0,0,NA,0,TRUE,FALSE,FALSE
fbUVIWjwOOE,Decha Woreda,HIlnt7Qj8do,South West Ethiopia,118,0,0,NA,0,TRUE,FALSE,FALSE
fbuknLlF4Mv,Dambi Dollo Woreda,XU2wpLlX4Vk,Oromia,1,1,0,0,1,TRUE,TRUE,FALSE
fd0Y3L07S8O,Botor Tolay Woreda,XU2wpLlX4Vk,Oromia,6,0,0,NA,0,TRUE,FALSE,FALSE
feA1n8AG4fu,Habtamu Medium Clinic,XU2wpLlX4Vk,Oromia,0,0,0,NA,0,FALSE,FALSE,FALSE
ffTqc9JMWSk,Markose Medium dental clinic_Closed,yb9NKGA8uqt,Amhara,0,0,0,NA,0,FALSE,FALSE,FALSE
fgGTvx9zFQj,Tach Gayint Woreda,yb9NKGA8uqt,Amhara,15,0,0,NA,0,TRUE,FALSE,FALSE
fiPYOALG4Ps,Pugniwudo Primary Hospital,moBiwh9h5Ce,Gambella,19,0,0,NA,0,TRUE,FALSE,FALSE
fnNiuwQip1O,Toba Health office,tDoLtk2ylu4,Central Ethiopia,1,0,0,NA,0,TRUE,FALSE,FALSE
fo8JBzKCaX4,Dubuluk Woreda,XU2wpLlX4Vk,Oromia,184,0,0,NA,0,TRUE,FALSE,FALSE
fpDhT29HHzl,Milki medium clinic,XU2wpLlX4Vk,Oromia,1,0,0,NA,0,TRUE,FALSE,FALSE
frdT0oIpm1T,Sululta Sub-City,XU2wpLlX4Vk,Oromia,23,0,0,NA,0,TRUE,FALSE,FALSE
fs5TtuDC17o,Rabdet Medium Clinic,XU2wpLlX4Vk,Oromia,1,0,0,NA,0,TRUE,FALSE,FALSE
fsaji5bPe4W,Erkiya medium clinic,Fccw8uMlJHN,Benishangul-Gumuz,0,0,0,NA,0,FALSE,FALSE,FALSE
ftf2YLV0er7,Addis Alem Medium Clinic,yb9NKGA8uqt,Amhara,15,0,0,NA,0,TRUE,FALSE,FALSE
ftu1QHGH8fG,Abera Wollo Internal Medicine Specialty Clinic,yb9NKGA8uqt,Amhara,0,0,0,NA,0,FALSE,FALSE,FALSE
ftyompadldm,Gablalu Woreda,PCKGSJoNHXi,Somali,2,0,0,NA,0,TRUE,FALSE,FALSE
fus7W34LYjr,Jellobelina_PHCU,G9hDiPNoB7d,Dire Dawa,9,0,0,NA,0,TRUE,FALSE,FALSE
fuxQoXto973,Selam Medium Clinic,tDoLtk2ylu4,Central Ethiopia,4,1,0,0,1,TRUE,TRUE,FALSE
fvWfznyGK7j,Guradamole Woreda,XU2wpLlX4Vk,Oromia,63,3,0,0,3,TRUE,TRUE,FALSE
fwYZH3GO1PA,Kindo Koyisha Woreda,a2QIIR2UXcd,South Ethiopia,38,8,0,0,8,TRUE,TRUE,FALSE
fwbUox2xkJP,Jida Woreda,XU2wpLlX4Vk,Oromia,28,1,0,0,1,TRUE,TRUE,FALSE
fwss9bOcXNq,Shoarobit Primary Hospital,yb9NKGA8uqt,Amhara,30,1,1,1,0,TRUE,TRUE,FALSE
fyBzEaQq8PB,Wollega University Student Medium Clinic,XU2wpLlX4Vk,Oromia,0,0,0,NA,0,FALSE,FALSE,FALSE
fyXzZOGPiuk,Betel Medium Clinic,XU2wpLlX4Vk,Oromia,0,0,0,NA,0,FALSE,FALSE,FALSE
fyyC9LSshwx,Hawa Gelan Woreda,XU2wpLlX4Vk,Oromia,69,6,6,1,0,TRUE,TRUE,FALSE
g31Xbo4nNOW,Elshaday Medium Clinic,XU2wpLlX4Vk,Oromia,0,0,0,NA,0,FALSE,FALSE,FALSE
g35l0TyTDKL,Tarcha zuriya Woreda,HIlnt7Qj8do,South West Ethiopia,18,0,0,NA,0,TRUE,FALSE,FALSE
g3mZcLN2FLd,Tsion Obstetrics and Gynecology Specialty Clinic,yY9BLUUegel,Addis Ababa,1,0,0,NA,0,TRUE,FALSE,FALSE
g5UnIORxc8f,Marie Stopes International Medium Clinic,a2QIIR2UXcd,South Ethiopia,1,0,0,NA,0,TRUE,FALSE,FALSE
g5tSztIw1v2,Bayra Koysha Woreda,a2QIIR2UXcd,South Ethiopia,65,2,2,1,0,TRUE,TRUE,FALSE
g6VfCN6Mu2L,Doctor Asfaw Dental Specialty Clinic 2,yb9NKGA8uqt,Amhara,0,0,0,NA,0,FALSE,FALSE,FALSE
g6jUVrIvCha,Uma Medium Clinic,yY9BLUUegel,Addis Ababa,17,0,0,NA,0,TRUE,FALSE,FALSE
g8KPF7dydNB,Bemnet Primary Clinic,moBiwh9h5Ce,Gambella,20,0,0,NA,0,TRUE,FALSE,FALSE
g8OVST21avK,Abdi Medium Clinic,XU2wpLlX4Vk,Oromia,1,0,0,NA,0,TRUE,FALSE,FALSE
g9JndbgW0yQ,Family Gaidance Medium Clinic,yb9NKGA8uqt,Amhara,2,0,0,NA,0,TRUE,FALSE,FALSE
g9qTFbv9NMA,Gebreamlak Primary Clinic,XU2wpLlX4Vk,Oromia,0,0,0,NA,0,FALSE,FALSE,FALSE
gBDpa5LuU5I,Antsokia Gemiza Woreda,yb9NKGA8uqt,Amhara,107,0,0,NA,0,TRUE,FALSE,FALSE
gBkX0EG0ARn,Ananiya MCH Center,yY9BLUUegel,Addis Ababa,14,0,0,NA,0,TRUE,FALSE,FALSE
gCXvTs1Ige1,Menen Obstetrics And Gynecology Specialty Clinic,yb9NKGA8uqt,Amhara,3,0,0,NA,0,TRUE,FALSE,FALSE
gCmFEOFJUCx,Senaf Primary Clinic,XU2wpLlX4Vk,Oromia,0,0,0,NA,0,FALSE,FALSE,FALSE
gDQYmqtFBp8,Kombolcha Agriculture Trainig College,yb9NKGA8uqt,Amhara,0,0,0,NA,0,FALSE,FALSE,FALSE
gDbQZaDKZYA,Gohala Primary Hospital,yb9NKGA8uqt,Amhara,23,0,0,NA,0,TRUE,FALSE,FALSE
gED4QVeqUfO,Setema Woreda,XU2wpLlX4Vk,Oromia,59,0,0,NA,0,TRUE,FALSE,FALSE
gGX5TR7KJK5,Doctor Shumye Obstetric And Gynecology Specialty Clinic,yb9NKGA8uqt,Amhara,6,0,0,NA,0,TRUE,FALSE,FALSE
gHSLeQT7GL5,Semayawi Medium Clinic,yY9BLUUegel,Addis Ababa,0,0,0,NA,0,FALSE,FALSE,FALSE
gHWSQ0XDdq5,Hulla Woreda,xNUoZIrGKxQ,Sidama,25,2,0,0,2,TRUE,TRUE,FALSE
gHXcNoxxIjz,Robe Woreda,XU2wpLlX4Vk,Oromia,27,0,0,NA,0,TRUE,FALSE,FALSE
gMFn2GGXPA0,Elfata Woreda,XU2wpLlX4Vk,Oromia,35,0,0,NA,0,TRUE,FALSE,FALSE
gNLccn5xyWJ,Boru Medium Clinic,XU2wpLlX4Vk,Oromia,0,0,0,NA,0,FALSE,FALSE,FALSE
gNsyIg8XUT9,Dawa  Medium Clinic,yY9BLUUegel,Addis Ababa,0,0,0,NA,0,FALSE,FALSE,FALSE
gOWKUTuWsxD,Aykel Primary Hospital,yb9NKGA8uqt,Amhara,20,0,0,NA,0,TRUE,FALSE,FALSE
gPVVqWwJewy,Kazanchise_PHCU,yY9BLUUegel,Addis Ababa,0,0,0,NA,0,FALSE,FALSE,FALSE
gQO7FRkR66r,Lay Armacho Woreda,yb9NKGA8uqt,Amhara,45,2,2,1,0,TRUE,TRUE,FALSE
gSf5YnMKpM4,Sarmale Woreda,a2QIIR2UXcd,South Ethiopia,25,0,0,NA,0,TRUE,FALSE,FALSE
gUgcZYtswra,Wolda_PHCU,XU2wpLlX4Vk,Oromia,6,0,0,NA,0,TRUE,FALSE,FALSE
gVzu3JX8Lpu,Bazel_PHCU,moBiwh9h5Ce,Gambella,11,0,0,NA,0,TRUE,FALSE,FALSE
gYWZ4jLTfB4,Chora Botor Woreda,XU2wpLlX4Vk,Oromia,2,0,0,NA,0,TRUE,FALSE,FALSE
gYhYZBthbKn,Dire Enchini Woreda,XU2wpLlX4Vk,Oromia,47,0,0,NA,0,TRUE,FALSE,FALSE
gZ52avWlTQl,Heben Arsi Woreda,XU2wpLlX4Vk,Oromia,56,0,0,NA,0,TRUE,FALSE,FALSE
gZnMBAQ1MH1,Horashagah Woreda,PCKGSJoNHXi,Somali,1,0,0,NA,0,TRUE,FALSE,FALSE
gcPKc49gEdu,Adele Sub City,XU2wpLlX4Vk,Oromia,17,0,0,NA,0,TRUE,FALSE,FALSE
gdWBbFeC55f,Dr. Tilahum Medium Clinic,yb9NKGA8uqt,Amhara,1,0,0,NA,0,TRUE,FALSE,FALSE
geTioxgWttO,Univarsal Number Two Medium clinic,XU2wpLlX4Vk,Oromia,0,0,0,NA,0,FALSE,FALSE,FALSE
gfnY2UBR4nl,Lebu Star Internal Pediatric And OBGYN Specialty Center,yY9BLUUegel,Addis Ababa,6,0,0,NA,0,TRUE,FALSE,FALSE
gg4iZGP0fdy,Tona Care Primary Hospital,a2QIIR2UXcd,South Ethiopia,0,0,0,NA,0,FALSE,FALSE,FALSE
ghJ9RvYX6at,Sintayehu Primary Clinic,XU2wpLlX4Vk,Oromia,1,0,0,NA,0,TRUE,FALSE,FALSE
gjO0pOBHSry,Hawzien Town Administration,Gmw0DJLXGtx,Tigray,33,0,0,NA,0,TRUE,FALSE,FALSE
gjR5UlgO0KJ,Elwaye Woreda,XU2wpLlX4Vk,Oromia,111,2,1,0.5,1,TRUE,TRUE,FALSE
gkW0BF5wf7e,Ferfer Woreda,PCKGSJoNHXi,Somali,47,5,5,1,0,TRUE,TRUE,FALSE
glASfQBEOo4,Felege-Hiwot Comprehensive Specialized Hospital,yb9NKGA8uqt,Amhara,11,0,0,NA,0,TRUE,FALSE,FALSE
glpP87Nlq4L,Tsigereda Internal Medicine Specialty Clinic,yY9BLUUegel,Addis Ababa,0,0,0,NA,0,FALSE,FALSE,FALSE
gnEVBtaFtkE,Zalanbesa Town Woreda,Gmw0DJLXGtx,Tigray,12,0,0,NA,0,TRUE,FALSE,FALSE
gobod00CUTM,Aleta Wondo Woreda,xNUoZIrGKxQ,Sidama,80,12,4,0.3333333333333333,8,TRUE,TRUE,FALSE
grCeWnnLH59,Fetahadin Medium clinic,XU2wpLlX4Vk,Oromia,1,0,0,NA,0,TRUE,FALSE,FALSE
gs7y1YfDiD4,Wonchi Woreda,XU2wpLlX4Vk,Oromia,59,0,0,NA,0,TRUE,FALSE,FALSE
gsVLK74vr44,Delanta Woreda,yb9NKGA8uqt,Amhara,88,1,0,0,1,TRUE,TRUE,FALSE
gtNlzWJmwo4,Feyisa Primary Clinic,XU2wpLlX4Vk,Oromia,0,0,0,NA,0,FALSE,FALSE,FALSE
gu95lkxSNlc,Bulen Woreda,Fccw8uMlJHN,Benishangul-Gumuz,64,0,0,NA,0,TRUE,FALSE,FALSE
gyuxPuWnyK5,Gelana primary Hospital,XU2wpLlX4Vk,Oromia,3,0,0,NA,0,TRUE,FALSE,FALSE
h0nXAsgZuoy,Chirone Woreda,xNUoZIrGKxQ,Sidama,2,0,0,NA,0,TRUE,FALSE,FALSE
h30GUbpHjVl,Mechara Micheta Town,XU2wpLlX4Vk,Oromia,31,0,0,NA,0,TRUE,FALSE,FALSE
h33zv1Ig6Qy,Dollo bay Woreda,PCKGSJoNHXi,Somali,79,0,0,NA,0,TRUE,FALSE,FALSE
h5NTxgFhd0q,Molale Primary Hospital,yb9NKGA8uqt,Amhara,22,0,0,NA,0,TRUE,FALSE,FALSE
h68TRIjNyix,Tsimbla Woreda Health Office,Gmw0DJLXGtx,Tigray,57,3,0,0,3,TRUE,TRUE,FALSE
h6fQPnyIlfu,Suro Barguda Woreda,XU2wpLlX4Vk,Oromia,21,1,4,4,0,TRUE,TRUE,FALSE
h6fuNopaeU1,Kelle Primary Hospital,a2QIIR2UXcd,South Ethiopia,22,1,0,0,1,TRUE,TRUE,FALSE
h6hhVldpmat,Lanfuro Woreda,tDoLtk2ylu4,Central Ethiopia,111,0,0,NA,0,TRUE,FALSE,FALSE
h9ddzED336q,Ahsia Woreda,Gmw0DJLXGtx,Tigray,33,17,12,0.7058823529411765,5,TRUE,TRUE,FALSE
h9jd1XgMHa0,Atiros Medium Cilic,yb9NKGA8uqt,Amhara,0,0,0,NA,0,FALSE,FALSE,FALSE
hAz3oubaQ3s,Telalak Woreda,UFtGyqJMEZh,Afar,58,0,0,NA,0,TRUE,FALSE,FALSE
hBM37JUG2mJ,Entoto Fana Health Center,yY9BLUUegel,Addis Ababa,3,0,0,NA,0,TRUE,FALSE,FALSE
hBgNfPp59dN,Dr.Fira’ol Medium Clinic,XU2wpLlX4Vk,Oromia,7,0,0,NA,0,TRUE,FALSE,FALSE
hBtTf4vYqA8,Kura Jida Sub City,XU2wpLlX4Vk,Oromia,44,1,1,1,0,TRUE,TRUE,FALSE
hCHy0ZJd4UA,Enarje Enawga Woreda,yb9NKGA8uqt,Amhara,130,1,0,0,1,TRUE,TRUE,FALSE
hDpUGpmAuMl,Habesha Medium Clinic,yb9NKGA8uqt,Amhara,0,0,0,NA,0,FALSE,FALSE,FALSE
hEx3bGT0MkH,wereda 6 Health center,yY9BLUUegel,Addis Ababa,21,0,0,NA,0,TRUE,FALSE,FALSE
hGd75t8hqJ2,Felegehiwot Health Center,yY9BLUUegel,Addis Ababa,16,0,0,NA,0,TRUE,FALSE,FALSE
hIVwqUvH5V1,Ennseno Town,tDoLtk2ylu4,Central Ethiopia,22,0,0,NA,0,TRUE,FALSE,FALSE
hJQKHfA2d8e,Woreda 11 Philipos Health Center,yY9BLUUegel,Addis Ababa,8,0,0,NA,0,TRUE,FALSE,FALSE
hK8PpjKLkb2,Dano Woreda,XU2wpLlX4Vk,Oromia,39,3,1,0.3333333333333333,2,TRUE,TRUE,FALSE
hKwSZtAsOjs,Doctor Tebkew Surgery Specialty Clinic,yb9NKGA8uqt,Amhara,21,0,0,NA,0,TRUE,FALSE,FALSE
hKxKjXucswl,Yordanos Orthopedics Speciality Center,yY9BLUUegel,Addis Ababa,0,0,0,NA,0,FALSE,FALSE,FALSE
hLENjHHPMFF,Yanet General Hospital,yY9BLUUegel,Addis Ababa,17,0,0,NA,0,TRUE,FALSE,FALSE
hLeZEYRW4lD,Mecharie Surgery Specaility Center,yb9NKGA8uqt,Amhara,2,0,0,NA,0,TRUE,FALSE,FALSE
hNwuTwaAvyZ,Nuwalif Medium Clinic,XU2wpLlX4Vk,Oromia,0,0,0,NA,0,FALSE,FALSE,FALSE
hPVADYetp3x,Woreda 2_PHCU,yY9BLUUegel,Addis Ababa,5,0,0,NA,0,TRUE,FALSE,FALSE
hRlcY7OlI74,Woldia Prison Medium Clinic,yb9NKGA8uqt,Amhara,0,0,0,NA,0,FALSE,FALSE,FALSE
hTuSDOaahxU,Gida Ayana Woreda,XU2wpLlX4Vk,Oromia,43,0,0,NA,0,TRUE,FALSE,FALSE
hTxBrgj9uKS,Mohammed Medium Clinic,yb9NKGA8uqt,Amhara,0,0,0,NA,0,FALSE,FALSE,FALSE
hV705cVIoZj,Gnangatom Woreda,a2QIIR2UXcd,South Ethiopia,38,0,0,NA,0,TRUE,FALSE,FALSE
hVEogWrUM3W,Raey Medical Medium clinic,yY9BLUUegel,Addis Ababa,1,0,0,NA,0,TRUE,FALSE,FALSE
hVXhHW61brp,Daniel Primary clinic,XU2wpLlX4Vk,Oromia,0,0,0,NA,0,FALSE,FALSE,FALSE
hYLV8i9j7Rq,Mimi Yakobo_PHCU,Fccw8uMlJHN,Benishangul-Gumuz,1,0,0,NA,0,TRUE,FALSE,FALSE
hYwaFvrb5t5,Mekelle Hospital,Gmw0DJLXGtx,Tigray,2,0,0,NA,0,TRUE,FALSE,FALSE
hZEoha7Kh8y,Dejen Woreda,yb9NKGA8uqt,Amhara,96,7,0,0,7,TRUE,TRUE,FALSE
hZY0gMMDTsD,Farta Woreda,yb9NKGA8uqt,Amhara,7,2,0,0,2,TRUE,TRUE,FALSE
hbvgW3frYto,Dr. Amenu Adam Memorial Primary Hospital,a2QIIR2UXcd,South Ethiopia,0,0,0,NA,0,FALSE,FALSE,FALSE
hdxTJOT3xMg,Mana Woreda,XU2wpLlX4Vk,Oromia,57,1,0,0,1,TRUE,TRUE,FALSE
hdyWBKCTyA3,Taltale Woreda,XU2wpLlX4Vk,Oromia,35,0,0,NA,0,TRUE,FALSE,FALSE
hgDthzaHDRT,Baroland Medium Clinic,moBiwh9h5Ce,Gambella,6,0,0,NA,0,TRUE,FALSE,FALSE
hhkG2ZWDHef,Al-Afia Internal Medicine & MCH Center,yY9BLUUegel,Addis Ababa,22,0,0,NA,0,TRUE,FALSE,FALSE
hhzw6rVa5q6,Fgae Speciality Clinic,XU2wpLlX4Vk,Oromia,1,0,0,NA,0,TRUE,FALSE,FALSE
hiPIpfYjw6U,Adagnager Chako Woreda,yb9NKGA8uqt,Amhara,41,0,0,NA,0,TRUE,FALSE,FALSE
hkpmVKyWiub,LK Medium Clinic,yb9NKGA8uqt,Amhara,0,0,0,NA,0,FALSE,FALSE,FALSE
hnFp6K2emsR,Kena Rabi Primary Clinic,XU2wpLlX4Vk,Oromia,1,0,0,NA,0,TRUE,FALSE,FALSE
hox5ahtIh5I,Debark Zuria Woreda,yb9NKGA8uqt,Amhara,106,0,8,NA,0,TRUE,FALSE,FALSE
hq5tXPWWLA4,Doctor Burka Surgery Speciality Clinic,b9nYedsL8te,Harari,0,0,0,NA,0,FALSE,FALSE,FALSE
hqzTPLlf9Dz,Endegagn Woreda,tDoLtk2ylu4,Central Ethiopia,43,0,0,NA,0,TRUE,FALSE,FALSE
hsnfVEXuQX4,Worabe Town,tDoLtk2ylu4,Central Ethiopia,14,0,0,NA,0,TRUE,FALSE,FALSE
ht0anL9mHmB,Kolango Town Administration,a2QIIR2UXcd,South Ethiopia,23,0,0,NA,0,TRUE,FALSE,FALSE
htl9IOQpkJo,Abisinia Medium Clinic,yb9NKGA8uqt,Amhara,0,0,0,NA,0,FALSE,FALSE,FALSE
htvCYqLd7WD,Becho Woreda,XU2wpLlX4Vk,Oromia,11,0,0,NA,0,TRUE,FALSE,FALSE
hxr2ayDyZry,Yebetelehem Medium Clinic,XU2wpLlX4Vk,Oromia,16,0,0,NA,0,TRUE,FALSE,FALSE
hxyenOI26f5,Aga Wayu Woreda,XU2wpLlX4Vk,Oromia,28,0,0,NA,0,TRUE,FALSE,FALSE
hzy9uTOaslc,Matif Medium Clinic,XU2wpLlX4Vk,Oromia,19,0,0,NA,0,TRUE,FALSE,FALSE
i0quVWA9jpj,Gelan Gura Health center,yY9BLUUegel,Addis Ababa,0,0,0,NA,0,FALSE,FALSE,FALSE
i18uNYz4iHx,Sendafa Primary Clinic,XU2wpLlX4Vk,Oromia,0,0,0,NA,0,FALSE,FALSE,FALSE
i1GX1pdwZAF,Kore Woreda,XU2wpLlX4Vk,Oromia,105,0,0,NA,0,TRUE,FALSE,FALSE
i2KKFtyVsql,Bedeno Woreda,XU2wpLlX4Vk,Oromia,112,12,3,0.25,9,TRUE,TRUE,FALSE
i3A85tPtFHa,Hailu Medium Clinic_Closed,yb9NKGA8uqt,Amhara,0,0,0,NA,0,FALSE,FALSE,FALSE
i64wW7GlUE2,Goro Muti Woreda,XU2wpLlX4Vk,Oromia,63,53,20,0.37735849056603776,33,TRUE,TRUE,FALSE
i7UWuUGEGtb,Tulu Dimtu Primary Clinic,XU2wpLlX4Vk,Oromia,6,0,0,NA,0,TRUE,FALSE,FALSE
i7fXJuaNPz3,Menit Goldia Woreda,HIlnt7Qj8do,South West Ethiopia,41,0,0,NA,0,TRUE,FALSE,FALSE
i8TYmoHiPdT,Kombolcha 07_PHCU,yb9NKGA8uqt,Amhara,13,0,0,NA,0,TRUE,FALSE,FALSE
iA60cpCj3G0,Jeldu Primary Hospital,XU2wpLlX4Vk,Oromia,21,0,0,NA,0,TRUE,FALSE,FALSE
iBuHGe7G9qe,Abera Wollo Medium Clinic_Closed,yb9NKGA8uqt,Amhara,0,0,0,NA,0,FALSE,FALSE,FALSE
iBzxf4Kbomn,Hidasie Health Henter,yY9BLUUegel,Addis Ababa,1,0,0,NA,0,TRUE,FALSE,FALSE
iG59nUR0BIK,Wachemo University Nigist Eleni Mohammed Memorial Comprehensive Specialized Hospital,tDoLtk2ylu4,Central Ethiopia,22,4,0,0,4,TRUE,TRUE,FALSE
iGphqweVypG,Mudula Town Administration,tDoLtk2ylu4,Central Ethiopia,26,0,0,NA,0,TRUE,FALSE,FALSE
iKulH2NVy2Z,Bibugne Woreda,yb9NKGA8uqt,Amhara,83,0,0,NA,0,TRUE,FALSE,FALSE
iOOl8EG9ORS,Sheno Primary Hospital,XU2wpLlX4Vk,Oromia,10,2,0,0,2,TRUE,TRUE,FALSE
iOuT1kj1FoN,Doctor Adane Medium Clinic,a2QIIR2UXcd,South Ethiopia,1,0,0,NA,0,TRUE,FALSE,FALSE
iP2sE5Rg6xd,Fikiru Medium Clinic,XU2wpLlX4Vk,Oromia,0,0,0,NA,0,FALSE,FALSE,FALSE
iPFZvCOljtL,Goro Gutu Woreda,XU2wpLlX4Vk,Oromia,68,7,5,0.7142857142857143,2,TRUE,TRUE,FALSE
iRAI2tpSr3h,Delo Mena Woreda,XU2wpLlX4Vk,Oromia,151,0,0,NA,0,TRUE,FALSE,FALSE
iU7Z4U8HKEr,Taytu Obstetrics And Genecology And Pediatric Specialty Clinic,yb9NKGA8uqt,Amhara,7,0,0,NA,0,TRUE,FALSE,FALSE
iUTG3WckBK8,Lideta Health Center,yY9BLUUegel,Addis Ababa,13,0,0,NA,0,TRUE,FALSE,FALSE
iUkDhDAf6Mt,Omo Beyem Woreda,XU2wpLlX4Vk,Oromia,86,0,0,NA,0,TRUE,FALSE,FALSE
iXS3Cungfnj,Teda_PHCU,yb9NKGA8uqt,Amhara,8,0,0,NA,0,TRUE,FALSE,FALSE
iYMOhLiqjFc,Sinbo Medium Clinic,XU2wpLlX4Vk,Oromia,0,0,0,NA,0,FALSE,FALSE,FALSE
iYWMqfnpdo8,Melka Dental Medium Clinic,XU2wpLlX4Vk,Oromia,1,0,0,NA,0,TRUE,FALSE,FALSE
ia6xTmeInVF,Biks Medium Clinic,yb9NKGA8uqt,Amhara,0,0,0,NA,0,FALSE,FALSE,FALSE
ib6cTelsn1B,Nafilem Medium clinic,XU2wpLlX4Vk,Oromia,2,0,0,NA,0,TRUE,FALSE,FALSE
idBPGLRnRGJ,Segen Primary Hospital,a2QIIR2UXcd,South Ethiopia,4,0,0,NA,0,TRUE,FALSE,FALSE
idLbbfyK4Zd,Kena Maternal And Child Health Speciality Center,XU2wpLlX4Vk,Oromia,6,0,0,NA,0,TRUE,FALSE,FALSE
idPRn3j5vWd,Chilalo Ber Medium clinic,XU2wpLlX4Vk,Oromia,0,0,0,NA,0,FALSE,FALSE,FALSE
iexw2qPKeNe,Guduru Woreda,XU2wpLlX4Vk,Oromia,71,1,1,1,0,TRUE,TRUE,FALSE
if8lfiaLsdX,Asella Catholic Church Health Center,XU2wpLlX4Vk,Oromia,5,0,0,NA,0,TRUE,FALSE,FALSE
igVFsasXPjd,Worku Medium Clinic,yb9NKGA8uqt,Amhara,0,0,0,NA,0,FALSE,FALSE,FALSE
ii0xaPB7fih,Ofla Woreda,Gmw0DJLXGtx,Tigray,76,0,0,NA,0,TRUE,FALSE,FALSE
ij75SReKppB,Dr Biruk Belete Medium Clinic,yb9NKGA8uqt,Amhara,0,0,0,NA,0,FALSE,FALSE,FALSE
ijTz9Ipshjs,Shanan Kolu Woreda,XU2wpLlX4Vk,Oromia,17,0,0,NA,0,TRUE,FALSE,FALSE
ikHfvTHF38N,Fentaw Primary Clinic,yb9NKGA8uqt,Amhara,0,0,0,NA,0,FALSE,FALSE,FALSE
ikVvtqRtUJO,Kara Hora MCH Center,XU2wpLlX4Vk,Oromia,22,0,0,NA,0,TRUE,FALSE,FALSE
ilVJHwWnxcI,Yeka Health Center,yY9BLUUegel,Addis Ababa,23,0,0,NA,0,TRUE,FALSE,FALSE
iq1Yw2qGCCe,Shishoinde Woreda,HIlnt7Qj8do,South West Ethiopia,22,0,0,NA,0,TRUE,FALSE,FALSE
iq5HYXQR0K7,Gulomekeda Woreda,Gmw0DJLXGtx,Tigray,101,13,0,0,13,TRUE,TRUE,FALSE
iqTnNPLyeE6,Oljira Primary Clinic,XU2wpLlX4Vk,Oromia,1,0,0,NA,0,TRUE,FALSE,FALSE
iqjKjNro5Xf,Mersa Primary Hospital,yb9NKGA8uqt,Amhara,23,7,1,0.14285714285714285,6,TRUE,TRUE,FALSE
iqk39KJXaoI,Jebar Medium Clinic,XU2wpLlX4Vk,Oromia,0,0,0,NA,0,FALSE,FALSE,FALSE
is16sieQrS2,Rekik International Medium Clinic,yY9BLUUegel,Addis Ababa,0,0,0,NA,0,FALSE,FALSE,FALSE
iswFiWuNRC5,Tenaye Jemo 1 Medium Clinic,yY9BLUUegel,Addis Ababa,0,0,0,NA,0,FALSE,FALSE,FALSE
iu9yOdsvvED,Afran General Hospital,yY9BLUUegel,Addis Ababa,13,0,0,NA,0,TRUE,FALSE,FALSE
iusUHv1Vlul,Itang_PHCU,moBiwh9h5Ce,Gambella,17,0,0,NA,0,TRUE,FALSE,FALSE
ivHxCZen96t,Abdi Primary Clinic,XU2wpLlX4Vk,Oromia,0,0,0,NA,0,FALSE,FALSE,FALSE
ivnWlozgHsE,Tuliguled Woreda,PCKGSJoNHXi,Somali,50,0,0,NA,0,TRUE,FALSE,FALSE
ix3x8YRU7Do,Dale Woreda,xNUoZIrGKxQ,Sidama,122,20,15,0.75,5,TRUE,TRUE,FALSE
j1DT9qXRHIO,Dodota Woreda,XU2wpLlX4Vk,Oromia,40,0,0,NA,0,TRUE,FALSE,FALSE
j33Py7E6W2N,Woreta Primary Hospital,yb9NKGA8uqt,Amhara,11,0,0,NA,0,TRUE,FALSE,FALSE
j5SBwTzlt0L,FT Medium Dental Clinic,a2QIIR2UXcd,South Ethiopia,0,0,0,NA,0,FALSE,FALSE,FALSE
j7Lp147TX5a,East Belesa Woreda,yb9NKGA8uqt,Amhara,88,3,0,0,3,TRUE,TRUE,FALSE
j7UFFyVYfmv,Jigjiga City,PCKGSJoNHXi,Somali,161,14,13,0.9285714285714286,1,TRUE,TRUE,FALSE
j7aUGideZdC,Dembia Primary Hospital,yb9NKGA8uqt,Amhara,23,9,0,0,9,TRUE,TRUE,FALSE
j7zO9XqmNYW,Awoliya Health Center,yY9BLUUegel,Addis Ababa,4,0,0,NA,0,TRUE,FALSE,FALSE
j8FUqMclEN4,Betezata Primary Clinic,XU2wpLlX4Vk,Oromia,0,0,0,NA,0,FALSE,FALSE,FALSE
jAythpF7cuS,Gura Damole Woreda,PCKGSJoNHXi,Somali,0,0,0,NA,0,FALSE,FALSE,FALSE
jBtwt2xupMR,Urji Medium Clinic,XU2wpLlX4Vk,Oromia,1,0,0,NA,0,TRUE,FALSE,FALSE
jDOWom2TOgi,Workineh Medium Clinic,XU2wpLlX4Vk,Oromia,0,0,0,NA,0,FALSE,FALSE,FALSE
jDuS424c68v,Hawi Primary Clinic,XU2wpLlX4Vk,Oromia,6,0,0,NA,0,TRUE,FALSE,FALSE
jF6P8X9QIeT,Doctor Kindye Endries Dental Specialty Clinic,yY9BLUUegel,Addis Ababa,0,0,0,NA,0,FALSE,FALSE,FALSE
jG9NuPJQuVv,Family Medium Clinic,XU2wpLlX4Vk,Oromia,9,0,0,NA,0,TRUE,FALSE,FALSE
jGID6fysvxR,Hermata Medium Cilinic,XU2wpLlX4Vk,Oromia,0,0,0,NA,0,FALSE,FALSE,FALSE
jGovkeXRtmb,Marie Stopes Speciality Clinic,XU2wpLlX4Vk,Oromia,0,0,0,NA,0,FALSE,FALSE,FALSE
jHIVNqcETWx,Doctor Bogalech Gebere Memorial General Hospital,tDoLtk2ylu4,Central Ethiopia,8,6,1,0.16666666666666666,5,TRUE,TRUE,FALSE
jHlJetnuTUK,Walin Medium Clinic,XU2wpLlX4Vk,Oromia,6,0,0,NA,0,TRUE,FALSE,FALSE
jI2s37pd9fl,Hawassa Zuriya Woreda,xNUoZIrGKxQ,Sidama,49,0,0,NA,0,TRUE,FALSE,FALSE
jIPYvhYOBWP,Tazebachew primary Clinic,yb9NKGA8uqt,Amhara,0,0,0,NA,0,FALSE,FALSE,FALSE
jIeum2Jx3TP,Enat Medium Clinic,yY9BLUUegel,Addis Ababa,2,1,0,0,1,TRUE,TRUE,FALSE
jKHWjCTqdHx,Arbaya Primary Hospital,yb9NKGA8uqt,Amhara,20,0,0,NA,0,TRUE,FALSE,FALSE
jKUbYDbUUmn,Derra Woreda,XU2wpLlX4Vk,Oromia,16,9,1,0.1111111111111111,8,TRUE,TRUE,FALSE
jLz6F4auBV2,Kalicha_PHCU,G9hDiPNoB7d,Dire Dawa,15,0,0,NA,0,TRUE,FALSE,FALSE
jM7agj5eu58,Lume Woreda,XU2wpLlX4Vk,Oromia,82,8,0,0,8,TRUE,TRUE,FALSE
jNgFMToWAE0,Berbere Woreda,XU2wpLlX4Vk,Oromia,95,2,2,1,0,TRUE,TRUE,FALSE
jNievxnjOQB,Ude Denkaka Medium Clinic,XU2wpLlX4Vk,Oromia,0,0,0,NA,0,FALSE,FALSE,FALSE
jPgxD456YGt,Adaa Woreda,XU2wpLlX4Vk,Oromia,47,0,0,NA,0,TRUE,FALSE,FALSE
jQ4OpFtwe4u,Arbaminch General Hospital,a2QIIR2UXcd,South Ethiopia,22,33,32,0.9696969696969697,1,TRUE,TRUE,FALSE
jRgcoGXbp6b,Saya Deberna Wayu Woreda,yb9NKGA8uqt,Amhara,35,0,0,NA,0,TRUE,FALSE,FALSE
jSEWxJt84CP,Debele Medium Clinic,XU2wpLlX4Vk,Oromia,0,0,0,NA,0,FALSE,FALSE,FALSE
jUo4Ypoo9Qw,Tulu Dimtu Medium clinic,XU2wpLlX4Vk,Oromia,0,0,0,NA,0,FALSE,FALSE,FALSE
jWENDxB2Pkw,Beza Hiwot Medium Clinic,yb9NKGA8uqt,Amhara,0,0,0,NA,0,FALSE,FALSE,FALSE
jWFiJlhORlt,Liyat Medium Clinic,yY9BLUUegel,Addis Ababa,0,0,0,NA,0,FALSE,FALSE,FALSE
jX1G9vkylnD,Jikawo Woreda,moBiwh9h5Ce,Gambella,34,0,0,NA,0,TRUE,FALSE,FALSE
jXLenzyqbQH,Enyat Primary Hospital_Closed,a2QIIR2UXcd,South Ethiopia,2,0,0,NA,0,TRUE,FALSE,FALSE
jYNNIxaXANY,Hundaf Medium Clinic,XU2wpLlX4Vk,Oromia,0,0,0,NA,0,FALSE,FALSE,FALSE
jYf8818828p,Bichena Primary Hospital,yb9NKGA8uqt,Amhara,5,0,0,NA,0,TRUE,FALSE,FALSE
jZCOzCyu2Ax,Illu Medium Clinic,XU2wpLlX4Vk,Oromia,11,0,0,NA,0,TRUE,FALSE,FALSE
ja0U0odQm9h,Hoko Woreda,xNUoZIrGKxQ,Sidama,5,0,0,NA,0,TRUE,FALSE,FALSE
jadYwZscfX5,Kombolcha Kebele 03_PHCU,yb9NKGA8uqt,Amhara,23,0,0,NA,0,TRUE,FALSE,FALSE
jb8hfb9DJvu,Baka Dawula Woreda,a2QIIR2UXcd,South Ethiopia,15,0,0,NA,0,TRUE,FALSE,FALSE
jgrBSFD11Cn,Bari Medium clinic,XU2wpLlX4Vk,Oromia,9,0,0,NA,0,TRUE,FALSE,FALSE
jhzQ0nP9P2j,Tis-Abay 1and 2 HEPP Medium Clinc,yb9NKGA8uqt,Amhara,1,0,0,NA,0,TRUE,FALSE,FALSE
jjWiIUBX4qT,Metema General Hospital,yb9NKGA8uqt,Amhara,10,2,0,0,2,TRUE,TRUE,FALSE
jmas4WiA9Pi,Feya Primary Clinic,XU2wpLlX4Vk,Oromia,0,0,0,NA,0,FALSE,FALSE,FALSE
jmhHgXSBVnw,Medhanialem Medium Clinic,Fccw8uMlJHN,Benishangul-Gumuz,0,0,0,NA,0,FALSE,FALSE,FALSE
jnDzKMNkfMU,Arero Woreda,XU2wpLlX4Vk,Oromia,117,1,0,0,1,TRUE,TRUE,FALSE
joEKUzhjg0J,Biymider Specialty Clinic,yb9NKGA8uqt,Amhara,6,0,0,NA,0,TRUE,FALSE,FALSE
jqYCIpaOYKs,Mariestopes Internationl Ethiopia.MCH Center,XU2wpLlX4Vk,Oromia,23,0,0,NA,0,TRUE,FALSE,FALSE
jqrSVSTd8wV,Marhiwot Maternal And Child Health Specialty Center,yY9BLUUegel,Addis Ababa,12,0,0,NA,0,TRUE,FALSE,FALSE
jvK6M3q7GgD,Kidst Arsema Medium Clinic,yb9NKGA8uqt,Amhara,0,0,0,NA,0,FALSE,FALSE,FALSE
jvkf4V4DukZ,Oyida Woreda,a2QIIR2UXcd,South Ethiopia,27,2,0,0,2,TRUE,TRUE,FALSE
jwIqHZk4yAl,Finote Selam General Hospital,yb9NKGA8uqt,Amhara,24,12,1,0.08333333333333333,11,TRUE,TRUE,FALSE
jwYkhrcnsAe,Silk Road General Hospital,yY9BLUUegel,Addis Ababa,2,0,0,NA,0,TRUE,FALSE,FALSE
jxGvQlcC36X,Chareti Woreda,PCKGSJoNHXi,Somali,54,0,0,NA,0,TRUE,FALSE,FALSE
jxZpEkdxP2g,Metu Medium Clinic,XU2wpLlX4Vk,Oromia,17,0,0,NA,0,TRUE,FALSE,FALSE
jyer6MJMbtp,Ejersa Lafo Woreda,XU2wpLlX4Vk,Oromia,46,0,0,NA,0,TRUE,FALSE,FALSE
k00be8Ynwt5,Dida Boke Health Center,XU2wpLlX4Vk,Oromia,17,0,0,NA,0,TRUE,FALSE,FALSE
k3RPBgI82vD,Yomiyu Medium Clinic,XU2wpLlX4Vk,Oromia,13,0,0,NA,0,TRUE,FALSE,FALSE
k3q8R7YARb5,Bure Town,yb9NKGA8uqt,Amhara,21,1,0,0,1,TRUE,TRUE,FALSE
k5LkzeBwLF0,Lense Medium clinic,XU2wpLlX4Vk,Oromia,11,0,0,NA,0,TRUE,FALSE,FALSE
k5b4HP5Kaex,Union Surgery Specialty Clinic,yb9NKGA8uqt,Amhara,0,0,0,NA,0,FALSE,FALSE,FALSE
k631leC3ZK9,Zana Woreda Health Office,Gmw0DJLXGtx,Tigray,54,0,0,NA,0,TRUE,FALSE,FALSE
k6JThweySoj,American Medical Center,yY9BLUUegel,Addis Ababa,0,0,0,NA,0,FALSE,FALSE,FALSE
k6iCidnf5VO,Girja Woreda,XU2wpLlX4Vk,Oromia,35,0,0,NA,0,TRUE,FALSE,FALSE
k7KELNLUDbA,Bilal Primary Clinic,yb9NKGA8uqt,Amhara,0,0,0,NA,0,FALSE,FALSE,FALSE
k7ZlPU79nFC,Fogera Woreda,yb9NKGA8uqt,Amhara,130,1,0,0,1,TRUE,TRUE,FALSE
k9UkZzYH10n,Wabe Medium Clinic,XU2wpLlX4Vk,Oromia,19,0,0,NA,0,TRUE,FALSE,FALSE
kAH4O7JAAsL,Prime Care Medium Clinic,yb9NKGA8uqt,Amhara,4,0,0,NA,0,TRUE,FALSE,FALSE
kCBXEOvSPlI,Shabe Sombo Woreda,XU2wpLlX4Vk,Oromia,76,2,1,0.5,1,TRUE,TRUE,FALSE
kCydkxkYxf4,Akaki kality woreda 6 DIC_Closed,yY9BLUUegel,Addis Ababa,0,0,0,NA,0,FALSE,FALSE,FALSE
kEsrZ5GT8qh,Selam Medium Clinc,yb9NKGA8uqt,Amhara,2,0,0,NA,0,TRUE,FALSE,FALSE
kHUxhas9NQW,Alem Medium Clinic,XU2wpLlX4Vk,Oromia,2,0,0,NA,0,TRUE,FALSE,FALSE
kHhPqrziZsq,Enkelo Wabe Woreda,XU2wpLlX4Vk,Oromia,55,8,0,0,8,TRUE,TRUE,FALSE
kIHAQSoTJt2,Dukem Subcity,XU2wpLlX4Vk,Oromia,95,5,5,1,0,TRUE,TRUE,FALSE
kJiPu1blK1L,Waqjira Primary Clinic,XU2wpLlX4Vk,Oromia,0,0,0,NA,0,FALSE,FALSE,FALSE
kKT6fAgeGVW,Choriso Woreda,a2QIIR2UXcd,South Ethiopia,3,1,1,1,0,TRUE,TRUE,FALSE
kNqGSywWsV1,Banja Woreda,yb9NKGA8uqt,Amhara,110,1,1,1,0,TRUE,TRUE,FALSE
kOIBu61xP50,Gesha Woreda,HIlnt7Qj8do,South West Ethiopia,12,0,0,NA,0,TRUE,FALSE,FALSE
kPeDcbU59SW,Bilcilbur Woreda,PCKGSJoNHXi,Somali,23,5,0,0,5,TRUE,TRUE,FALSE
kRVmv9OoRbH,Abdi Primary Clinic,XU2wpLlX4Vk,Oromia,3,0,0,NA,0,TRUE,FALSE,FALSE
kTUjk7R7uYQ,Metero_PHCU,yb9NKGA8uqt,Amhara,0,0,0,NA,0,FALSE,FALSE,FALSE
kUBmAJ79D7e,Hanruka Woreda,UFtGyqJMEZh,Afar,5,0,0,NA,0,TRUE,FALSE,FALSE
kUY1rN51BIB,Hasengye_PHCU,b9nYedsL8te,Harari,21,0,0,NA,0,TRUE,FALSE,FALSE
kVK1alHA6Qc,KidstSilassie Midium Clinic Or Dr Gezahagn,yb9NKGA8uqt,Amhara,0,0,0,NA,0,FALSE,FALSE,FALSE
kWaDAc8cuxY,Abnet Health center,yY9BLUUegel,Addis Ababa,0,0,0,NA,0,FALSE,FALSE,FALSE
kXu7dih1G7n,Dale Sadi Woreda,XU2wpLlX4Vk,Oromia,21,22,0,0,22,TRUE,TRUE,FALSE
kY3UXIIN0Hz,Oda Dola Medium Clinic,XU2wpLlX4Vk,Oromia,0,0,0,NA,0,FALSE,FALSE,FALSE
kZv2v8Bb10A,Churcher Health Center,yY9BLUUegel,Addis Ababa,20,0,0,NA,0,TRUE,FALSE,FALSE
kbGeCcDDfgv,Keyit_PHCU,yb9NKGA8uqt,Amhara,21,0,0,NA,0,TRUE,FALSE,FALSE
kbUH0QGQKkg,Guba Woreda,Fccw8uMlJHN,Benishangul-Gumuz,40,2,0,0,2,TRUE,TRUE,FALSE
kbblHLsvTom,Harego Medium Clinic,yb9NKGA8uqt,Amhara,2,0,0,NA,0,TRUE,FALSE,FALSE
kcAikWlFxj3,Doctor Argaw Medium Clinic,a2QIIR2UXcd,South Ethiopia,0,0,0,NA,0,FALSE,FALSE,FALSE
kcCqeePOJs1,Kersa Primary Hospital,XU2wpLlX4Vk,Oromia,4,1,0,0,1,TRUE,TRUE,FALSE
kcHdkO4MjU0,Raso Woreda,PCKGSJoNHXi,Somali,9,0,0,NA,0,TRUE,FALSE,FALSE
kcVZPnQXrO3,Hargele General Hospital,PCKGSJoNHXi,Somali,23,0,0,NA,0,TRUE,FALSE,FALSE
kd2I5z1X1oh,Bete Saida Medium clinic,yb9NKGA8uqt,Amhara,0,0,0,NA,0,FALSE,FALSE,FALSE
kd3UHJNHB54,Boloso Sore Woreda,a2QIIR2UXcd,South Ethiopia,75,1,3,3,0,TRUE,TRUE,FALSE
keAUAam6ClM,Tarekech Medium Clinic,XU2wpLlX4Vk,Oromia,0,0,0,NA,0,FALSE,FALSE,FALSE
kfTkHmioQuZ,Abado Health Center,yY9BLUUegel,Addis Ababa,21,0,0,NA,0,TRUE,FALSE,FALSE
kfW3ZzmmKYe,Shebel Berenta Woreda,yb9NKGA8uqt,Amhara,137,2,2,1,0,TRUE,TRUE,FALSE
kfjxuWPWw5l,Sulula Fincha Woreda,XU2wpLlX4Vk,Oromia,28,0,0,NA,0,TRUE,FALSE,FALSE
kgBlG4fKlZo,Homosha Woreda,Fccw8uMlJHN,Benishangul-Gumuz,14,1,0,0,1,TRUE,TRUE,FALSE
khGU0hYW42h,Ajora Maternal And Child Health Specialty Center,yY9BLUUegel,Addis Ababa,1,0,0,NA,0,TRUE,FALSE,FALSE
kiOaq5nt0YK,Dilla Zuria Woreda,a2QIIR2UXcd,South Ethiopia,21,0,0,NA,0,TRUE,FALSE,FALSE
kipKxSdQdS4,Jamma Primary Hospital,yb9NKGA8uqt,Amhara,23,0,0,NA,0,TRUE,FALSE,FALSE
kkABjtxC8oY,Aksum University Comprehensive Speciazed Hospital,Gmw0DJLXGtx,Tigray,25,1,1,1,0,TRUE,TRUE,FALSE
klDeDQv2Uw4,Jimma Geneti Woreda,XU2wpLlX4Vk,Oromia,28,7,4,0.5714285714285714,3,TRUE,TRUE,FALSE
kmzug8qsj1W,Woze_PHCU,a2QIIR2UXcd,South Ethiopia,19,2,0,0,2,TRUE,TRUE,FALSE
kn3gqV0y8To,Tadese Medium Clinic,XU2wpLlX4Vk,Oromia,0,0,0,NA,0,FALSE,FALSE,FALSE
kn4VdrHxNkr,Zalla Woreda,a2QIIR2UXcd,South Ethiopia,86,0,0,NA,0,TRUE,FALSE,FALSE
knRGQ7LXzvh,Weroda 2 Health Center,yY9BLUUegel,Addis Ababa,14,0,0,NA,0,TRUE,FALSE,FALSE
koCcBZL2Aid,Bonsa Medium Clinic,XU2wpLlX4Vk,Oromia,0,0,0,NA,0,FALSE,FALSE,FALSE
koObBOpBRV1,Amdework Primary Hospital,yb9NKGA8uqt,Amhara,21,0,0,NA,0,TRUE,FALSE,FALSE
kplQS2zdMk3,Gidole Primary Hospital,a2QIIR2UXcd,South Ethiopia,17,1,1,1,0,TRUE,TRUE,FALSE
kqfsXorvkxo,Erabti Woreda,UFtGyqJMEZh,Afar,63,1,0,0,1,TRUE,TRUE,FALSE
krDqCnEX7JF,Baha Biftu_PHCU,XU2wpLlX4Vk,Oromia,2,0,0,NA,0,TRUE,FALSE,FALSE
ksEjkIX2cNV,Maji-Tumi Town Administration,HIlnt7Qj8do,South West Ethiopia,3,0,0,NA,0,TRUE,FALSE,FALSE
kt6y2S8dZwB,Diksis woreda,XU2wpLlX4Vk,Oromia,29,0,0,NA,0,TRUE,FALSE,FALSE
kutljZBltda,Universal Meidum Clinic,XU2wpLlX4Vk,Oromia,2,0,0,NA,0,TRUE,FALSE,FALSE
kv5iEe9oyvF,Kemisie Town,yb9NKGA8uqt,Amhara,50,5,5,1,0,TRUE,TRUE,FALSE
kv7tlFHyi9a,Harme Medium Clinic,b9nYedsL8te,Harari,0,0,0,NA,0,FALSE,FALSE,FALSE
kvO8wdNK8nO,Adadle Woreda,PCKGSJoNHXi,Somali,0,0,0,NA,0,FALSE,FALSE,FALSE
kxhExY8eMtK,Aysita City Admin Woreda,UFtGyqJMEZh,Afar,22,0,0,NA,0,TRUE,FALSE,FALSE
kxwOOxpbVIi,Dugda Dawa Woreda,XU2wpLlX4Vk,Oromia,0,1,1,1,0,FALSE,TRUE,TRUE
kyrdZv2MNbx,Abba Gada Sub City,XU2wpLlX4Vk,Oromia,33,0,0,NA,0,TRUE,FALSE,FALSE
kzFRGV6TyPq,Mieso Woreda,XU2wpLlX4Vk,Oromia,44,0,0,NA,0,TRUE,FALSE,FALSE
kzQ0ddWyOOG,Mercy Care Ethiopia Health Center,yY9BLUUegel,Addis Ababa,10,0,0,NA,0,TRUE,FALSE,FALSE
kzpLY4bq2Be,Debretabor_PHCU,yb9NKGA8uqt,Amhara,22,0,0,NA,0,TRUE,FALSE,FALSE
l0PI02NxSk6,South Achefer Woreda,yb9NKGA8uqt,Amhara,182,0,0,NA,0,TRUE,FALSE,FALSE
l161odfJXl8,Giorgis Medium Clinic,yY9BLUUegel,Addis Ababa,0,0,0,NA,0,FALSE,FALSE,FALSE
l3LSpzWqOe5,Simbo Primary Clinic,XU2wpLlX4Vk,Oromia,0,0,0,NA,0,FALSE,FALSE,FALSE
l4T7orlkNWa,Merti Woreda,XU2wpLlX4Vk,Oromia,43,4,0,0,4,TRUE,TRUE,FALSE
l4WlBuJhjXI,Egela woreda,Gmw0DJLXGtx,Tigray,24,0,0,NA,0,TRUE,FALSE,FALSE
l7AC9iGWseW,Bidu Woreda,UFtGyqJMEZh,Afar,22,0,0,NA,0,TRUE,FALSE,FALSE
l825aWTfmMp,Zefine Town Administration,a2QIIR2UXcd,South Ethiopia,20,8,8,1,0,TRUE,TRUE,FALSE
lAxPVYuYWSN,Sodo Prison Institution Based Health Center,a2QIIR2UXcd,South Ethiopia,0,0,0,NA,0,FALSE,FALSE,FALSE
lBzADA5bUFy,Bezawit Medium Clinic,yb9NKGA8uqt,Amhara,0,0,0,NA,0,FALSE,FALSE,FALSE
lEHQh5jwCBo,Meye Muluke Woreda,XU2wpLlX4Vk,Oromia,78,15,4,0.26666666666666666,11,TRUE,TRUE,FALSE
lGqyfdnjWA9,Adugna Medium Clinic,yb9NKGA8uqt,Amhara,3,0,0,NA,0,TRUE,FALSE,FALSE
lIwAoPGDlQg,Afinchober Health Center,yY9BLUUegel,Addis Ababa,0,0,0,NA,0,FALSE,FALSE,FALSE
lJqWyNCnHlc,Shalom Primary Clinic,XU2wpLlX4Vk,Oromia,0,0,0,NA,0,FALSE,FALSE,FALSE
lJtzC8MRxGh,Mekane Eyesus Medium Clinic,XU2wpLlX4Vk,Oromia,1,0,0,NA,0,TRUE,FALSE,FALSE
lL3BVOVXfrK,Nedjo General Hospital,XU2wpLlX4Vk,Oromia,13,0,0,NA,0,TRUE,FALSE,FALSE
lMBlhS70yHI,Arda Jila Me`e Boko Woreda,XU2wpLlX4Vk,Oromia,23,0,0,NA,0,TRUE,FALSE,FALSE
lNUHZ83ePOm,Sher-Ethiopia Primary Hospital,XU2wpLlX4Vk,Oromia,23,0,0,NA,0,TRUE,FALSE,FALSE
lPfkkkkIOWz,Durbetie Primery Hospital,yb9NKGA8uqt,Amhara,1,0,0,NA,0,TRUE,FALSE,FALSE
lR6TAdjI0PL,South Ari Woreda,a2QIIR2UXcd,South Ethiopia,57,2,1,0.5,1,TRUE,TRUE,FALSE
lUE9DdBCO2z,Ambo University General Hospital,XU2wpLlX4Vk,Oromia,10,4,3,0.75,1,TRUE,TRUE,FALSE
lUFQ93Vc4S9,Mekakelegna Jare Demeka_PHCU,tDoLtk2ylu4,Central Ethiopia,10,0,0,NA,0,TRUE,FALSE,FALSE
lVV31FRY0Ql,Uba Debretsehay Woreda,a2QIIR2UXcd,South Ethiopia,64,0,0,NA,0,TRUE,FALSE,FALSE
lWIoQEI6KLB,Terses Medium clinic,yY9BLUUegel,Addis Ababa,0,0,0,NA,0,FALSE,FALSE,FALSE
lWZ6cgBAnxS,kay Kalkidan General Hospital,Gmw0DJLXGtx,Tigray,1,0,0,NA,0,TRUE,FALSE,FALSE
lWnuxfQIqPZ,Dedesa Primary Hospital,XU2wpLlX4Vk,Oromia,22,0,0,NA,0,TRUE,FALSE,FALSE
lXC1oEgKpqZ,Dr.Saba Medium Clinic,yY9BLUUegel,Addis Ababa,0,0,0,NA,0,FALSE,FALSE,FALSE
lXk5QykjcJL,Michu Medium Clinic,XU2wpLlX4Vk,Oromia,5,0,0,NA,0,TRUE,FALSE,FALSE
lZXOENXGwhX,Meskel Medium Clinic,XU2wpLlX4Vk,Oromia,7,0,0,NA,0,TRUE,FALSE,FALSE
lZfgPzW1B4k,Gendegerada_PHCU,G9hDiPNoB7d,Dire Dawa,14,0,0,NA,0,TRUE,FALSE,FALSE
ladaUiliqSh,Geda Primary Clinic,XU2wpLlX4Vk,Oromia,4,0,0,NA,0,TRUE,FALSE,FALSE
lb4fPdFPAeX,Dugda Woreda,XU2wpLlX4Vk,Oromia,43,1,0,0,1,TRUE,TRUE,FALSE
leYE5SzvE6V,Wolif 2 Medium clinic,XU2wpLlX4Vk,Oromia,2,0,0,NA,0,TRUE,FALSE,FALSE
lf8NWK3r3pB,Doctor Abera Rama Internal Medicine and Surgery Specialty Center,yb9NKGA8uqt,Amhara,5,0,0,NA,0,TRUE,FALSE,FALSE
lfAYbvW9HjB,Hawassa Town,xNUoZIrGKxQ,Sidama,186,4,1,0.25,3,TRUE,TRUE,FALSE
lhHTNCtCoK5,Degua Tembien Woreda,Gmw0DJLXGtx,Tigray,57,0,0,NA,0,TRUE,FALSE,FALSE
liTu2p67bw0,Gosa Medium Clinic,XU2wpLlX4Vk,Oromia,4,0,0,NA,0,TRUE,FALSE,FALSE
lkGgYwstm32,Chora Primary Hospital,XU2wpLlX4Vk,Oromia,12,0,0,NA,0,TRUE,FALSE,FALSE
lkeKulieqAv,Chiro Town,XU2wpLlX4Vk,Oromia,18,0,0,NA,0,TRUE,FALSE,FALSE
llkopQjecGl,Doctor Feseha And Hewan Internal Medicine Specialty Clinic,yb9NKGA8uqt,Amhara,0,0,0,NA,0,FALSE,FALSE,FALSE
lp71h9izruY,Agerie Speciality Dental clinic,yb9NKGA8uqt,Amhara,0,0,0,NA,0,FALSE,FALSE,FALSE
lqkzUVmpkRZ,Fanta Medium Clinic,XU2wpLlX4Vk,Oromia,0,0,0,NA,0,FALSE,FALSE,FALSE
lrNDGvNu392,Dimma Woreda,moBiwh9h5Ce,Gambella,44,2,0,0,2,TRUE,TRUE,FALSE
lsF4AZpAa4W,Maeso Woreda,PCKGSJoNHXi,Somali,44,0,0,NA,0,TRUE,FALSE,FALSE
ltfUD9oxaQV,Sedie Woreda,yb9NKGA8uqt,Amhara,70,0,0,NA,0,TRUE,FALSE,FALSE
lu0CHBe7knE,St. Gebriel General Hospital,yY9BLUUegel,Addis Ababa,22,0,0,NA,0,TRUE,FALSE,FALSE
lwqboDEmjZY,Sude Primary Hospital,XU2wpLlX4Vk,Oromia,23,2,1,0.5,1,TRUE,TRUE,FALSE
lx6xxKbCLrC,Na’ol Medium Clinic,XU2wpLlX4Vk,Oromia,0,0,0,NA,0,FALSE,FALSE,FALSE
lxMI2r7SXEm,Saja Town,tDoLtk2ylu4,Central Ethiopia,14,0,0,NA,0,TRUE,FALSE,FALSE
m1km7CzhQCS,Halaba Kulito General Hospital,tDoLtk2ylu4,Central Ethiopia,22,0,0,NA,0,TRUE,FALSE,FALSE
m26L14A4njm,Siz Town Administration,HIlnt7Qj8do,South West Ethiopia,40,0,0,NA,0,TRUE,FALSE,FALSE
m3njKlBp2la,Hikma Medium Clinic,a2QIIR2UXcd,South Ethiopia,0,0,0,NA,0,FALSE,FALSE,FALSE
m5qjqdFZ43z,Girawa Woreda,XU2wpLlX4Vk,Oromia,119,31,7,0.22580645161290322,24,TRUE,TRUE,FALSE
m65JeP1cTFN,Chora Woreda,XU2wpLlX4Vk,Oromia,71,5,3,0.6,2,TRUE,TRUE,FALSE
m9rbex0KRpX,Afiya Primary Clinic,XU2wpLlX4Vk,Oromia,3,0,0,NA,0,TRUE,FALSE,FALSE
mBTCB4ftV6H,Berehet Woreda,yb9NKGA8uqt,Amhara,90,0,0,NA,0,TRUE,FALSE,FALSE
mCAr9WlOKdf,Firomsis General Hospital(Firomsis Clinic Work P.L.C),XU2wpLlX4Vk,Oromia,18,3,1,0.3333333333333333,2,TRUE,TRUE,FALSE
mEY814Aeb33,Gambella Zuria Woreda,moBiwh9h5Ce,Gambella,39,0,0,NA,0,TRUE,FALSE,FALSE
mEivLxWxmzI,Togwajale town Woreda,PCKGSJoNHXi,Somali,10,3,0,0,3,TRUE,TRUE,FALSE
mF8EwyJVoO5,Leku Town,xNUoZIrGKxQ,Sidama,10,0,0,NA,0,TRUE,FALSE,FALSE
mFYdhTUO7ED,Dewa Primary Cilnc,yb9NKGA8uqt,Amhara,5,0,0,NA,0,TRUE,FALSE,FALSE
mHXX17WRn6I,Cheleleka_PHCU,XU2wpLlX4Vk,Oromia,17,0,0,NA,0,TRUE,FALSE,FALSE
mHbOnKoerg3,Koran Mula Woreda,PCKGSJoNHXi,Somali,24,0,0,NA,0,TRUE,FALSE,FALSE
mIC8YHdQNsZ,Oda Roba Primary Hospital,XU2wpLlX4Vk,Oromia,0,0,0,NA,0,FALSE,FALSE,FALSE
mIhN3t6pjxW,Sekota Town,yb9NKGA8uqt,Amhara,21,0,0,NA,0,TRUE,FALSE,FALSE
mJJcnoOFYSM,Tsaeda Emba Woreda,Gmw0DJLXGtx,Tigray,84,1,0,0,1,TRUE,TRUE,FALSE
mJwdjIXgJFI,Africa Medium Clinic,XU2wpLlX4Vk,Oromia,0,0,0,NA,0,FALSE,FALSE,FALSE
mLcCeigbW86,Duhun Woreda,PCKGSJoNHXi,Somali,64,0,0,NA,0,TRUE,FALSE,FALSE
mLqIGCkLz89,Missionary Of Charity Medium Clinic,XU2wpLlX4Vk,Oromia,0,0,0,NA,0,FALSE,FALSE,FALSE
mMQ5lZVGDz1,Ayer Tenna_PHCU,yb9NKGA8uqt,Amhara,23,0,0,NA,0,TRUE,FALSE,FALSE
mNbt4OlVPgU,My Hope Medium Clinc Privet Limited Company,yY9BLUUegel,Addis Ababa,0,0,0,NA,0,FALSE,FALSE,FALSE
mPkJGTyrtNm,Migbare Senay General Hospital,yY9BLUUegel,Addis Ababa,1,0,0,NA,0,TRUE,FALSE,FALSE
mS3v4OMuoGm,Kidist Arsema medium clinic,moBiwh9h5Ce,Gambella,3,0,0,NA,0,TRUE,FALSE,FALSE
mTaEXyho4hI,Merawi Primary Hospital,yb9NKGA8uqt,Amhara,16,0,0,NA,0,TRUE,FALSE,FALSE
mWYlNomlNJ9,Heal MCH And Surgery Specialty Center,yb9NKGA8uqt,Amhara,1,0,0,NA,0,TRUE,FALSE,FALSE
ma4GZGRHumR,Kolonel Tilahun Primary Clinic,XU2wpLlX4Vk,Oromia,8,0,0,NA,0,TRUE,FALSE,FALSE
ma7yiUHz2Bv,Dil Fere Health Center,yY9BLUUegel,Addis Ababa,9,0,0,NA,0,TRUE,FALSE,FALSE
mbjEDYlwqFC,Jor Woreda,moBiwh9h5Ce,Gambella,12,0,0,NA,0,TRUE,FALSE,FALSE
mdt53u3eMzs,Wondimamachoch Primary Clinic,XU2wpLlX4Vk,Oromia,0,0,0,NA,0,FALSE,FALSE,FALSE
mfDefq97lN8,Kidstemaryam General Hospital,Gmw0DJLXGtx,Tigray,25,8,7,0.875,1,TRUE,TRUE,FALSE
mgFHgq6PPtt,Madan Medium Clinic,XU2wpLlX4Vk,Oromia,0,0,0,NA,0,FALSE,FALSE,FALSE
mjsnRdc4bka,Melka Biya Primary Clinic,XU2wpLlX4Vk,Oromia,1,0,0,NA,0,TRUE,FALSE,FALSE
mk1xCn2gZdO,Adaba Woreda,XU2wpLlX4Vk,Oromia,168,0,0,NA,0,TRUE,FALSE,FALSE
mk68PiCb9Xj,Medewelabu Primary Hospital.,XU2wpLlX4Vk,Oromia,19,1,8,8,0,TRUE,TRUE,FALSE
mlcf7UK2Zj6,Harawo Woreda,PCKGSJoNHXi,Somali,33,0,0,NA,0,TRUE,FALSE,FALSE
mmEuVbaIuiP,Eliyon Medium Clinic,XU2wpLlX4Vk,Oromia,0,0,0,NA,0,FALSE,FALSE,FALSE
mmNSnK6c6DI,Bule Woreda,a2QIIR2UXcd,South Ethiopia,0,0,0,NA,0,FALSE,FALSE,FALSE
mnQfQi8vDPk,Awabel Woreda,yb9NKGA8uqt,Amhara,391,1,1,1,0,TRUE,TRUE,FALSE
mo7rw3d4ziW,Kenean Medium Clinic,XU2wpLlX4Vk,Oromia,0,0,0,NA,0,FALSE,FALSE,FALSE
mpRsmjqOEua,Rama Adiarbaete,Gmw0DJLXGtx,Tigray,63,1,1,1,0,TRUE,TRUE,FALSE
mqVK7dZYmqB,Beto Town Administration,a2QIIR2UXcd,South Ethiopia,9,1,0,0,1,TRUE,TRUE,FALSE
mr0gjPhwtfV,Gofa K/mehiret Medium Clinic,yY9BLUUegel,Addis Ababa,0,0,0,NA,0,FALSE,FALSE,FALSE
mrkUsPEwhu6,Nekemte_PHCU,XU2wpLlX4Vk,Oromia,5,0,0,NA,0,TRUE,FALSE,FALSE
msAb7VCwWQx,Kero Optometry Medium Clinic,XU2wpLlX4Vk,Oromia,0,0,0,NA,0,FALSE,FALSE,FALSE
msm9w6JEzz3,Haset Medium Clinc,yb9NKGA8uqt,Amhara,15,0,0,NA,0,TRUE,FALSE,FALSE
mtKGsii8HvG,Asossa University Medium Clinic,Fccw8uMlJHN,Benishangul-Gumuz,0,0,0,NA,0,FALSE,FALSE,FALSE
mtSUfSLSt8i,Adi Daero Town,Gmw0DJLXGtx,Tigray,32,0,0,NA,0,TRUE,FALSE,FALSE
mtlvBXhqrbR,Awasho_PHCU,XU2wpLlX4Vk,Oromia,2,0,0,NA,0,TRUE,FALSE,FALSE
muTZzTy9mSR,Doctor Zinahbizu Haset Internal Medicine Specialty Clinic,yb9NKGA8uqt,Amhara,0,0,0,NA,0,FALSE,FALSE,FALSE
mv817lNyGRm,Babile Town,XU2wpLlX4Vk,Oromia,21,2,2,1,0,TRUE,TRUE,FALSE
mwncxST3npG,DSW/Youth Development Center Medium Clinic,XU2wpLlX4Vk,Oromia,1,0,0,NA,0,TRUE,FALSE,FALSE
mx53v3hBUI6,Doctor Ambachew Metasebia Primary Hospital,yb9NKGA8uqt,Amhara,20,0,0,NA,0,TRUE,FALSE,FALSE
myqVwWGGf2u,Dimtu Town Administration,a2QIIR2UXcd,South Ethiopia,25,0,0,NA,0,TRUE,FALSE,FALSE
mzNYruQfvdL,Debre Berhan University Hakim Gizaw General Hospital,yb9NKGA8uqt,Amhara,19,0,0,NA,0,TRUE,FALSE,FALSE
mzmMzRChUgV,Tena Medium Clinic,yb9NKGA8uqt,Amhara,0,0,0,NA,0,FALSE,FALSE,FALSE
n0F5sIfNkci,Getnet Fantaye Memorial Medium Clinic,yb9NKGA8uqt,Amhara,0,0,0,NA,0,FALSE,FALSE,FALSE
n1XIjZRmVrL,Kenean Midium Clinic,yb9NKGA8uqt,Amhara,0,0,0,NA,0,FALSE,FALSE,FALSE
n21hIrPWlGr,Landmark General Hospital,yY9BLUUegel,Addis Ababa,21,0,0,NA,0,TRUE,FALSE,FALSE
n36X46n2jeT,Agew Gimjabet Primary Hospital,yb9NKGA8uqt,Amhara,22,0,0,NA,0,TRUE,FALSE,FALSE
n3rjQmcUclR,Bati General Hospital,yb9NKGA8uqt,Amhara,5,0,0,NA,0,TRUE,FALSE,FALSE
n3u6FY5T1Hm,Kidus Primary Clinic,XU2wpLlX4Vk,Oromia,0,0,0,NA,0,FALSE,FALSE,FALSE
n48tpfJqZjK,Harot Medium Clinic,yY9BLUUegel,Addis Ababa,0,0,0,NA,0,FALSE,FALSE,FALSE
n4uUbVJyNPb,Habiba Primary Clinic,yb9NKGA8uqt,Amhara,0,0,0,NA,0,FALSE,FALSE,FALSE
n5EvnRT1hSV,Goba Town_PHCU,XU2wpLlX4Vk,Oromia,2,0,0,NA,0,TRUE,FALSE,FALSE
n6LnXNBd9zu,Koneba Woreda,UFtGyqJMEZh,Afar,10,8,0,0,8,TRUE,TRUE,FALSE
n7y7nihRe7X,Hussien Primary Clinic,yb9NKGA8uqt,Amhara,0,0,0,NA,0,FALSE,FALSE,FALSE
nCNVnHBsUsB,Leul Alemayehu_PHCU,yb9NKGA8uqt,Amhara,17,0,0,NA,0,TRUE,FALSE,FALSE
nFOmAHkQ9R3,Family Guidance Association Confidentiality Medium Clinic,XU2wpLlX4Vk,Oromia,0,0,0,NA,0,FALSE,FALSE,FALSE
nFQeRj8Km8D,Doctor Moa Orthopedic Specialty Clinic,b9nYedsL8te,Harari,0,0,0,NA,0,FALSE,FALSE,FALSE
nJ0uXZEpG6d,Adwa Town Woreda,Gmw0DJLXGtx,Tigray,38,2,1,0.5,1,TRUE,TRUE,FALSE
nJaiZthgQA5,Kurmuk Woreda,Fccw8uMlJHN,Benishangul-Gumuz,41,0,0,NA,0,TRUE,FALSE,FALSE
nLOZVS4yHwe,Hawi Primary Clinic,XU2wpLlX4Vk,Oromia,2,0,0,NA,0,TRUE,FALSE,FALSE
nOITeruKJJu,Gununo Town Administration,a2QIIR2UXcd,South Ethiopia,19,0,0,NA,0,TRUE,FALSE,FALSE
nOct8lAogkz,Arategna_PHCU,b9nYedsL8te,Harari,3,0,0,NA,0,TRUE,FALSE,FALSE
nP88MC0KTVR,Doctor Kubur medium clinic,yb9NKGA8uqt,Amhara,0,0,0,NA,0,FALSE,FALSE,FALSE
nRrEIQk9mVq,Doctor Mihritie Speciaility Clinic,yb9NKGA8uqt,Amhara,0,0,0,NA,0,FALSE,FALSE,FALSE
nSP3mqi7TTe,Dadimos Primary Clinic,XU2wpLlX4Vk,Oromia,7,0,0,NA,0,TRUE,FALSE,FALSE
nSUnaTQ9YFg,Amin Medium Clinic,yb9NKGA8uqt,Amhara,8,0,0,NA,0,TRUE,FALSE,FALSE
nSdcgX33fKm,Debresina Primary Hospital,yb9NKGA8uqt,Amhara,10,0,0,NA,0,TRUE,FALSE,FALSE
nSof5L3817u,Mehal Saint Woreda,yb9NKGA8uqt,Amhara,66,4,2,0.5,2,TRUE,TRUE,FALSE
nU4M6HrS9KO,Docter Feseha Pediateric Sepeciality Clinic,yY9BLUUegel,Addis Ababa,17,0,0,NA,0,TRUE,FALSE,FALSE
nXyI4iYhihx,Qondala Woreda,XU2wpLlX4Vk,Oromia,49,7,1,0.14285714285714285,6,TRUE,TRUE,FALSE
nbSFT3cX6iE,Goro Woreda,XU2wpLlX4Vk,Oromia,4,0,0,NA,0,TRUE,FALSE,FALSE
nbot5oFvoeU,Garda Martha Woreda,a2QIIR2UXcd,South Ethiopia,39,5,7,1.4,0,TRUE,TRUE,FALSE
ndBtMrjeLun,Doctor Getu Medium Clinic,a2QIIR2UXcd,South Ethiopia,0,0,0,NA,0,FALSE,FALSE,FALSE
ndYUj0SYQcf,Hulegeb Shemachoch 18 Health center,yY9BLUUegel,Addis Ababa,0,0,0,NA,0,FALSE,FALSE,FALSE
ndgPIkcnNGj,Kidiste Mariam Medium Clinic,yb9NKGA8uqt,Amhara,0,0,0,NA,0,FALSE,FALSE,FALSE
ng7NdLGEX0b,Minilik Primary Clinic,yb9NKGA8uqt,Amhara,0,0,0,NA,0,FALSE,FALSE,FALSE
njwPTqZ5Sdd,Gendawuha,yb9NKGA8uqt,Amhara,29,0,0,NA,0,TRUE,FALSE,FALSE
nk9eqebZkpN,Itang Primary Clinic,moBiwh9h5Ce,Gambella,0,0,0,NA,0,FALSE,FALSE,FALSE
nlqAHNWk16s,Boledia Medium Clinic,b9nYedsL8te,Harari,0,0,0,NA,0,FALSE,FALSE,FALSE
nnsnrGlBIuR,Gelila Town Administration,a2QIIR2UXcd,South Ethiopia,21,5,0,0,5,TRUE,TRUE,FALSE
nrEgFV9FFTH,Mana Abichu Sub City,XU2wpLlX4Vk,Oromia,37,1,1,1,0,TRUE,TRUE,FALSE
nrTBOJrevOW,Hargele Woreda,PCKGSJoNHXi,Somali,55,3,3,1,0,TRUE,TRUE,FALSE
nrkYn9JwEjx,Ayo Maternal And Child Specialty Center,b9nYedsL8te,Harari,2,0,0,NA,0,TRUE,FALSE,FALSE
nrkz9CVodYg,Shilabo Woreda,PCKGSJoNHXi,Somali,2,0,0,NA,0,TRUE,FALSE,FALSE
nsN7iZcZA8I,Debark General Hospital,yb9NKGA8uqt,Amhara,21,51,7,0.13725490196078433,44,TRUE,TRUE,FALSE
nsS0kwJzxrF,Geda Medium Clinic,moBiwh9h5Ce,Gambella,13,0,0,NA,0,TRUE,FALSE,FALSE
nsslsY7pJs3,Legehar General Hospital,yY9BLUUegel,Addis Ababa,20,0,0,NA,0,TRUE,FALSE,FALSE
ntNNXkVK2qC,Mareka Woreda,HIlnt7Qj8do,South West Ethiopia,18,0,0,NA,0,TRUE,FALSE,FALSE
nvwD6LX6l69,Wenago Town,a2QIIR2UXcd,South Ethiopia,11,0,0,NA,0,TRUE,FALSE,FALSE
nw9lljAj0wv,Doyo Gena Woreda,tDoLtk2ylu4,Central Ethiopia,46,0,0,NA,0,TRUE,FALSE,FALSE
nxLaVkSURCU,Gerealta Woreda,Gmw0DJLXGtx,Tigray,44,0,0,NA,0,TRUE,FALSE,FALSE
nxMZ0TL4yl0,Fik General Hospital,PCKGSJoNHXi,Somali,23,9,6,0.6666666666666666,3,TRUE,TRUE,FALSE
nzVtLJABe59,Rhythm Medium Clinic,a2QIIR2UXcd,South Ethiopia,0,0,0,NA,0,FALSE,FALSE,FALSE
nzWwnaYIgjc,Bedele Woreda,XU2wpLlX4Vk,Oromia,109,43,32,0.7441860465116279,11,TRUE,TRUE,FALSE
o1rABBtZIUG,Gelana Woreda,XU2wpLlX4Vk,Oromia,64,0,0,NA,0,TRUE,FALSE,FALSE
o4Ki2meGKZW,Mati Small Primary Clinic,XU2wpLlX4Vk,Oromia,0,0,0,NA,0,FALSE,FALSE,FALSE
o5OfJUsjABw,Hayu Primary Clinic,XU2wpLlX4Vk,Oromia,5,0,0,NA,0,TRUE,FALSE,FALSE
o5uiOpe7qDQ,Ledeg MCH clinic_Closed,yY9BLUUegel,Addis Ababa,0,0,0,NA,0,FALSE,FALSE,FALSE
o6nM6FRNa7y,Nunu Kumba Woreda,XU2wpLlX4Vk,Oromia,48,0,0,NA,0,TRUE,FALSE,FALSE
o9JDjwWFQHq,Bati Medium Clinic,XU2wpLlX4Vk,Oromia,0,0,0,NA,0,FALSE,FALSE,FALSE
oAB3kdyIEZw,South Wollo Maremia Betoch Medium Clinic,yb9NKGA8uqt,Amhara,1,0,0,NA,0,TRUE,FALSE,FALSE
oAP9UTp6RQ3,Kebron Medium Clinic,XU2wpLlX4Vk,Oromia,7,0,0,NA,0,TRUE,FALSE,FALSE
oBQvO3Tglji,Bonga Gebretsadik Shawo General Hospital,HIlnt7Qj8do,South West Ethiopia,23,0,0,NA,0,TRUE,FALSE,FALSE
oBqQ1WuQYx9,Bete Fiker Medium Clinic,XU2wpLlX4Vk,Oromia,1,0,0,NA,0,TRUE,FALSE,FALSE
oFZszadTkpK,Abrak Obstetric and Gynecology Specialty Clinic,yb9NKGA8uqt,Amhara,0,0,0,NA,0,FALSE,FALSE,FALSE
oG8lbkOWHXi,Jinka Town Administration,a2QIIR2UXcd,South Ethiopia,30,0,0,NA,0,TRUE,FALSE,FALSE
oGG36V3EoV6,Family Guidance Association Ethiopia Medium Clinic,XU2wpLlX4Vk,Oromia,5,0,0,NA,0,TRUE,FALSE,FALSE
oGMRStGq2om,Amuru Woreda,XU2wpLlX4Vk,Oromia,40,5,2,0.4,3,TRUE,TRUE,FALSE
oHNQqpZSI1f,Kikiya Medium Clinic,a2QIIR2UXcd,South Ethiopia,0,0,0,NA,0,FALSE,FALSE,FALSE
oI7ZSwnMiGv,Hana primary clinic,yY9BLUUegel,Addis Ababa,4,0,0,NA,0,TRUE,FALSE,FALSE
oI9en63jdLD,Dimeka Town Administration,a2QIIR2UXcd,South Ethiopia,31,0,0,NA,0,TRUE,FALSE,FALSE
oIH0NmAqAWa,Hiwot Primary Clinic,XU2wpLlX4Vk,Oromia,0,0,0,NA,0,FALSE,FALSE,FALSE
oITH2BmRoBd,Nebyu Medium Clinic,yb9NKGA8uqt,Amhara,0,0,0,NA,0,FALSE,FALSE,FALSE
oIuyxqxrZMs,Bare Woreda,PCKGSJoNHXi,Somali,2,0,0,NA,0,TRUE,FALSE,FALSE
oJDFUV6C3An,Berahle Woreda,UFtGyqJMEZh,Afar,12,0,0,NA,0,TRUE,FALSE,FALSE
oJYKkSXd4wx,Yoya General Hospital,XU2wpLlX4Vk,Oromia,15,0,0,NA,0,TRUE,FALSE,FALSE
oJiw81rwZjG,Alema Uta Wayu Primary Clinic,XU2wpLlX4Vk,Oromia,0,0,0,NA,0,FALSE,FALSE,FALSE
oKVjzZ1DMwI,Doctor Talma Obstetrics And Gynecology Specialty Clinic,yb9NKGA8uqt,Amhara,21,0,0,NA,0,TRUE,FALSE,FALSE
oLoojs4idLD,Jalane Primary Clinic,XU2wpLlX4Vk,Oromia,1,0,0,NA,0,TRUE,FALSE,FALSE
oLxdWt4wKuA,Awetu Primary Hospital,XU2wpLlX4Vk,Oromia,13,17,12,0.7058823529411765,5,TRUE,TRUE,FALSE
oOhP8KtSnR6,Tsegede Woreda,Gmw0DJLXGtx,Tigray,0,0,0,NA,0,FALSE,FALSE,FALSE
oPnCagEfzoU,Tinsaye Medium clinic,yb9NKGA8uqt,Amhara,0,0,0,NA,0,FALSE,FALSE,FALSE
oPqUnFI7ahb,Boditi Town Administration,a2QIIR2UXcd,South Ethiopia,74,0,0,NA,0,TRUE,FALSE,FALSE
oPy9BJdaApL,Fofa Woreda,tDoLtk2ylu4,Central Ethiopia,33,0,0,NA,0,TRUE,FALSE,FALSE
oQUoekiIfcl,Galalo Woreda,UFtGyqJMEZh,Afar,16,4,0,0,4,TRUE,TRUE,FALSE
oQuZqBZiuK3,Care Physiotherapy Speciality Clinic,a2QIIR2UXcd,South Ethiopia,0,0,0,NA,0,FALSE,FALSE,FALSE
oQxgusla0rH,Teha Kaso Medium Clinic,XU2wpLlX4Vk,Oromia,1,0,0,NA,0,TRUE,FALSE,FALSE
oRNTWxZM1II,Afiya Medium Clinic,yY9BLUUegel,Addis Ababa,0,0,0,NA,0,FALSE,FALSE,FALSE
oRvC5TRA6SW,Biruh Medium Clinic,XU2wpLlX4Vk,Oromia,0,0,0,NA,0,FALSE,FALSE,FALSE
oS0iWBqcJut,Areyam Internal Medicine Specialty Clinic,yb9NKGA8uqt,Amhara,7,0,0,NA,0,TRUE,FALSE,FALSE
oSNejLmrVIU,Rohobot Medium Clinic,XU2wpLlX4Vk,Oromia,0,0,0,NA,0,FALSE,FALSE,FALSE
oTfNgJHlU5Z,Hunde Ledi Primary Clinic,XU2wpLlX4Vk,Oromia,0,0,0,NA,0,FALSE,FALSE,FALSE
oUrVHMhBRD5,Lemo Woreda,tDoLtk2ylu4,Central Ethiopia,116,0,0,NA,0,TRUE,FALSE,FALSE
oWeskfzHlGj,Bita Woreda,HIlnt7Qj8do,South West Ethiopia,45,0,0,NA,0,TRUE,FALSE,FALSE
oWia8F7ik1W,Sehala Woreda,yb9NKGA8uqt,Amhara,7,1,0,0,1,TRUE,TRUE,FALSE
oXkMFfb9bjt,Planet Internal Specialty clinic,yY9BLUUegel,Addis Ababa,1,0,0,NA,0,TRUE,FALSE,FALSE
oXxQTFpRwUe,Coca Cola Primary Clinic,yb9NKGA8uqt,Amhara,0,0,0,NA,0,FALSE,FALSE,FALSE
oY6cicNSrpD,Bedesa Primary Hospital,XU2wpLlX4Vk,Oromia,8,2,0,0,2,TRUE,TRUE,FALSE
oZMuX81FkRt,Kidane Mehiret Internal Medicine and Surgery Specialty Center,yb9NKGA8uqt,Amhara,8,0,0,NA,0,TRUE,FALSE,FALSE
oZOGEaF5jNT,Tarmaber Woreda,yb9NKGA8uqt,Amhara,70,0,0,NA,0,TRUE,FALSE,FALSE
ofewnvIBg80,Markonal Primary Clinic,yb9NKGA8uqt,Amhara,0,0,0,NA,0,FALSE,FALSE,FALSE
ohu7LTt8Gss,Mizhiga Woreda,Fccw8uMlJHN,Benishangul-Gumuz,15,6,0,0,6,TRUE,TRUE,FALSE
oiiNIpAzw0E,Sasiga Woreda,XU2wpLlX4Vk,Oromia,102,4,0,0,4,TRUE,TRUE,FALSE
oimv9FlVNNK,Addis Birhan Pediatrics Speciality Clinic,yb9NKGA8uqt,Amhara,0,0,0,NA,0,FALSE,FALSE,FALSE
oirwf4IGXHa,Edom Health Center,XU2wpLlX4Vk,Oromia,20,0,0,NA,0,TRUE,FALSE,FALSE
oivEPhwQ71a,Eyob Medium Clinic,moBiwh9h5Ce,Gambella,18,0,0,NA,0,TRUE,FALSE,FALSE
ojZd92iyTsy,Obsinan Primary Clinic,XU2wpLlX4Vk,Oromia,8,0,0,NA,0,TRUE,FALSE,FALSE
olOmuCY5vgc,Bilate Zuria Woreda,xNUoZIrGKxQ,Sidama,108,0,0,NA,0,TRUE,FALSE,FALSE
om8T90smxmo,Shinshicho Town,tDoLtk2ylu4,Central Ethiopia,51,1,0,0,1,TRUE,TRUE,FALSE
omdVWBH8t7O,Melba Primary Hospital,XU2wpLlX4Vk,Oromia,15,0,0,NA,0,TRUE,FALSE,FALSE
omeRSFAHvEr,Zeyneb Primery clinic,yb9NKGA8uqt,Amhara,0,0,0,NA,0,FALSE,FALSE,FALSE
onKfQGYxDVL,wukro General Hospital,Gmw0DJLXGtx,Tigray,24,20,0,0,20,TRUE,TRUE,FALSE
ooZSjurunPA,Zinureni Health Center,XU2wpLlX4Vk,Oromia,4,0,0,NA,0,TRUE,FALSE,FALSE
ooZYyuRusMy,Misha Woreda,tDoLtk2ylu4,Central Ethiopia,27,0,8,NA,0,TRUE,FALSE,FALSE
opbqwJ6dTpf,Wondo Woreda,XU2wpLlX4Vk,Oromia,38,4,0,0,4,TRUE,TRUE,FALSE
opm7E6vpOrW,Abichu Gnea Woreda,XU2wpLlX4Vk,Oromia,73,0,0,NA,0,TRUE,FALSE,FALSE
oprZJXK8i0r,Doctor Yirga Dental Specialty Clinic,yb9NKGA8uqt,Amhara,0,0,0,NA,0,FALSE,FALSE,FALSE
orBJksbgnL8,Univarsel Medium Clinic,XU2wpLlX4Vk,Oromia,2,0,0,NA,0,TRUE,FALSE,FALSE
osngDZGxldD,Amibara Woreda,UFtGyqJMEZh,Afar,172,0,0,NA,0,TRUE,FALSE,FALSE
ov7FXCXvj8c,Gibe Primary Clinic,XU2wpLlX4Vk,Oromia,0,0,0,NA,0,FALSE,FALSE,FALSE
ovAv4xswPZy,Yemsrach no.2 Medium Clinic,yY9BLUUegel,Addis Ababa,0,0,0,NA,0,FALSE,FALSE,FALSE
ovD7JA5gCTO,MTH Gynacological And Obststics Speciaily Clinic,yY9BLUUegel,Addis Ababa,0,0,0,NA,0,FALSE,FALSE,FALSE
oxCycezLCYE,Kale Dental Medium Clinic,yb9NKGA8uqt,Amhara,0,0,0,NA,0,FALSE,FALSE,FALSE
oyW14ttWq8F,Han_PHCU,yb9NKGA8uqt,Amhara,1,0,0,NA,0,TRUE,FALSE,FALSE
ozAq1CmV34N,Jerusalem medium clinic,yb9NKGA8uqt,Amhara,20,0,0,NA,0,TRUE,FALSE,FALSE
p0sWEgKTHST,NAPHAD Bahirdar DIC,yb9NKGA8uqt,Amhara,1,0,0,NA,0,TRUE,FALSE,FALSE
p15XzVPdJ2I,Mam Medium Clinic,yY9BLUUegel,Addis Ababa,0,0,0,NA,0,FALSE,FALSE,FALSE
p1mfAfnunGc,Melekamu Medium Clinic,yb9NKGA8uqt,Amhara,21,0,0,NA,0,TRUE,FALSE,FALSE
p2AzyZf4YFp,Ganta Afeshum Woreda,Gmw0DJLXGtx,Tigray,121,0,0,NA,0,TRUE,FALSE,FALSE
p4UmCI9Xoz9,Atsibi Endaslasie Town,Gmw0DJLXGtx,Tigray,24,4,4,1,0,TRUE,TRUE,FALSE
p5DaixRWsts,Doctor Ashabir Medium Clinic,a2QIIR2UXcd,South Ethiopia,0,0,0,NA,0,FALSE,FALSE,FALSE
p6spIuC8lva,Dibora Medium Clinic,XU2wpLlX4Vk,Oromia,0,0,0,NA,0,FALSE,FALSE,FALSE
p8qMFzMSq7h,Siraro Badewacho Woreda,tDoLtk2ylu4,Central Ethiopia,4,1,3,3,0,TRUE,TRUE,FALSE
p98kMPDZ1qB,Mahlet Medium Clinic,yb9NKGA8uqt,Amhara,1,0,0,NA,0,TRUE,FALSE,FALSE
p9SYIjEk3DZ,Danbal Woreda,PCKGSJoNHXi,Somali,15,0,0,NA,0,TRUE,FALSE,FALSE
p9oj0BochtT,Bishan Guracha Sub City,XU2wpLlX4Vk,Oromia,41,60,1,0.016666666666666666,59,TRUE,TRUE,FALSE
p9wr2yUhbrV,Doctor Degefu Medium Clinic,a2QIIR2UXcd,South Ethiopia,0,0,0,NA,0,FALSE,FALSE,FALSE
pAwoiI9ysWV,Mortena Jiru Woreda,yb9NKGA8uqt,Amhara,52,0,0,NA,0,TRUE,FALSE,FALSE
pAz5YluNxE6,Lumamie Primary Hospital,yb9NKGA8uqt,Amhara,21,1,1,1,0,TRUE,TRUE,FALSE
pBoaSQ4gN6J,Doctor Leta Obstetrics And Gynecology Specialty Clinics,b9nYedsL8te,Harari,1,0,0,NA,0,TRUE,FALSE,FALSE
pCAJuIw5IjN,Berek Woreda,XU2wpLlX4Vk,Oromia,42,0,0,NA,0,TRUE,FALSE,FALSE
pF5U1LYxiOE,ICMC General Hospital,yY9BLUUegel,Addis Ababa,10,0,0,NA,0,TRUE,FALSE,FALSE
pGQFP7TAQb0,Machakel Woreda,yb9NKGA8uqt,Amhara,126,4,4,1,0,TRUE,TRUE,FALSE
pHkNwDa000r,Mari mansa Woreda,HIlnt7Qj8do,South West Ethiopia,5,0,0,NA,0,TRUE,FALSE,FALSE
pIIYotIhd1i,Sofi_PHCU,b9nYedsL8te,Harari,22,0,0,NA,0,TRUE,FALSE,FALSE
pIKmMTxpEeT,Roha Medium Clinic,yb9NKGA8uqt,Amhara,0,0,0,NA,0,FALSE,FALSE,FALSE
pKFkO3GIG6V,Modern Specialed Medium Clinic,XU2wpLlX4Vk,Oromia,0,0,0,NA,0,FALSE,FALSE,FALSE
pMpah3aSK6t,Selewa Woreda,Gmw0DJLXGtx,Tigray,24,0,0,NA,0,TRUE,FALSE,FALSE
pNqUm2kswt5,Fitih Primary Clinic,XU2wpLlX4Vk,Oromia,0,0,0,NA,0,FALSE,FALSE,FALSE
pOPRvMp3cjW,Bereka Maternal And Child Health Specialty Center,yY9BLUUegel,Addis Ababa,0,0,0,NA,0,FALSE,FALSE,FALSE
pPfQs9kybxP,Worebabo Woreda,yb9NKGA8uqt,Amhara,96,12,0,0,12,TRUE,TRUE,FALSE
pPhUAuBrOmG,Koye Feche Sub City,XU2wpLlX4Vk,Oromia,84,1,1,1,0,TRUE,TRUE,FALSE
pQGrKaprttQ,Robe Medium Clinic,XU2wpLlX4Vk,Oromia,3,0,0,NA,0,TRUE,FALSE,FALSE
pT9GYAAsEsZ,Masha Town Administration,HIlnt7Qj8do,South West Ethiopia,43,0,0,NA,0,TRUE,FALSE,FALSE
pTHNKW74jiW,Letan Primary Clinic,XU2wpLlX4Vk,Oromia,0,0,0,NA,0,FALSE,FALSE,FALSE
pTd4NEtW9Yy,Habro Woreda,XU2wpLlX4Vk,Oromia,58,1,1,1,0,TRUE,TRUE,FALSE
pW1LIy7YCV4,Doctor Aklilu Moges Medium clinic_Closed,yb9NKGA8uqt,Amhara,0,0,0,NA,0,FALSE,FALSE,FALSE
pWRK8ddfSYZ,Dubti Woreda,UFtGyqJMEZh,Afar,0,0,0,NA,0,FALSE,FALSE,FALSE
pWwM8fQF3Cg,Tokuma Medium Clinic,XU2wpLlX4Vk,Oromia,0,0,0,NA,0,FALSE,FALSE,FALSE
pdx9VdAeyDM,Medawalabu Medium Clinic,XU2wpLlX4Vk,Oromia,5,0,0,NA,0,TRUE,FALSE,FALSE
peeMBLNNu6k,Stadium Primary Clinic,XU2wpLlX4Vk,Oromia,0,0,0,NA,0,FALSE,FALSE,FALSE
pf1ZfA9LuVf,Elite Medium Clinic,tDoLtk2ylu4,Central Ethiopia,0,0,0,NA,0,FALSE,FALSE,FALSE
pgsy9MEFcsz,Melkajebdu_PHCU,G9hDiPNoB7d,Dire Dawa,20,0,0,NA,0,TRUE,FALSE,FALSE
ph4sfT3DiRN,Gorche Woreda,xNUoZIrGKxQ,Sidama,39,0,0,NA,0,TRUE,FALSE,FALSE
phDnlePR4AM,Keranyo Health Center,yY9BLUUegel,Addis Ababa,1,0,0,NA,0,TRUE,FALSE,FALSE
potVubwvlZr,Melka Belo Primary Hospital,XU2wpLlX4Vk,Oromia,10,1,1,1,0,TRUE,TRUE,FALSE
ppBye43pDqT,Shire Endasilase Woreda,Gmw0DJLXGtx,Tigray,41,0,0,NA,0,TRUE,FALSE,FALSE
ppFSOcHlK7R,Didu Woreda,XU2wpLlX4Vk,Oromia,20,1,0,0,1,TRUE,TRUE,FALSE
pqWmYpImchX,Addis MCH Center,yY9BLUUegel,Addis Ababa,7,0,0,NA,0,TRUE,FALSE,FALSE
ptdZIt7RlmC,Essa Medium clinic,XU2wpLlX4Vk,Oromia,4,0,0,NA,0,TRUE,FALSE,FALSE
ptjoj3kwDkP,Addis Hiwot Medium clinic,moBiwh9h5Ce,Gambella,6,0,0,NA,0,TRUE,FALSE,FALSE
puS3FuLTMCz,Kercha Woreda,XU2wpLlX4Vk,Oromia,11,0,0,NA,0,TRUE,FALSE,FALSE
pvrp8DceZEP,Begi Primary Hospital,XU2wpLlX4Vk,Oromia,21,140,106,0.7571428571428571,34,TRUE,TRUE,FALSE
pwTl5wm2tFv,Agape Medium Clinic,XU2wpLlX4Vk,Oromia,2,0,0,NA,0,TRUE,FALSE,FALSE
px9f1xU9hgO,Saylem Woreda,HIlnt7Qj8do,South West Ethiopia,32,0,0,NA,0,TRUE,FALSE,FALSE
pxoH1I6iAoE,Noor Medium Clinic,Fccw8uMlJHN,Benishangul-Gumuz,0,0,0,NA,0,FALSE,FALSE,FALSE
pyLW4dF4fnB,Yirgachefe Town Administration,a2QIIR2UXcd,South Ethiopia,2,12,0,0,12,TRUE,TRUE,FALSE
pzIF2i2Qkxt,Gurumo koysha_PHCU,a2QIIR2UXcd,South Ethiopia,22,0,0,NA,0,TRUE,FALSE,FALSE
q1r9bdJA4jt,Udessa Washe Woyira_PHCU,tDoLtk2ylu4,Central Ethiopia,11,0,0,NA,0,TRUE,FALSE,FALSE
q1uH9yoOXu8,Gursum Primary Hospital,XU2wpLlX4Vk,Oromia,22,0,0,NA,0,TRUE,FALSE,FALSE
q2oOLqFsqcV,Arabsa Health Center,yY9BLUUegel,Addis Ababa,4,0,0,NA,0,TRUE,FALSE,FALSE
q6Ht7flqQtx,Sanja Primary Hospital,yb9NKGA8uqt,Amhara,10,0,0,NA,0,TRUE,FALSE,FALSE
q7R6cbrOQOU,Doctor Habtamhu Internal Medicine Specialty Center,yb9NKGA8uqt,Amhara,0,0,0,NA,0,FALSE,FALSE,FALSE
q7k4ct77eBn,weroda 10 Health Center,yY9BLUUegel,Addis Ababa,3,0,0,NA,0,TRUE,FALSE,FALSE
q8DQBBChb66,Kumi Meles Zenawi Memorial Primary Hospital,moBiwh9h5Ce,Gambella,8,0,0,NA,0,TRUE,FALSE,FALSE
q8J2G7Q81SD,Ziway Dugda Woreda,XU2wpLlX4Vk,Oromia,80,4,0,0,4,TRUE,TRUE,FALSE
q9LszF4l7N5,Daela Woreda,xNUoZIrGKxQ,Sidama,20,0,0,NA,0,TRUE,FALSE,FALSE
qFnc8ndCQRM,New Land Health Center,moBiwh9h5Ce,Gambella,22,0,0,NA,0,TRUE,FALSE,FALSE
qGzwWp4C6Zb,Tongo_PHCU,Fccw8uMlJHN,Benishangul-Gumuz,10,7,4,0.5714285714285714,3,TRUE,TRUE,FALSE
qJ5LAX4krz8,Etete Medium Clinic,XU2wpLlX4Vk,Oromia,0,0,0,NA,0,FALSE,FALSE,FALSE
qL4aI2WIksU,MSI Ethiopia Maternal And Child Health Speciality Center (Kirkos),yY9BLUUegel,Addis Ababa,23,0,0,NA,0,TRUE,FALSE,FALSE
qLs8xRHQuzD,Gulina Woreda,UFtGyqJMEZh,Afar,25,0,0,NA,0,TRUE,FALSE,FALSE
qMpWmemqEmV,Bilajig_PHCU,yb9NKGA8uqt,Amhara,4,0,0,NA,0,TRUE,FALSE,FALSE
qOAnYgPZwSy,Melka Soda Primary Hospital,XU2wpLlX4Vk,Oromia,12,0,0,NA,0,TRUE,FALSE,FALSE
qOt8IDhcRY5,Kasanchis ye Etenu Beteseb Medium Clinic,yY9BLUUegel,Addis Ababa,0,0,0,NA,0,FALSE,FALSE,FALSE
qPDatVlL8nP,Ejere Woreda,XU2wpLlX4Vk,Oromia,30,0,0,NA,0,TRUE,FALSE,FALSE
qQGmienzJeq,Soyama Town Administration,a2QIIR2UXcd,South Ethiopia,11,0,0,NA,0,TRUE,FALSE,FALSE
qTM6kY0cAkV,Dr. Desalegn Medium Clinic,yb9NKGA8uqt,Amhara,0,0,0,NA,0,FALSE,FALSE,FALSE
qW2nWmxvY97,Bruhan Medium Clinic,XU2wpLlX4Vk,Oromia,1,0,0,NA,0,TRUE,FALSE,FALSE
qYIXy3aRbEF,Amoraw Memmorial Health Center,yY9BLUUegel,Addis Ababa,3,0,0,NA,0,TRUE,FALSE,FALSE
qajdtYqdqtS,West Dembia Woreda,yb9NKGA8uqt,Amhara,88,0,0,NA,0,TRUE,FALSE,FALSE
qaz3LsO6zCS,Etgie Mintiwab Health center,yb9NKGA8uqt,Amhara,22,0,0,NA,0,TRUE,FALSE,FALSE
qbJENX0nrlB,Adissalem Primery Clinc,yb9NKGA8uqt,Amhara,0,0,0,NA,0,FALSE,FALSE,FALSE
qbjkyb4MV7G,Adola Town,XU2wpLlX4Vk,Oromia,167,0,0,NA,0,TRUE,FALSE,FALSE
qe0TcIzB16u,Docter Arega Medium Clinic,yb9NKGA8uqt,Amhara,0,0,0,NA,0,FALSE,FALSE,FALSE
qeXND1TzCsM,Guto Gida Woreda,XU2wpLlX4Vk,Oromia,37,11,7,0.6363636363636364,4,TRUE,TRUE,FALSE
qg2HmUJAuva,Woldia Drop In Center,yb9NKGA8uqt,Amhara,0,0,0,NA,0,FALSE,FALSE,FALSE
qgr0nV2BwdX,Oda Bultum Woreda,XU2wpLlX4Vk,Oromia,93,8,0,0,8,TRUE,TRUE,FALSE
qhpUoAV6M14,Negele Borena Town,XU2wpLlX4Vk,Oromia,11,0,0,NA,0,TRUE,FALSE,FALSE
qiBQEM5DGd9,Doctor Ansuar Mohammed Medium Clinic,yb9NKGA8uqt,Amhara,8,0,0,NA,0,TRUE,FALSE,FALSE
qjO9Roxw33b,Awbare Woreda,PCKGSJoNHXi,Somali,83,0,0,NA,0,TRUE,FALSE,FALSE
qkgdZ8ZvNg4,Family Primary Clinic,XU2wpLlX4Vk,Oromia,0,0,0,NA,0,FALSE,FALSE,FALSE
qlDzr3hmMPL,Asad Medium Clinic 2,XU2wpLlX4Vk,Oromia,0,0,0,NA,0,FALSE,FALSE,FALSE
qnUUJmiHr47,Bonsa Primary Clinic,XU2wpLlX4Vk,Oromia,1,0,0,NA,0,TRUE,FALSE,FALSE
qpX1JyGNFTt,Gesem Medium Clinic,XU2wpLlX4Vk,Oromia,0,0,0,NA,0,FALSE,FALSE,FALSE
qpgP0DuB0L8,Debube Primary Clinic,yY9BLUUegel,Addis Ababa,17,0,0,NA,0,TRUE,FALSE,FALSE
qprVgYgP51k,Absiniya Medium Clinic,XU2wpLlX4Vk,Oromia,3,0,0,NA,0,TRUE,FALSE,FALSE
qrVuYgd4SUM,Gorka Woreda,a2QIIR2UXcd,South Ethiopia,45,5,0,0,5,TRUE,TRUE,FALSE
qtsLHIJDpFh,Batu_PHCU,XU2wpLlX4Vk,Oromia,17,0,0,NA,0,TRUE,FALSE,FALSE
qtxGR74BlkS,Sibu Sire Woreda,XU2wpLlX4Vk,Oromia,27,6,1,0.16666666666666666,5,TRUE,TRUE,FALSE
qtytap2iIbs,Kobo Primary hospital,yb9NKGA8uqt,Amhara,23,0,0,NA,0,TRUE,FALSE,FALSE
qucB2fYndFR,Tibebe Ghion Comprehensive Specialized Hospital,yb9NKGA8uqt,Amhara,13,29,21,0.7241379310344828,8,TRUE,TRUE,FALSE
qvKOKPyQzyX,Nadi Primary Clinic,XU2wpLlX4Vk,Oromia,0,0,0,NA,0,FALSE,FALSE,FALSE
qve4CNxQT1Y,Catolec Speciality Clinic,XU2wpLlX4Vk,Oromia,4,0,0,NA,0,TRUE,FALSE,FALSE
qwNxAeKn6el,Mati Medium clinic,XU2wpLlX4Vk,Oromia,0,0,0,NA,0,FALSE,FALSE,FALSE
r0J0UBWv4t5,Prison Primary Clinic,yb9NKGA8uqt,Amhara,0,0,0,NA,0,FALSE,FALSE,FALSE
r0flEtAJPBD,Eba Specialty Clinic,b9nYedsL8te,Harari,0,0,0,NA,0,FALSE,FALSE,FALSE
r1nGV1mDAWn,Chewaka Woreda,XU2wpLlX4Vk,Oromia,43,1,1,1,0,TRUE,TRUE,FALSE
r3E8Uvd8bx5,Dechatu_PHCU,G9hDiPNoB7d,Dire Dawa,39,0,0,NA,0,TRUE,FALSE,FALSE
r3Sy3UsqwJc,Alem Medium clinic,yb9NKGA8uqt,Amhara,0,0,0,NA,0,FALSE,FALSE,FALSE
r4ipUAzEcLx,Sisota_PHCU,a2QIIR2UXcd,South Ethiopia,5,0,0,NA,0,TRUE,FALSE,FALSE
r5ToSfqDevJ,Alamata Town,Gmw0DJLXGtx,Tigray,21,0,0,NA,0,TRUE,FALSE,FALSE
r5aP9RM1jxF,Jimma_PHCU,XU2wpLlX4Vk,Oromia,0,0,0,NA,0,FALSE,FALSE,FALSE
r6gY5pwKo6x,Dega Woreda,XU2wpLlX4Vk,Oromia,6,0,0,NA,0,TRUE,FALSE,FALSE
r7gbLvBUfYV,Leta Medium Clinic,XU2wpLlX4Vk,Oromia,0,0,0,NA,0,FALSE,FALSE,FALSE
r98GxVQJn1j,Birqod Woreda,PCKGSJoNHXi,Somali,3,0,0,NA,0,TRUE,FALSE,FALSE
rAGMe1IZ7uy,Moyale Woreda,PCKGSJoNHXi,Somali,83,9,2,0.2222222222222222,7,TRUE,TRUE,FALSE
rDKHVgnu47M,Marie stopes International Ethiopia Medium Clinic,yY9BLUUegel,Addis Ababa,0,0,0,NA,0,FALSE,FALSE,FALSE
rEzIu6rfE9t,Jile Timuga Woreda,yb9NKGA8uqt,Amhara,87,0,0,NA,0,TRUE,FALSE,FALSE
rGKizU3B9ix,Kercha Town Health Office,XU2wpLlX4Vk,Oromia,22,0,0,NA,0,TRUE,FALSE,FALSE
rHzNlvMwAnN,Ilu Galan Woreda,XU2wpLlX4Vk,Oromia,56,0,0,NA,0,TRUE,FALSE,FALSE
rI4Zcf8o06A,Limu Genet General Hospital,XU2wpLlX4Vk,Oromia,22,0,0,NA,0,TRUE,FALSE,FALSE
rIKJpGARb2T,Bokolmanyo Woreda,PCKGSJoNHXi,Somali,33,0,0,NA,0,TRUE,FALSE,FALSE
rK8Ca7V7Wb7,Gibe Medium Clinic,XU2wpLlX4Vk,Oromia,0,0,0,NA,0,FALSE,FALSE,FALSE
rKk9wG6waw3,Chilaloshed Primary Hospital,XU2wpLlX4Vk,Oromia,20,0,0,NA,0,TRUE,FALSE,FALSE
rM3jXGT0vYf,Ethiotebib General Hospital,yY9BLUUegel,Addis Ababa,5,0,0,NA,0,TRUE,FALSE,FALSE
rMchClWhywN,Universal  Medium Clinic,XU2wpLlX4Vk,Oromia,0,0,0,NA,0,FALSE,FALSE,FALSE
rMpX1y3LMc8,Unity Medium Clinic,XU2wpLlX4Vk,Oromia,0,0,0,NA,0,FALSE,FALSE,FALSE
rQmIhfM1FIW,Niyana Medium Clinic,XU2wpLlX4Vk,Oromia,1,0,0,NA,0,TRUE,FALSE,FALSE
rQsKTz7BDFJ,Angacha Town,tDoLtk2ylu4,Central Ethiopia,27,0,0,NA,0,TRUE,FALSE,FALSE
rRbLehKbjWY,Hachalu Medium Clinic,XU2wpLlX4Vk,Oromia,0,0,0,NA,0,FALSE,FALSE,FALSE
rRmvh6p8SHk,Walin Medium Clinic,XU2wpLlX4Vk,Oromia,0,0,0,NA,0,FALSE,FALSE,FALSE
rS1T7QSY0hH,Meda Walabu Medium Clinic,XU2wpLlX4Vk,Oromia,0,0,0,NA,0,FALSE,FALSE,FALSE
rTbTzQOENO7,Ifnan Medium Clinic,XU2wpLlX4Vk,Oromia,22,0,0,NA,0,TRUE,FALSE,FALSE
rUteZFC6hDX,Sewena Woreda,XU2wpLlX4Vk,Oromia,177,0,0,NA,0,TRUE,FALSE,FALSE
rVtQd6dkqT5,Industrial Parks Development Corporation Primary clinic,yb9NKGA8uqt,Amhara,0,0,0,NA,0,FALSE,FALSE,FALSE
rWZanoh5gtl,Bore Primary Hospital,XU2wpLlX4Vk,Oromia,12,0,0,NA,0,TRUE,FALSE,FALSE
rX92eW2QWjP,Quara Woreda,yb9NKGA8uqt,Amhara,108,1,0,0,1,TRUE,TRUE,FALSE
rXj2yfcbaAX,Melo Gada Woreda,a2QIIR2UXcd,South Ethiopia,6,1,1,1,0,TRUE,TRUE,FALSE
rXyOUlZefKE,Meta Robi Woreda,XU2wpLlX4Vk,Oromia,6,1,1,1,0,TRUE,TRUE,FALSE
rZ6qAvSblBD,Chinaksen Woreda,XU2wpLlX4Vk,Oromia,90,6,5,0.8333333333333334,1,TRUE,TRUE,FALSE
ralxv3Tm2Ht,Dr Eshitu Medium Clinic,yb9NKGA8uqt,Amhara,0,0,0,NA,0,FALSE,FALSE,FALSE
rcADAZkHwBB,Damot Woyide Woreda,a2QIIR2UXcd,South Ethiopia,31,0,0,NA,0,TRUE,FALSE,FALSE
rcDS6CTXXrM,Dr Tefera Medium Clinic,yb9NKGA8uqt,Amhara,3,0,0,NA,0,TRUE,FALSE,FALSE
rcQoF73qeM3,Metu Primary Clinic _Closed,XU2wpLlX4Vk,Oromia,0,0,0,NA,0,FALSE,FALSE,FALSE
rcxjThtyWB5,Kidanmehret Primary Clinic,yb9NKGA8uqt,Amhara,0,0,0,NA,0,FALSE,FALSE,FALSE
rdQKPomL6wa,Shashemane Poly Medium Clinic,XU2wpLlX4Vk,Oromia,0,0,0,NA,0,FALSE,FALSE,FALSE
rfJJZ1KSy1M,Bizet Woreda,Gmw0DJLXGtx,Tigray,23,0,0,NA,0,TRUE,FALSE,FALSE
rh6wmjKXV1z,Abuna Gindeberet Woreda,XU2wpLlX4Vk,Oromia,61,1,0,0,1,TRUE,TRUE,FALSE
rjAB2yRsGRO,Rihobot Medium Clinic,XU2wpLlX4Vk,Oromia,0,0,0,NA,0,FALSE,FALSE,FALSE
rjOiqji8Q9V,Amhara Saint Woreda,yb9NKGA8uqt,Amhara,117,2,1,0.5,1,TRUE,TRUE,FALSE
rk8D4qfK9HK,Haleluya General Hospital,yY9BLUUegel,Addis Ababa,20,0,0,NA,0,TRUE,FALSE,FALSE
rlsAwDCSJdC,Wuchale Woreda,XU2wpLlX4Vk,Oromia,124,0,0,NA,0,TRUE,FALSE,FALSE
rmWjoEVrKcq,Selihom Medium Clinic,a2QIIR2UXcd,South Ethiopia,0,0,0,NA,0,FALSE,FALSE,FALSE
roJu2fl8RxI,Kucha Alpha Woreda,a2QIIR2UXcd,South Ethiopia,63,1,4,4,0,TRUE,TRUE,FALSE
rpIiuh45J0C,General Jagema Kelo memorial health center,yY9BLUUegel,Addis Ababa,17,0,0,NA,0,TRUE,FALSE,FALSE
rrK0jmMCV79,Haramaya General Hospital,XU2wpLlX4Vk,Oromia,18,0,0,NA,0,TRUE,FALSE,FALSE
rsBBSbtZziV,Bilo Nopha Woreda,XU2wpLlX4Vk,Oromia,13,3,0,0,3,TRUE,TRUE,FALSE
ru4IEOWh9Zi,Lay Gayint Woreda,yb9NKGA8uqt,Amhara,127,6,0,0,6,TRUE,TRUE,FALSE
ruXAYJHfXuh,Girar Jarso Woreda,XU2wpLlX4Vk,Oromia,17,1,1,1,0,TRUE,TRUE,FALSE
rwB19sQQb9I,Dabe Sub City,XU2wpLlX4Vk,Oromia,33,2,0,0,2,TRUE,TRUE,FALSE
ry689K7rHvM,Kajima dibayu_PHCU,XU2wpLlX4Vk,Oromia,19,0,0,NA,0,TRUE,FALSE,FALSE
ryxRqfU0BPr,Woreb Medium Clinic,yb9NKGA8uqt,Amhara,4,0,0,NA,0,TRUE,FALSE,FALSE
s0dpsPfOWiI,Sekota Zuria Woreda,yb9NKGA8uqt,Amhara,76,6,0,0,6,TRUE,TRUE,FALSE
s3KNgOdhTQS,Doctor Mulunehe Midium Clinic_Closed,a2QIIR2UXcd,South Ethiopia,0,0,0,NA,0,FALSE,FALSE,FALSE
s4MLi787M9s,FGAE MCH Specialty Center,yY9BLUUegel,Addis Ababa,4,1,1,1,0,TRUE,TRUE,FALSE
s5w8iKLcwQy,Gedebano Gutazer Welene Woreda,tDoLtk2ylu4,Central Ethiopia,63,0,0,NA,0,TRUE,FALSE,FALSE
s8SpTp7B3ui,Kidena Mihret Medium Clinic,XU2wpLlX4Vk,Oromia,0,0,0,NA,0,FALSE,FALSE,FALSE
s9RM55TbM9e,Woreda 2 Health Center,yY9BLUUegel,Addis Ababa,22,0,0,NA,0,TRUE,FALSE,FALSE
sAHGGCqecSH,Zay Woreda,Fccw8uMlJHN,Benishangul-Gumuz,30,6,0,0,6,TRUE,TRUE,FALSE
sBLijW98tkD,Adisalem Primary Hospital,yb9NKGA8uqt,Amhara,24,0,0,NA,0,TRUE,FALSE,FALSE
sBRF49lFCBo,Eldina Number 1 Medium Clinic,yY9BLUUegel,Addis Ababa,0,0,0,NA,0,FALSE,FALSE,FALSE
sBtoq9f6wET,Heal Africa Health City Bethel General Hospital,yY9BLUUegel,Addis Ababa,0,0,0,NA,0,FALSE,FALSE,FALSE
sCBLoraGssP,Haromaya Woreda,XU2wpLlX4Vk,Oromia,55,12,3,0.25,9,TRUE,TRUE,FALSE
sClg7uAfvBU,Oda Medium Clinic,XU2wpLlX4Vk,Oromia,0,0,0,NA,0,FALSE,FALSE,FALSE
sCncvHu0ggv,Sheno_PHCU,XU2wpLlX4Vk,Oromia,6,0,0,NA,0,TRUE,FALSE,FALSE
sF6TV0muZAG,Grace Maternity Child Health Specialty Center,yY9BLUUegel,Addis Ababa,20,0,0,NA,0,TRUE,FALSE,FALSE
sF8qMLmGTRX,Bura Woreda,xNUoZIrGKxQ,Sidama,44,10,5,0.5,5,TRUE,TRUE,FALSE
sFczP2yq1Gx,Lode Hetosa Woreda,XU2wpLlX4Vk,Oromia,91,0,0,NA,0,TRUE,FALSE,FALSE
sFscWsVvi4f,Tesfa Meduim Clinic,yb9NKGA8uqt,Amhara,2,0,0,NA,0,TRUE,FALSE,FALSE
sJIHZzale5J,Adam Midium Clinic,yb9NKGA8uqt,Amhara,0,0,0,NA,0,FALSE,FALSE,FALSE
sK54xsMqv1N,Medina Medium Clinic,yb9NKGA8uqt,Amhara,4,0,0,NA,0,TRUE,FALSE,FALSE
sQusO2kfbhL,Wonji Gafersa Health Center,XU2wpLlX4Vk,Oromia,0,1,0,0,1,FALSE,TRUE,TRUE
sUcM6va6Ro3,Agaro Vital Care,XU2wpLlX4Vk,Oromia,0,0,0,NA,0,FALSE,FALSE,FALSE
sVnV3gsuT22,Dalifaghe Woreda,UFtGyqJMEZh,Afar,2,0,0,NA,0,TRUE,FALSE,FALSE
sX0YYMbp6za,Adola General Hospital,XU2wpLlX4Vk,Oromia,10,0,0,NA,0,TRUE,FALSE,FALSE
sXw4Y3hfz1F,Franbon Medium Clinic,XU2wpLlX4Vk,Oromia,0,0,0,NA,0,FALSE,FALSE,FALSE
sZC8ZEaccsY,Abigiya No1 Medium Clinic,yY9BLUUegel,Addis Ababa,0,0,0,NA,0,FALSE,FALSE,FALSE
sZkmZ00jTyQ,ST MICHEL MEDIUM CLINIC_Closed,yY9BLUUegel,Addis Ababa,0,0,0,NA,0,FALSE,FALSE,FALSE
sc0LmL3I9vJ,Hanan Primary Clinic,XU2wpLlX4Vk,Oromia,0,0,0,NA,0,FALSE,FALSE,FALSE
scnPuD8Jl2l,Debark Town Woreda,yb9NKGA8uqt,Amhara,21,0,0,NA,0,TRUE,FALSE,FALSE
seCMZNSAPpf,Dessie Zuria Woreda,yb9NKGA8uqt,Amhara,151,0,0,NA,0,TRUE,FALSE,FALSE
sflns6WU6Ra,Bethzata General Hospital,yY9BLUUegel,Addis Ababa,11,0,0,NA,0,TRUE,FALSE,FALSE
sflyRvLsOaA,Aboker Health Center,b9nYedsL8te,Harari,17,0,0,NA,0,TRUE,FALSE,FALSE
sfv3ey6H15C,22 Mazoria Internal Medicine Speciality Clinic,yY9BLUUegel,Addis Ababa,0,0,0,NA,0,FALSE,FALSE,FALSE
sgpC6Dlp3fl,Awash Medium Clinic,XU2wpLlX4Vk,Oromia,0,0,0,NA,0,FALSE,FALSE,FALSE
siWyXOiz3C2,Abawoldetensay mothers a and childrens medium clinic,yY9BLUUegel,Addis Ababa,0,0,0,NA,0,FALSE,FALSE,FALSE
snAX12TjArW,Worabe Comprehensive Specialized Hospital,tDoLtk2ylu4,Central Ethiopia,23,0,0,NA,0,TRUE,FALSE,FALSE
snDsOovetTm,Gumbi Bordode Woreda,XU2wpLlX4Vk,Oromia,38,16,1,0.0625,15,TRUE,TRUE,FALSE
snn1c9QproS,Ayalew Medium Clinic,yb9NKGA8uqt,Amhara,0,0,0,NA,0,FALSE,FALSE,FALSE
snsazSsxQQ8,Mitto Woreda,tDoLtk2ylu4,Central Ethiopia,17,8,0,0,8,TRUE,TRUE,FALSE
sqnAVGX4AZa,Tegede Primary Hospital,yb9NKGA8uqt,Amhara,21,1,0,0,1,TRUE,TRUE,FALSE
sr6iIRMYzWA,Keyh Tekli Woreda,Gmw0DJLXGtx,Tigray,81,1,0,0,1,TRUE,TRUE,FALSE
ssThkeSuKqN,Kidanemihiret Primary Clinic,XU2wpLlX4Vk,Oromia,1,0,0,NA,0,TRUE,FALSE,FALSE
styrKPTWbnm,Henok Medium Clinic,XU2wpLlX4Vk,Oromia,0,0,0,NA,0,FALSE,FALSE,FALSE
sv6Qqgy1O5S,Robe Teachers Collage Primary Clinic,XU2wpLlX4Vk,Oromia,4,0,0,NA,0,TRUE,FALSE,FALSE
sx50ZR5JRwR,Yilmana Densa Woreda Health Office,yb9NKGA8uqt,Amhara,155,0,0,NA,0,TRUE,FALSE,FALSE
sysFfMqyy29,Arbegona Woreda,xNUoZIrGKxQ,Sidama,112,27,5,0.18518518518518517,22,TRUE,TRUE,FALSE
szoPcxZgQQ4,Hiwot Primary Clinic,moBiwh9h5Ce,Gambella,0,0,0,NA,0,FALSE,FALSE,FALSE
szopSJWDzDf,Learsema Medium Clinic,yY9BLUUegel,Addis Ababa,0,0,0,NA,0,FALSE,FALSE,FALSE
t2DIsU6v2pQ,Dendi Woreda,XU2wpLlX4Vk,Oromia,87,1,0,0,1,TRUE,TRUE,FALSE
t3w7CqOXDoV,Ginnir Town,XU2wpLlX4Vk,Oromia,20,0,0,NA,0,TRUE,FALSE,FALSE
t7tyfOzLwOC,Gidami Woreda,XU2wpLlX4Vk,Oromia,82,0,0,NA,0,TRUE,FALSE,FALSE
tACadSN1m31,Mekirez Medium Clinic,yb9NKGA8uqt,Amhara,0,0,0,NA,0,FALSE,FALSE,FALSE
tCZYvXXFYA1,Tebarek Meduim Clinic,XU2wpLlX4Vk,Oromia,0,0,0,NA,0,FALSE,FALSE,FALSE
tDnHnhD3C68,Adiyo Woreda,HIlnt7Qj8do,South West Ethiopia,70,0,0,NA,0,TRUE,FALSE,FALSE
tDwBT5Pqyx3,Jigjiga Primary Hospital,PCKGSJoNHXi,Somali,23,1,0,0,1,TRUE,TRUE,FALSE
tEeqYDnMSDI,Paulos Medium Clinic,XU2wpLlX4Vk,Oromia,0,0,0,NA,0,FALSE,FALSE,FALSE
tFUpJDCkgBE,Seka Chekorsa Woreda,XU2wpLlX4Vk,Oromia,120,0,0,NA,0,TRUE,FALSE,FALSE
tG553C5zNwv,Raey Medium Clinic,yb9NKGA8uqt,Amhara,0,0,0,NA,0,FALSE,FALSE,FALSE
tGCKSiR8SaI,Anderacha Woreda,HIlnt7Qj8do,South West Ethiopia,5,0,0,NA,0,TRUE,FALSE,FALSE
tH5vU3bucWG,Hawa Gelane Primary Hospital,XU2wpLlX4Vk,Oromia,16,1,1,1,0,TRUE,TRUE,FALSE
tHmrK3jzzCx,Zembaba Medium Clinic,yb9NKGA8uqt,Amhara,0,0,0,NA,0,FALSE,FALSE,FALSE
tK5JVkBBf00,Doctor Kefelegne Internal Medicine Speciality Clinic,yb9NKGA8uqt,Amhara,0,0,0,NA,0,FALSE,FALSE,FALSE
tKTOByn5tkt,Selam Dr Aragaw Medium Clinic,yb9NKGA8uqt,Amhara,3,0,0,NA,0,TRUE,FALSE,FALSE
tLDTycoE5u2,Dr.Areya Medium Clinic,yY9BLUUegel,Addis Ababa,0,0,0,NA,0,FALSE,FALSE,FALSE
tMINMJ3CZ85,Atoti Ulo Woreda,tDoLtk2ylu4,Central Ethiopia,22,0,0,NA,0,TRUE,FALSE,FALSE
tMzu6dGWz4v,Kibet Town,tDoLtk2ylu4,Central Ethiopia,5,0,0,NA,0,TRUE,FALSE,FALSE
tNxAFfIjPS4,Ganji Woreda,XU2wpLlX4Vk,Oromia,51,0,0,NA,0,TRUE,FALSE,FALSE
tOIMH3mRmot,Addisu Medium Clinic,XU2wpLlX4Vk,Oromia,5,0,0,NA,0,TRUE,FALSE,FALSE
tQHO8LFxpr5,Saden Sodo Woreda,XU2wpLlX4Vk,Oromia,21,0,0,NA,0,TRUE,FALSE,FALSE
tTrQpKokCxV,Kidus Gebriel Medium Clinic,XU2wpLlX4Vk,Oromia,6,0,0,NA,0,TRUE,FALSE,FALSE
tWHQXCr2zLL,Mohamed Medium Clinic wedamado,yb9NKGA8uqt,Amhara,2,0,0,NA,0,TRUE,FALSE,FALSE
tWfYPSIixtp,Merry Obstetrics and Gynecologic Specialty Clinic,b9nYedsL8te,Harari,0,0,0,NA,0,FALSE,FALSE,FALSE
tWkKn1DlD3P,Jarso Woreda,XU2wpLlX4Vk,Oromia,39,6,6,1,0,TRUE,TRUE,FALSE
tY8nm2dNCHv,East Badawacho Woreda,tDoLtk2ylu4,Central Ethiopia,43,0,0,NA,0,TRUE,FALSE,FALSE
tZJRaGWN8X7,Goro Primary Hospital,XU2wpLlX4Vk,Oromia,23,0,0,NA,0,TRUE,FALSE,FALSE
taWJ7D3ekjA,Harena Buluk Woreda,XU2wpLlX4Vk,Oromia,139,0,0,NA,0,TRUE,FALSE,FALSE
tbGifQAGxYG,Abenezer Medium Clinic,XU2wpLlX4Vk,Oromia,22,0,0,NA,0,TRUE,FALSE,FALSE
td8nXwzsYnO,Elfora Primary Clinic,yb9NKGA8uqt,Amhara,0,0,0,NA,0,FALSE,FALSE,FALSE
tdBLeEqDqhG,Kombolcha Woreda,XU2wpLlX4Vk,Oromia,69,0,0,NA,0,TRUE,FALSE,FALSE
teH1yYQYGhD,Tebela Town Administration,a2QIIR2UXcd,South Ethiopia,21,0,0,NA,0,TRUE,FALSE,FALSE
tf7vqGuHkwX,Jara Pediatric Specialty Clinic,XU2wpLlX4Vk,Oromia,0,0,0,NA,0,FALSE,FALSE,FALSE
tfkbZqHZfwo,Gohe Medium Clinic,yb9NKGA8uqt,Amhara,0,0,0,NA,0,FALSE,FALSE,FALSE
tgULAm6kkKo,Bachuma Town Administration,HIlnt7Qj8do,South West Ethiopia,11,0,0,NA,0,TRUE,FALSE,FALSE
thBLcNrmYri,Berano Woreda,PCKGSJoNHXi,Somali,30,16,14,0.875,2,TRUE,TRUE,FALSE
tirTHX16rOM,Bete Abreha Medium Eye Clinic,yb9NKGA8uqt,Amhara,0,0,0,NA,0,FALSE,FALSE,FALSE
tkCiSwJLOZe,Bishoftu General Hospital,XU2wpLlX4Vk,Oromia,23,0,0,NA,0,TRUE,FALSE,FALSE
tlII77NWrMk,Abaqaraw woreda,PCKGSJoNHXi,Somali,6,0,0,NA,0,TRUE,FALSE,FALSE
tmN6SykgCzF,Burka Dhimtu Primary Hospital,XU2wpLlX4Vk,Oromia,17,0,0,NA,0,TRUE,FALSE,FALSE
tmiNxDnMxvv,Kombolcha Kebele 05_PHCU,yb9NKGA8uqt,Amhara,6,0,0,NA,0,TRUE,FALSE,FALSE
tnCzWp7vVqL,Sherkole Woreda,Fccw8uMlJHN,Benishangul-Gumuz,61,0,0,NA,0,TRUE,FALSE,FALSE
tnGRSdc1pbM,Sinan Woreda,yb9NKGA8uqt,Amhara,125,5,0,0,5,TRUE,TRUE,FALSE
toDBcK4orR5,Kidus Medium Clinic,XU2wpLlX4Vk,Oromia,0,0,0,NA,0,FALSE,FALSE,FALSE
toN4s6tXf7k,MSI Ethiopia Maternal And Child Health Speciality Center (Hayahulet),yY9BLUUegel,Addis Ababa,0,0,0,NA,0,FALSE,FALSE,FALSE
touDLbJ4SQq,Dream Care General Hospital,yb9NKGA8uqt,Amhara,13,0,0,NA,0,TRUE,FALSE,FALSE
tpncMRz0gRQ,Doctor Fitsum MCH Specialty Clinic,a2QIIR2UXcd,South Ethiopia,0,0,0,NA,0,FALSE,FALSE,FALSE
twnMhAT1IFP,Selamber Town Administration,a2QIIR2UXcd,South Ethiopia,22,0,0,NA,0,TRUE,FALSE,FALSE
txhdgxLq03H,Mariestopes Medium Clinic,XU2wpLlX4Vk,Oromia,3,0,0,NA,0,TRUE,FALSE,FALSE
tzJPm8gkpvq,Vision Medium Clinic,XU2wpLlX4Vk,Oromia,8,0,0,NA,0,TRUE,FALSE,FALSE
u0MgyEXsnVQ,Wera Woreda,tDoLtk2ylu4,Central Ethiopia,65,1,1,1,0,TRUE,TRUE,FALSE
u2fpJQZ51db,BGI Mideum Clinic,yb9NKGA8uqt,Amhara,5,0,0,NA,0,TRUE,FALSE,FALSE
u311FWs4xXo,Federal Police Bahir Dar Branch,yb9NKGA8uqt,Amhara,1,0,0,NA,0,TRUE,FALSE,FALSE
u5FS1lLj0W8,Baby Rod Obstetric And Gynecology Speciality Clinic,b9nYedsL8te,Harari,1,0,0,NA,0,TRUE,FALSE,FALSE
u7Mn8Qq8oLp,Woba Ari Woreda,a2QIIR2UXcd,South Ethiopia,19,0,0,NA,0,TRUE,FALSE,FALSE
u80qjNytx9c,Woreda 06 Health Center,yY9BLUUegel,Addis Ababa,17,0,0,NA,0,TRUE,FALSE,FALSE
u8y4pdb03wz,Areka Town Administration,a2QIIR2UXcd,South Ethiopia,27,0,0,NA,0,TRUE,FALSE,FALSE
uAdjKbvNtWl,Saja General Hospital,tDoLtk2ylu4,Central Ethiopia,22,0,0,NA,0,TRUE,FALSE,FALSE
uBt2abD62P0,May Medium Cilinic,XU2wpLlX4Vk,Oromia,0,0,0,NA,0,FALSE,FALSE,FALSE
uCyskMBaitv,Arero Primary Hospital,XU2wpLlX4Vk,Oromia,13,0,0,NA,0,TRUE,FALSE,FALSE
uDVtlk95x8d,Mehal Meda General Hospital,yb9NKGA8uqt,Amhara,23,1,1,1,0,TRUE,TRUE,FALSE
uE4Sa6EIU3j,Holeta Primary Hospital,XU2wpLlX4Vk,Oromia,22,0,0,NA,0,TRUE,FALSE,FALSE
uGaVqSdiNAJ,Family Guidance Association Ethiopia Bahir Dar Confidence Medium Clnic,yb9NKGA8uqt,Amhara,0,0,0,NA,0,FALSE,FALSE,FALSE
uGyvA752fI9,Bete Beza Medium Clinic,yb9NKGA8uqt,Amhara,0,0,0,NA,0,FALSE,FALSE,FALSE
uHq9c19j2JZ,Addis Rae Health center,yY9BLUUegel,Addis Ababa,4,0,0,NA,0,TRUE,FALSE,FALSE
uIRtrd26AVC,Denba Gofa Woreda,a2QIIR2UXcd,South Ethiopia,73,4,0,0,4,TRUE,TRUE,FALSE
uJVoOOdcdbi,Fana Dental Medium Clinic,yb9NKGA8uqt,Amhara,0,0,0,NA,0,FALSE,FALSE,FALSE
uJXN1sZlNQE,Borusilase_PHCU,yb9NKGA8uqt,Amhara,9,0,0,NA,0,TRUE,FALSE,FALSE
uMPl1sZKQmE,Albuko Woreda,yb9NKGA8uqt,Amhara,81,1,0,0,1,TRUE,TRUE,FALSE
uOSuBZ7rHHJ,Anamel Medium clinic,yb9NKGA8uqt,Amhara,0,0,0,NA,0,FALSE,FALSE,FALSE
uOVZnaZzKti,Doctor Habtamu Medium Clinic,yY9BLUUegel,Addis Ababa,1,0,0,NA,0,TRUE,FALSE,FALSE
uPshjDPqD1j,Amin General Hospital,yY9BLUUegel,Addis Ababa,22,0,0,NA,0,TRUE,FALSE,FALSE
uSnGfPDUaFG,Merkebe Noah Medium Clinc,yb9NKGA8uqt,Amhara,1,0,0,NA,0,TRUE,FALSE,FALSE
uTsWPouVyJM,Soyama Primary Hospital,a2QIIR2UXcd,South Ethiopia,18,0,0,NA,0,TRUE,FALSE,FALSE
uUBw8UEZWoU,Heyi Medium Clinic,XU2wpLlX4Vk,Oromia,0,0,0,NA,0,FALSE,FALSE,FALSE
uUUkj86BX44,Fgae Medium Medium Clinic_Closed,XU2wpLlX4Vk,Oromia,0,0,0,NA,0,FALSE,FALSE,FALSE
uUYl2HHqYDb,Woldia Comperhensive Specialized Hospital,yb9NKGA8uqt,Amhara,23,6,4,0.6666666666666666,2,TRUE,TRUE,FALSE
uVbUxZvOndm,Garbo Woreda,PCKGSJoNHXi,Somali,33,0,0,NA,0,TRUE,FALSE,FALSE
uZw63P34XHT,Korea Zemachoch Metasebiya Health Center,yY9BLUUegel,Addis Ababa,23,0,0,NA,0,TRUE,FALSE,FALSE
uZwV0suOek5,Addis Ketema_PHCU,G9hDiPNoB7d,Dire Dawa,19,0,0,NA,0,TRUE,FALSE,FALSE
ub5jFEOBMGL,Motta town,yb9NKGA8uqt,Amhara,29,2,2,1,0,TRUE,TRUE,FALSE
ucIOs3zFOMy,Yimer Primary Clinic,yb9NKGA8uqt,Amhara,0,0,0,NA,0,FALSE,FALSE,FALSE
ud8J2dlijP2,Mahilet Medium Clinic,yY9BLUUegel,Addis Ababa,1,0,0,NA,0,TRUE,FALSE,FALSE
ufkWqUFhPYx,Rediet Primary clinic,XU2wpLlX4Vk,Oromia,4,0,0,NA,0,TRUE,FALSE,FALSE
ugcxMh766sa,Liben Primary Hospital,yb9NKGA8uqt,Amhara,0,0,0,NA,0,FALSE,FALSE,FALSE
uiTZEdvE1yE,Zamra Medium Clinic,yb9NKGA8uqt,Amhara,0,0,0,NA,0,FALSE,FALSE,FALSE
ukvm9qJN1PK,Ahferom Woreda,Gmw0DJLXGtx,Tigray,58,3,2,0.6666666666666666,1,TRUE,TRUE,FALSE
ulcXHKhKDD5,Suhul Hospital,Gmw0DJLXGtx,Tigray,21,4,1,0.25,3,TRUE,TRUE,FALSE
umw1uWZs7A4,Bule Hora Town_PHCU,XU2wpLlX4Vk,Oromia,8,0,0,NA,0,TRUE,FALSE,FALSE
unsPABwaBjh,Pheexroos primary clinic,XU2wpLlX4Vk,Oromia,0,0,0,NA,0,FALSE,FALSE,FALSE
unz3NBKLwLg,Mandura Woreda,Fccw8uMlJHN,Benishangul-Gumuz,26,1,0,0,1,TRUE,TRUE,FALSE
uqo2D3eHtEz,Woreda 03 Health Center,yY9BLUUegel,Addis Ababa,1,0,0,NA,0,TRUE,FALSE,FALSE
ur6NiyYzmLK,Shifa Medium Clinic,XU2wpLlX4Vk,Oromia,0,0,0,NA,0,FALSE,FALSE,FALSE
usTx6Pv9DWp,Brook Medium Clinic,XU2wpLlX4Vk,Oromia,0,0,0,NA,0,FALSE,FALSE,FALSE
uuIp3zWCf8X,Chabi Dida Nyata PHCU,XU2wpLlX4Vk,Oromia,4,1,1,1,0,TRUE,TRUE,FALSE
uuwwUnGQfbH,Aseko Woreda,XU2wpLlX4Vk,Oromia,48,0,0,NA,0,TRUE,FALSE,FALSE
uwBBsCx3lLt,Family Guide Clinic,XU2wpLlX4Vk,Oromia,0,0,0,NA,0,FALSE,FALSE,FALSE
uxV7k52RBPS,Lalo Kile Woreda,XU2wpLlX4Vk,Oromia,39,0,0,NA,0,TRUE,FALSE,FALSE
uxvNr4DAMXj,Sor Medium Clinic,XU2wpLlX4Vk,Oromia,9,0,0,NA,0,TRUE,FALSE,FALSE
uzK2d23ZAJ2,Ayer Tena Primary Hospital,yY9BLUUegel,Addis Ababa,8,0,0,NA,0,TRUE,FALSE,FALSE
uzZWUAGIhBd,Demisew Medium Cilinic,XU2wpLlX4Vk,Oromia,0,0,0,NA,0,FALSE,FALSE,FALSE
uzeMahN9KkC,Doctor Kedir Ali Internal Medicine Specialty Clinic,yb9NKGA8uqt,Amhara,1,0,0,NA,0,TRUE,FALSE,FALSE
v0wmVph8vwP,Piasa Dental Medium Clinic,yb9NKGA8uqt,Amhara,0,0,0,NA,0,FALSE,FALSE,FALSE
v1H0diktVTw,Arsi Negele Town,XU2wpLlX4Vk,Oromia,656,0,0,NA,0,TRUE,FALSE,FALSE
v2ZxHvca9kF,Abnet Tadese Medium Clinic,yb9NKGA8uqt,Amhara,1,0,0,NA,0,TRUE,FALSE,FALSE
v378t9vS6z6,Guagusa Shikuda Woreda,yb9NKGA8uqt,Amhara,89,1,0,0,1,TRUE,TRUE,FALSE
v4UvUPUkZvl,Nefasam Primary Clinic,yb9NKGA8uqt,Amhara,0,0,0,NA,0,FALSE,FALSE,FALSE
v4wDK7AVCxs,Edaga Hamus Town Woreda,Gmw0DJLXGtx,Tigray,34,0,0,NA,0,TRUE,FALSE,FALSE
v551dxloW62,Doctor Lealem Medium Clinic,a2QIIR2UXcd,South Ethiopia,0,0,0,NA,0,FALSE,FALSE,FALSE
v61IJlMwtFp,St.Michael Medium Clinic,yY9BLUUegel,Addis Ababa,7,0,0,NA,0,TRUE,FALSE,FALSE
v7eej2qNoWL,Shalom Medium Clinic,XU2wpLlX4Vk,Oromia,8,0,0,NA,0,TRUE,FALSE,FALSE
v8N811HcUru,Godey General Hospital,PCKGSJoNHXi,Somali,20,3,3,1,0,TRUE,TRUE,FALSE
vBLlVvMJwgh,Kabribayah Primary Hospital,PCKGSJoNHXi,Somali,2,0,0,NA,0,TRUE,FALSE,FALSE
vBiCLreodbN,Yemserach no.1 Medium Clinic,yY9BLUUegel,Addis Ababa,0,0,0,NA,0,FALSE,FALSE,FALSE
vC3SRo8LKRN,Enticho Town,Gmw0DJLXGtx,Tigray,61,4,3,0.75,1,TRUE,TRUE,FALSE
vDm4tNKu2FQ,Salilew primary clinic,yb9NKGA8uqt,Amhara,0,0,0,NA,0,FALSE,FALSE,FALSE
vFTjZ2pcwOT,Wondmagegn Medium Clinic,yb9NKGA8uqt,Amhara,0,0,0,NA,0,FALSE,FALSE,FALSE
vH7yC5pzDMQ,Dil Fana Primary Hospital,a2QIIR2UXcd,South Ethiopia,10,0,0,NA,0,TRUE,FALSE,FALSE
vHWOgfUuADz,Hamaro Woreda,PCKGSJoNHXi,Somali,21,0,0,NA,0,TRUE,FALSE,FALSE
vIL1sGWPVQQ,Gololcha Primary Hospital,XU2wpLlX4Vk,Oromia,12,1,1,1,0,TRUE,TRUE,FALSE
vJGRfpRqIcX,Kebeki Primary Clinic,XU2wpLlX4Vk,Oromia,0,0,0,NA,0,FALSE,FALSE,FALSE
vK9Il4q2CMQ,Heran Medium Clinic,XU2wpLlX4Vk,Oromia,0,0,0,NA,0,FALSE,FALSE,FALSE
vKTWk6qrToL,Silas Medium Clinic,a2QIIR2UXcd,South Ethiopia,0,0,0,NA,0,FALSE,FALSE,FALSE
vKYHzKlGTGo,Leta Sibu Woreda,XU2wpLlX4Vk,Oromia,33,1,0,0,1,TRUE,TRUE,FALSE
vLAXGNCony5,Shegaw Mota General Hospital,yb9NKGA8uqt,Amhara,30,1,1,1,0,TRUE,TRUE,FALSE
vLZczTPAo4o,Higloley Woreda,PCKGSJoNHXi,Somali,2,0,0,NA,0,TRUE,FALSE,FALSE
vLj4iKhJHA1,Asossa Zone Prison Medium,Fccw8uMlJHN,Benishangul-Gumuz,0,0,0,NA,0,FALSE,FALSE,FALSE
vLjECGFBX3p,Sheraro Woreda,Gmw0DJLXGtx,Tigray,22,0,0,NA,0,TRUE,FALSE,FALSE
vLu5qn9nPvB,Wadila Woreda,yb9NKGA8uqt,Amhara,58,0,0,NA,0,TRUE,FALSE,FALSE
vNV42w8qs6K,Sale Nono Woreda,XU2wpLlX4Vk,Oromia,27,0,0,NA,0,TRUE,FALSE,FALSE
vR0pLRJqPLw,Adama Hospital Medical College,XU2wpLlX4Vk,Oromia,21,0,0,NA,0,TRUE,FALSE,FALSE
vSX4llmp929,Kotebe 02 Health Center,yY9BLUUegel,Addis Ababa,1,0,0,NA,0,TRUE,FALSE,FALSE
vSm56wUePgg,Bayene Medium Clinic,XU2wpLlX4Vk,Oromia,0,0,0,NA,0,FALSE,FALSE,FALSE
vV1mtqkVHNm,Kulubi Surgery Specialty Clinic,b9nYedsL8te,Harari,0,0,0,NA,0,FALSE,FALSE,FALSE
vV9Ywg5mL9x,Alemgebeya Town Administration,tDoLtk2ylu4,Central Ethiopia,23,2,1,0.5,1,TRUE,TRUE,FALSE
vVMrmCYTxxR,Bonga Town,HIlnt7Qj8do,South West Ethiopia,167,0,0,NA,0,TRUE,FALSE,FALSE
vWtFz2zQONX,Qajeelcha Poolisii Medium Clinic,XU2wpLlX4Vk,Oromia,0,0,0,NA,0,FALSE,FALSE,FALSE
vZT4Xfkr1jP,Gedeb Hasasa Woreda,XU2wpLlX4Vk,Oromia,98,0,0,NA,0,TRUE,FALSE,FALSE
vaXkOzjq0EV,Kersa Mamila Woreda,XU2wpLlX4Vk,Oromia,13,0,0,NA,0,TRUE,FALSE,FALSE
vbI1D4OjMo7,Goro Sefera_PHCU,yY9BLUUegel,Addis Ababa,3,0,0,NA,0,TRUE,FALSE,FALSE
vbLXtbu3LvZ,Doctor Shafi Medium Clinic,tDoLtk2ylu4,Central Ethiopia,2,0,0,NA,0,TRUE,FALSE,FALSE
vbLZsLhuhaR,Betsegah Maternal and Child Health Specialty center,yY9BLUUegel,Addis Ababa,3,0,0,NA,0,TRUE,FALSE,FALSE
vbheagfDGAO,Arsi Negele Primary Hospital,XU2wpLlX4Vk,Oromia,2,0,0,NA,0,TRUE,FALSE,FALSE
vcfaqPG3HZv,Woreta Town,yb9NKGA8uqt,Amhara,12,0,0,NA,0,TRUE,FALSE,FALSE
vdKabINt1vW,North Mecha Woreda,yb9NKGA8uqt,Amhara,105,2,0,0,2,TRUE,TRUE,FALSE
vdmEcs3ADG6,"Abyssinia Internal Medicine, Surgical And Maternal And Child Specialty Center",yb9NKGA8uqt,Amhara,0,0,0,NA,0,FALSE,FALSE,FALSE
vdmYt7y2ZSb,Jimma Rare Woreda,XU2wpLlX4Vk,Oromia,26,0,0,NA,0,TRUE,FALSE,FALSE
veUSX75S19s,Dasenech Woreda,a2QIIR2UXcd,South Ethiopia,112,1,3,3,0,TRUE,TRUE,FALSE
vgnxsxxOJA0,Addis Internal Medicine Specialty Clinic,b9nYedsL8te,Harari,0,0,0,NA,0,FALSE,FALSE,FALSE
vhc6CtC679E,Zone Police Medium Clinic,yb9NKGA8uqt,Amhara,0,0,0,NA,0,FALSE,FALSE,FALSE
vkoMvo8I3DQ,Gada Medium Clinic,XU2wpLlX4Vk,Oromia,0,0,0,NA,0,FALSE,FALSE,FALSE
vlIaSiRXNVo,Shashemene Medium Clinic,XU2wpLlX4Vk,Oromia,0,0,0,NA,0,FALSE,FALSE,FALSE
vlNb1nYcN6a,Mihret Primary Clinic,yY9BLUUegel,Addis Ababa,0,0,0,NA,0,FALSE,FALSE,FALSE
vltrZKB8Kq0,Natenael Girma Medium Clinic,XU2wpLlX4Vk,Oromia,4,0,0,NA,0,TRUE,FALSE,FALSE
vnAG0t7Zprt,Wensho Woreda,xNUoZIrGKxQ,Sidama,80,24,2,0.08333333333333333,22,TRUE,TRUE,FALSE
vnsgJhvJHMH,Gimbichau Town Administration,tDoLtk2ylu4,Central Ethiopia,10,0,0,NA,0,TRUE,FALSE,FALSE
vpyxcMCpbl3,Chukala Medium Clinic,XU2wpLlX4Vk,Oromia,3,0,0,NA,0,TRUE,FALSE,FALSE
vqsaEoVOl07,Bube Primary hospital,XU2wpLlX4Vk,Oromia,12,3,0,0,3,TRUE,TRUE,FALSE
vqvmrVNEMND,Abyot Medium Clinic,XU2wpLlX4Vk,Oromia,0,0,0,NA,0,FALSE,FALSE,FALSE
vqyJAMfdskg,Kena Woreda,a2QIIR2UXcd,South Ethiopia,79,1,1,1,0,TRUE,TRUE,FALSE
vrMJkKtd5Mt,Tamene Medium Clinic,XU2wpLlX4Vk,Oromia,1,0,0,NA,0,TRUE,FALSE,FALSE
vuG6BrYUdc3,Mohammed Liben Medium Clinic,yb9NKGA8uqt,Amhara,0,0,0,NA,0,FALSE,FALSE,FALSE
vvJxjSUgNtQ,Adobtele Town Administration,UFtGyqJMEZh,Afar,53,0,0,NA,0,TRUE,FALSE,FALSE
vwSfNkkOTK5,Minjar Shenkora Woreda,yb9NKGA8uqt,Amhara,75,2,0,0,2,TRUE,TRUE,FALSE
vyHgJ9eqURk,Gafarsa Guje Sub City,XU2wpLlX4Vk,Oromia,44,1,1,1,0,TRUE,TRUE,FALSE
vyk3WK7hBz0,Ozone Primary Hospital,Fccw8uMlJHN,Benishangul-Gumuz,0,0,0,NA,0,FALSE,FALSE,FALSE
vz2bXVmxnH8,Kofele Town,XU2wpLlX4Vk,Oromia,85,0,0,NA,0,TRUE,FALSE,FALSE
w0srHNJKrk8,Fikir Abrhak Matern And Child Health Center,yY9BLUUegel,Addis Ababa,9,0,0,NA,0,TRUE,FALSE,FALSE
w1T46GJZF7p,Ebifam Medium Clinic,XU2wpLlX4Vk,Oromia,0,0,0,NA,0,FALSE,FALSE,FALSE
w3VBY4tu4Y8,Dodola_PHCU,XU2wpLlX4Vk,Oromia,22,0,0,NA,0,TRUE,FALSE,FALSE
w3k7yCd0QKR,Zetseat N.2 Medium Clinic,a2QIIR2UXcd,South Ethiopia,0,0,0,NA,0,FALSE,FALSE,FALSE
w4ItpIAkl4Y,Bashawolid health center,yY9BLUUegel,Addis Ababa,7,0,0,NA,0,TRUE,FALSE,FALSE
w4Kv6SO1tYG,Humbo Woreda,a2QIIR2UXcd,South Ethiopia,23,0,0,NA,0,TRUE,FALSE,FALSE
w5s2IwglSTv,Darimu Primary Hospital,XU2wpLlX4Vk,Oromia,6,0,0,NA,0,TRUE,FALSE,FALSE
w6mZyLsh8G5,Adinas General Hospital,yb9NKGA8uqt,Amhara,22,0,0,NA,0,TRUE,FALSE,FALSE
w9lFHoJ8gKM,Halu Woreda,XU2wpLlX4Vk,Oromia,12,0,0,NA,0,TRUE,FALSE,FALSE
wA8lbraFZOK,Hiwot Integrated Dev Org Kasanchis DIC Clinic_Closed,yY9BLUUegel,Addis Ababa,0,0,0,NA,0,FALSE,FALSE,FALSE
wAOJtjNfXx3,Lege Oda Gudenfeta_PHCU,G9hDiPNoB7d,Dire Dawa,16,0,0,NA,0,TRUE,FALSE,FALSE
wB0QooBaLys,Feleber Specialty Clinic,b9nYedsL8te,Harari,0,0,0,NA,0,FALSE,FALSE,FALSE
wBuWfqQSlWE,Kersa Woreda,XU2wpLlX4Vk,Oromia,129,10,3,0.3,7,TRUE,TRUE,FALSE
wCjOFBWvcHw,Shaya Medium Clinic,XU2wpLlX4Vk,Oromia,5,0,0,NA,0,TRUE,FALSE,FALSE
wDY0odqlzFJ,Enor Ener Meger Woreda,tDoLtk2ylu4,Central Ethiopia,16,1,1,1,0,TRUE,TRUE,FALSE
wDsutzXjK6E,Abosa_PHCU,XU2wpLlX4Vk,Oromia,12,0,0,NA,0,TRUE,FALSE,FALSE
wE1ghIrufzp,Assosa Medium clinic,Fccw8uMlJHN,Benishangul-Gumuz,0,0,0,NA,0,FALSE,FALSE,FALSE
wEQCz3MrsLX,Kombolocah General Hospital,yb9NKGA8uqt,Amhara,23,2,0,0,2,TRUE,TRUE,FALSE
wHTTKkbbxXR,Kewot Woreda,yb9NKGA8uqt,Amhara,75,0,0,NA,0,TRUE,FALSE,FALSE
wMen2K6zEud,Omo Nada Primary Hospital,XU2wpLlX4Vk,Oromia,21,1,0,0,1,TRUE,TRUE,FALSE
wNDl6Z0f15S,Sadi Chanka Woreda,XU2wpLlX4Vk,Oromia,36,0,0,NA,0,TRUE,FALSE,FALSE
wNJazR7gQQp,Bure Zuria Woreda,yb9NKGA8uqt,Amhara,32,0,0,NA,0,TRUE,FALSE,FALSE
wNzV3qBAb4q,Ayder Woreda,Gmw0DJLXGtx,Tigray,14,7,0,0,7,TRUE,TRUE,FALSE
wPFzVraq8IO,Arekit Town,tDoLtk2ylu4,Central Ethiopia,6,0,0,NA,0,TRUE,FALSE,FALSE
wPTKBo7dOmN,Mitiku Medium Clinic,Fccw8uMlJHN,Benishangul-Gumuz,0,0,0,NA,0,FALSE,FALSE,FALSE
wPm75jgfaGo,Galma Town Administration,a2QIIR2UXcd,South Ethiopia,24,5,1,0.2,4,TRUE,TRUE,FALSE
wQjz0WoCnf5,Top Medium Clinic,b9nYedsL8te,Harari,0,0,0,NA,0,FALSE,FALSE,FALSE
wTZQeW1fig9,Awash Primary Clinic,XU2wpLlX4Vk,Oromia,7,0,0,NA,0,TRUE,FALSE,FALSE
wTm23g5sh2u,Bati Town Woreda,yb9NKGA8uqt,Amhara,14,0,0,NA,0,TRUE,FALSE,FALSE
wV6uBfmx83v,Hadero Town,tDoLtk2ylu4,Central Ethiopia,32,0,0,NA,0,TRUE,FALSE,FALSE
wVVcnJDwJSS,Boneya Boshe Woreda,XU2wpLlX4Vk,Oromia,37,13,5,0.38461538461538464,8,TRUE,TRUE,FALSE
wXSiCVssce5,Dembecha Woreda,yb9NKGA8uqt,Amhara,89,2,0,0,2,TRUE,TRUE,FALSE
wcvVPo7LS8W,Chencha Zuria Woreda,a2QIIR2UXcd,South Ethiopia,84,0,0,NA,0,TRUE,FALSE,FALSE
wdgD4JVvl8R,Bodalay Woreda,PCKGSJoNHXi,Somali,27,0,0,NA,0,TRUE,FALSE,FALSE
weM882qpme7,Dilo Woreda,XU2wpLlX4Vk,Oromia,40,0,0,NA,0,TRUE,FALSE,FALSE
weQFiZcHSvW,Doctor Gebretsadik Medium clinic,moBiwh9h5Ce,Gambella,3,0,0,NA,0,TRUE,FALSE,FALSE
wffMyDNHi7Q,Oasis General Hospital,yY9BLUUegel,Addis Ababa,3,0,0,NA,0,TRUE,FALSE,FALSE
wgF6t7Cu4k9,Doctor Demsew Internal Medicine Specialty Clinic,yb9NKGA8uqt,Amhara,0,0,0,NA,0,FALSE,FALSE,FALSE
wgcnRSNsy2e,Halila_PHCU,XU2wpLlX4Vk,Oromia,9,0,0,NA,0,TRUE,FALSE,FALSE
whiARdr8dRx,Abdi Fayya Primary Clinic,XU2wpLlX4Vk,Oromia,1,0,0,NA,0,TRUE,FALSE,FALSE
wisWogo0IZX,Ameen Medium Clinic,XU2wpLlX4Vk,Oromia,0,0,0,NA,0,FALSE,FALSE,FALSE
wkCqPnRkdY4,Doctor Esey Medium Clinic,a2QIIR2UXcd,South Ethiopia,0,0,0,NA,0,FALSE,FALSE,FALSE
wm0cisvORU1,Adami Tulu_PHCU,XU2wpLlX4Vk,Oromia,16,0,0,NA,0,TRUE,FALSE,FALSE
wmkRLRja3FG,Endabaguna Town,Gmw0DJLXGtx,Tigray,24,4,0,0,4,TRUE,TRUE,FALSE
wmxZL7Oqd7n,Karl Lemlem Hospital,Gmw0DJLXGtx,Tigray,24,4,2,0.5,2,TRUE,TRUE,FALSE
wn4w2e64PVI,Afirica Medium Clinic,XU2wpLlX4Vk,Oromia,0,0,0,NA,0,FALSE,FALSE,FALSE
wno9SDUYSWz,Meda Welabu University General Hospital,XU2wpLlX4Vk,Oromia,23,21,16,0.7619047619047619,5,TRUE,TRUE,FALSE
wo4jrnXtqja,Gimbi Rural Woreda,XU2wpLlX4Vk,Oromia,103,0,0,NA,0,TRUE,FALSE,FALSE
woIn7zuaWig,Bishoftu_PHCU,XU2wpLlX4Vk,Oromia,1,0,0,NA,0,TRUE,FALSE,FALSE
wqBWSj3lFM8,Aneded Woreda,yb9NKGA8uqt,Amhara,89,1,0,0,1,TRUE,TRUE,FALSE
wrii1FUNXDl,Care Internal Medicine Center,XU2wpLlX4Vk,Oromia,0,0,0,NA,0,FALSE,FALSE,FALSE
wsrlg4f48YN,Tora Town,tDoLtk2ylu4,Central Ethiopia,97,0,0,NA,0,TRUE,FALSE,FALSE
wuVSVldiUDJ,Agaro_PHCU,XU2wpLlX4Vk,Oromia,21,0,0,NA,0,TRUE,FALSE,FALSE
wvsNc3PXZSe,Cheha Woreda,tDoLtk2ylu4,Central Ethiopia,73,0,0,NA,0,TRUE,FALSE,FALSE
wwPUCsO5aoj,Maekelay Adeyabo,Gmw0DJLXGtx,Tigray,34,0,0,NA,0,TRUE,FALSE,FALSE
wwqGcVQZXQI,Aira General Hospital,XU2wpLlX4Vk,Oromia,18,172,38,0.22093023255813954,134,TRUE,TRUE,FALSE
wwsYiarRXjj,Kal Primary Clinic,yY9BLUUegel,Addis Ababa,5,0,0,NA,0,TRUE,FALSE,FALSE
wx8AjnHuU1W,Entoto No.1 Health Center,yY9BLUUegel,Addis Ababa,17,0,0,NA,0,TRUE,FALSE,FALSE
wz0PQXQeelt,Tegede Woreda,yb9NKGA8uqt,Amhara,39,0,0,NA,0,TRUE,FALSE,FALSE
x0KkOSOjh88,East Azernet Berbere Woreda,tDoLtk2ylu4,Central Ethiopia,62,0,0,NA,0,TRUE,FALSE,FALSE
x0ZBJQJaBs2,Birole Medium Clinic,XU2wpLlX4Vk,Oromia,0,0,0,NA,0,FALSE,FALSE,FALSE
x0kkTvQqjvR,Eden Medium clinic,XU2wpLlX4Vk,Oromia,0,0,0,NA,0,FALSE,FALSE,FALSE
x0nyZQJCxq4,Daro Lebu Woreda,XU2wpLlX4Vk,Oromia,63,0,0,NA,0,TRUE,FALSE,FALSE
x1H3oIZMJz1,Chilga Woreda,yb9NKGA8uqt,Amhara,64,0,0,NA,0,TRUE,FALSE,FALSE
x3j1uypOUkd,Derashe Woreda,a2QIIR2UXcd,South Ethiopia,82,0,0,NA,0,TRUE,FALSE,FALSE
x3t5j1be9kd,Landmark Medium Clinic,XU2wpLlX4Vk,Oromia,9,0,0,NA,0,TRUE,FALSE,FALSE
x54T1fEFfIj,Saron Medium Clinic,XU2wpLlX4Vk,Oromia,0,0,0,NA,0,FALSE,FALSE,FALSE
x7JqSjv06cd,Waka Town Administration,HIlnt7Qj8do,South West Ethiopia,19,0,0,NA,0,TRUE,FALSE,FALSE
x7dNzKTxIpM,Meko Woreda,XU2wpLlX4Vk,Oromia,8,22,11,0.5,11,TRUE,TRUE,FALSE
x7dze3kfWIA,Doctor Tamirat Medium Clinic,a2QIIR2UXcd,South Ethiopia,0,0,0,NA,0,FALSE,FALSE,FALSE
x914jTAmYb0,Kosa Horizen Coffee Plantation PLC Primary Clinic,XU2wpLlX4Vk,Oromia,0,0,0,NA,0,FALSE,FALSE,FALSE
x98t7lv7ov0,Sodo Woreda,tDoLtk2ylu4,Central Ethiopia,97,0,0,NA,0,TRUE,FALSE,FALSE
xA9D8M32OH0,Dr Abdu Seid Internal Medicine Speciality Clinic,yb9NKGA8uqt,Amhara,0,0,0,NA,0,FALSE,FALSE,FALSE
xBwS0T4CLda,Gesund Cardiac And Internal Medicine Specialty Center,yY9BLUUegel,Addis Ababa,8,0,0,NA,0,TRUE,FALSE,FALSE
xDJb0Ww3Z00,Kena Medium Clinic,XU2wpLlX4Vk,Oromia,18,0,0,NA,0,TRUE,FALSE,FALSE
xDT1NrZMrfg,Sebeta Hawas Woreda,XU2wpLlX4Vk,Oromia,21,0,0,NA,0,TRUE,FALSE,FALSE
xDjzO8C7aMO,Loka Abaya Woreda,xNUoZIrGKxQ,Sidama,54,0,1,NA,0,TRUE,FALSE,FALSE
xE3fCKTwtYm,Shambu Town Woreda,XU2wpLlX4Vk,Oromia,175,0,0,NA,0,TRUE,FALSE,FALSE
xHoeXGCtzVj,Ebinat Woreda,yb9NKGA8uqt,Amhara,137,9,6,0.6666666666666666,3,TRUE,TRUE,FALSE
xIZLx0KTUye,Oda Primary Clinic,XU2wpLlX4Vk,Oromia,3,0,0,NA,0,TRUE,FALSE,FALSE
xIiri2bRlGx,Dollo Ado Primary Hospital,PCKGSJoNHXi,Somali,23,8,5,0.625,3,TRUE,TRUE,FALSE
xKeQUxn65Oo,Mekonen Medium Clinic,yY9BLUUegel,Addis Ababa,1,0,0,NA,0,TRUE,FALSE,FALSE
xMuzz3lNFSQ,Kolango Zuria Woreda,a2QIIR2UXcd,South Ethiopia,42,2,2,1,0,TRUE,TRUE,FALSE
xNpyt0yzqIj,Meta Woreda,XU2wpLlX4Vk,Oromia,119,0,0,NA,0,TRUE,FALSE,FALSE
xP8xG2RupQb,Shey Bench Worda,HIlnt7Qj8do,South West Ethiopia,61,0,0,NA,0,TRUE,FALSE,FALSE
xQynx9PBlK2,Amhara Saint Primary Hospital,yb9NKGA8uqt,Amhara,11,8,0,0,8,TRUE,TRUE,FALSE
xROjMGgH43B,Chala Caltu Primary clinic,XU2wpLlX4Vk,Oromia,0,0,0,NA,0,FALSE,FALSE,FALSE
xRYnMsX8kUG,Asefa Medium Clinic,XU2wpLlX4Vk,Oromia,0,0,0,NA,0,FALSE,FALSE,FALSE
xRrUhcbpKfY,Yirgachefe Woreda,a2QIIR2UXcd,South Ethiopia,56,0,0,NA,0,TRUE,FALSE,FALSE
xRrlMrDlWA8,Gimbi General Hospital,XU2wpLlX4Vk,Oromia,10,0,0,NA,0,TRUE,FALSE,FALSE
xRv6KTauqi0,Dubti City Administration,UFtGyqJMEZh,Afar,60,0,0,NA,0,TRUE,FALSE,FALSE
xSH5S56JwBz,Maristopes Medium Clinic,yY9BLUUegel,Addis Ababa,3,0,0,NA,0,TRUE,FALSE,FALSE
xTa2SvEwVoo,Limu Kosa Woreda,XU2wpLlX4Vk,Oromia,97,0,0,NA,0,TRUE,FALSE,FALSE
xTcX0uxsqm4,Shumabo_PHCU,yb9NKGA8uqt,Amhara,22,0,0,NA,0,TRUE,FALSE,FALSE
xUFnUQmg9qx,Ankasha Guagusa Woreda,yb9NKGA8uqt,Amhara,65,0,0,NA,0,TRUE,FALSE,FALSE
xVBpK1xUMWa,Gizawu Medium Clinic,XU2wpLlX4Vk,Oromia,14,0,0,NA,0,TRUE,FALSE,FALSE
xWfAkwDkReE,Medina Medium Clinc,XU2wpLlX4Vk,Oromia,0,0,0,NA,0,FALSE,FALSE,FALSE
xXZVvcBP4D2,Kegnam Medium Clinic,XU2wpLlX4Vk,Oromia,0,0,0,NA,0,FALSE,FALSE,FALSE
xaG8rqLoGUh,Debre Elias Primary Hospital,yb9NKGA8uqt,Amhara,22,0,0,NA,0,TRUE,FALSE,FALSE
xcBDtQdnRDQ,S/r Tsige Medium Clinic,a2QIIR2UXcd,South Ethiopia,0,0,0,NA,0,FALSE,FALSE,FALSE
xdDQItDVwXl,Dr Zewdu Hurisa Medium Clinic,XU2wpLlX4Vk,Oromia,0,0,0,NA,0,FALSE,FALSE,FALSE
xdpxYu732LQ,Mertulemariam Primary Hospital,yb9NKGA8uqt,Amhara,21,0,0,NA,0,TRUE,FALSE,FALSE
xfOqifEUxFf,Adis Medium Clinic,a2QIIR2UXcd,South Ethiopia,0,0,0,NA,0,FALSE,FALSE,FALSE
xgVJWTagknF,Merie Stops Meduim Clinic,XU2wpLlX4Vk,Oromia,0,0,0,NA,0,FALSE,FALSE,FALSE
xghZvYglwOV,Finote Selam Town,yb9NKGA8uqt,Amhara,1,0,0,NA,0,TRUE,FALSE,FALSE
xhbSXrjofLz,Grand Bishoftu Primary Hospital,XU2wpLlX4Vk,Oromia,3,0,0,NA,0,TRUE,FALSE,FALSE
xi26dQxOmBZ,Afiya Primary Clinic,yb9NKGA8uqt,Amhara,0,0,0,NA,0,FALSE,FALSE,FALSE
xk4YHbznvYc,Doctor Kidist Medium Clinic,a2QIIR2UXcd,South Ethiopia,0,0,0,NA,0,FALSE,FALSE,FALSE
xmaemgQygPv,Kola Tembien,Gmw0DJLXGtx,Tigray,96,4,0,0,4,TRUE,TRUE,FALSE
xnKDW4TjxGH,Gedeb Woreda,a2QIIR2UXcd,South Ethiopia,104,1,1,1,0,TRUE,TRUE,FALSE
xnf2PxoCfkU,Maremia Bet Medium Clinic,yb9NKGA8uqt,Amhara,0,0,0,NA,0,FALSE,FALSE,FALSE
xoLsQEntKbV,Rohobot Primary Clinic,XU2wpLlX4Vk,Oromia,0,0,0,NA,0,FALSE,FALSE,FALSE
xoT8RoSvwgP,Biruk no2 Medium Clinic,XU2wpLlX4Vk,Oromia,0,0,0,NA,0,FALSE,FALSE,FALSE
xoymytLUKtd,Gafat Dental Medium Clinic,yb9NKGA8uqt,Amhara,0,0,0,NA,0,FALSE,FALSE,FALSE
xpelELib4V6,Medhanialem Private for Profit Hospital,XU2wpLlX4Vk,Oromia,0,0,0,NA,0,FALSE,FALSE,FALSE
xpfUde3U0GI,Henok Primary Clinic,yb9NKGA8uqt,Amhara,1,0,0,NA,0,TRUE,FALSE,FALSE
xqbQpOYqCLW,Yadot Medium Clinic,XU2wpLlX4Vk,Oromia,0,0,0,NA,0,FALSE,FALSE,FALSE
xsU16Zs5dJ5,Hawi Gudina Woreda,XU2wpLlX4Vk,Oromia,43,7,1,0.14285714285714285,6,TRUE,TRUE,FALSE
xseDM07IXpO,Chena Woreda,HIlnt7Qj8do,South West Ethiopia,52,1,0,0,1,TRUE,TRUE,FALSE
xuTQbyb8xRz,Buldigilu Woreda,Fccw8uMlJHN,Benishangul-Gumuz,63,7,1,0.14285714285714285,6,TRUE,TRUE,FALSE
xxY7g90otA4,Joy tech Primary Clinic,XU2wpLlX4Vk,Oromia,0,0,0,NA,0,FALSE,FALSE,FALSE
xy6OnhFp8zJ,Abenezer Primary Clinic,a2QIIR2UXcd,South Ethiopia,0,0,0,NA,0,FALSE,FALSE,FALSE
xyhYXFzX10e,Das Woreda,XU2wpLlX4Vk,Oromia,57,0,0,NA,0,TRUE,FALSE,FALSE
xz21rZPk4C6,Begi Woreda,XU2wpLlX4Vk,Oromia,46,1,0,0,1,TRUE,TRUE,FALSE
xzK1oizie1O,Chagni Town,yb9NKGA8uqt,Amhara,18,0,0,NA,0,TRUE,FALSE,FALSE
xzaUDLHCJCP,Abirhjira Primary Hospital,yb9NKGA8uqt,Amhara,22,0,0,NA,0,TRUE,FALSE,FALSE
xzgyPlejEci,Gamo Gofa Zonal Police Memria Clinic,a2QIIR2UXcd,South Ethiopia,0,0,0,NA,0,FALSE,FALSE,FALSE
y0l9zJEyF1I,Med Star Medium clinic,XU2wpLlX4Vk,Oromia,0,0,0,NA,0,FALSE,FALSE,FALSE
y0ppOP0rH7Y,M.M Medium clinic,yY9BLUUegel,Addis Ababa,0,0,0,NA,0,FALSE,FALSE,FALSE
y27t1rVgDgR,Gimbi Town Woreda,XU2wpLlX4Vk,Oromia,7,2,0,0,2,TRUE,TRUE,FALSE
y35gPrxelGG,Ticho Woreda,XU2wpLlX4Vk,Oromia,69,1,1,1,0,TRUE,TRUE,FALSE
y44uB2TxinU,Tibeb Bekechene Health Center,yY9BLUUegel,Addis Ababa,22,0,0,NA,0,TRUE,FALSE,FALSE
y6zNpAMMDyn,Mirab Abaya Woreda,a2QIIR2UXcd,South Ethiopia,44,0,0,NA,0,TRUE,FALSE,FALSE
y9rAh7yRmgL,Kolme Woreda,a2QIIR2UXcd,South Ethiopia,42,2,0,0,2,TRUE,TRUE,FALSE
yA4AFrTxFAz,Gura Ferda worda,HIlnt7Qj8do,South West Ethiopia,68,1,0,0,1,TRUE,TRUE,FALSE
yBkWKzJFPjy,Fenote Gojjam Primary Hospital,yb9NKGA8uqt,Amhara,16,1,0,0,1,TRUE,TRUE,FALSE
yDOEBkpepju,Life Medium Clinic,XU2wpLlX4Vk,Oromia,0,0,0,NA,0,FALSE,FALSE,FALSE
yE5QVl8tbmP,Woreda 5 Health Center,yY9BLUUegel,Addis Ababa,0,0,0,NA,0,FALSE,FALSE,FALSE
yF5bjCJWU88,Omo Nada Woreda,XU2wpLlX4Vk,Oromia,68,5,2,0.4,3,TRUE,TRUE,FALSE
yFz8l5bxklc,Africa Medium Clinic_closed,moBiwh9h5Ce,Gambella,21,0,0,NA,0,TRUE,FALSE,FALSE
yGRBvVh6F1D,West Welabu Woreda,XU2wpLlX4Vk,Oromia,31,0,0,NA,0,TRUE,FALSE,FALSE
yGtDcvWmlFK,Afilas General  Hospital,yb9NKGA8uqt,Amhara,16,1,4,4,0,TRUE,TRUE,FALSE
yHFaY9hClUD,Fewus Medium Clinic,yb9NKGA8uqt,Amhara,0,0,0,NA,0,FALSE,FALSE,FALSE
yHKn7zEiDEg,Oda Medium clinic,XU2wpLlX4Vk,Oromia,9,0,0,NA,0,TRUE,FALSE,FALSE
yHf46zGbLBP,Jawi Woreda,yb9NKGA8uqt,Amhara,100,0,0,NA,0,TRUE,FALSE,FALSE
yI3pNA2M6S2,Hayat Medium Clinic (Kombolcha Town),yb9NKGA8uqt,Amhara,0,0,0,NA,0,FALSE,FALSE,FALSE
yJ9EQzGxIbC,Kebridahar town Woreda,PCKGSJoNHXi,Somali,4,0,0,NA,0,TRUE,FALSE,FALSE
yKH54qmskDm,Horo Bulluk Woreda,XU2wpLlX4Vk,Oromia,164,0,2,NA,0,TRUE,FALSE,FALSE
yKYE4QbALcz,Freweini Town,Gmw0DJLXGtx,Tigray,24,0,0,NA,0,TRUE,FALSE,FALSE
yLEBkJ481jC,Sendafa Primary Hospital,XU2wpLlX4Vk,Oromia,11,5,0,0,5,TRUE,TRUE,FALSE
yLSskvjc5O3,Vital Internal Medicine And Obstetrics And Gynecology Specialty Clinic,yY9BLUUegel,Addis Ababa,0,0,0,NA,0,FALSE,FALSE,FALSE
yPbfWF76bOV,Yangude Woreda,UFtGyqJMEZh,Afar,7,0,0,NA,0,TRUE,FALSE,FALSE
yQ8RqkoxDIs,Baraka Internal Medicine Specialty Center,XU2wpLlX4Vk,Oromia,0,0,0,NA,0,FALSE,FALSE,FALSE
yQCbAC8Y97p,Nole Kaba Woreda,XU2wpLlX4Vk,Oromia,25,0,1,NA,0,TRUE,FALSE,FALSE
yUyEiqd6VdL,Salahad Woreda,PCKGSJoNHXi,Somali,25,1,0,0,1,TRUE,TRUE,FALSE
yWmWQKo94aJ,Robe Didia General Hospital,XU2wpLlX4Vk,Oromia,8,0,0,NA,0,TRUE,FALSE,FALSE
yXJyQihDyNv,Abala Abaya Woreda,a2QIIR2UXcd,South Ethiopia,25,0,0,NA,0,TRUE,FALSE,FALSE
yXX5llTJpTE,Gobu Seyo Woreda,XU2wpLlX4Vk,Oromia,11,1,0,0,1,TRUE,TRUE,FALSE
yZKp7ZS18nk,Weyraw Medium Clinic,yb9NKGA8uqt,Amhara,0,0,0,NA,0,FALSE,FALSE,FALSE
ya3xYPvy3Hg,Central Medium Clinic,yY9BLUUegel,Addis Ababa,1,0,0,NA,0,TRUE,FALSE,FALSE
ybGbNPu5dXB,Hawelti Woreda,Gmw0DJLXGtx,Tigray,30,0,0,NA,0,TRUE,FALSE,FALSE
ybqdmDPhpR4,Mati Primary Clinic,XU2wpLlX4Vk,Oromia,0,0,0,NA,0,FALSE,FALSE,FALSE
ydVJhmsA4sz,West Azernet Woreda,tDoLtk2ylu4,Central Ethiopia,76,9,0,0,9,TRUE,TRUE,FALSE
ydXwZIDFyvx,Tsigereda_PHCU,yb9NKGA8uqt,Amhara,23,0,0,NA,0,TRUE,FALSE,FALSE
yfYBd1UUKha,Robera No 2 Medium Clinic,XU2wpLlX4Vk,Oromia,0,0,0,NA,0,FALSE,FALSE,FALSE
ygGdlfLidi3,Qabribayah Woreda,PCKGSJoNHXi,Somali,57,0,0,NA,0,TRUE,FALSE,FALSE
yjGVht45z94,Mihiretu Medium Clinic,a2QIIR2UXcd,South Ethiopia,0,0,0,NA,0,FALSE,FALSE,FALSE
ykHsomaNnBb,Addis Primary Clinic,XU2wpLlX4Vk,Oromia,0,0,0,NA,0,FALSE,FALSE,FALSE
yleMwvEzhxV,Wajerat Wereda,Gmw0DJLXGtx,Tigray,53,1,0,0,1,TRUE,TRUE,FALSE
yoKWRRCalvH,Wanke Primary Clinic,moBiwh9h5Ce,Gambella,0,0,0,NA,0,FALSE,FALSE,FALSE
ypRLXxA0vG5,Nedjo Mekane Yesus Clinic,XU2wpLlX4Vk,Oromia,0,0,0,NA,0,FALSE,FALSE,FALSE
yppAqEAhpoH,Mustahil Woreda,PCKGSJoNHXi,Somali,26,0,0,NA,0,TRUE,FALSE,FALSE
yq2icawhc3F,Raya Azebo Woreda,Gmw0DJLXGtx,Tigray,83,0,0,NA,0,TRUE,FALSE,FALSE
yqWslWLG6sC,Laha Town Administration,a2QIIR2UXcd,South Ethiopia,34,1,0,0,1,TRUE,TRUE,FALSE
yqtrRddlqaj,Daratole Woreda,PCKGSJoNHXi,Somali,13,2,0,0,2,TRUE,TRUE,FALSE
yrD4rGpWTnF,Malka Nono Sub City,XU2wpLlX4Vk,Oromia,43,0,0,NA,0,TRUE,FALSE,FALSE
ysf1CAmRTZA,Janamora Woreda,yb9NKGA8uqt,Amhara,128,0,0,NA,0,TRUE,FALSE,FALSE
yt18UuCU2g3,Beteseb Medium clinic,yY9BLUUegel,Addis Ababa,1,0,0,NA,0,TRUE,FALSE,FALSE
yt6MrL4Mga6,Tiyo Woreda,XU2wpLlX4Vk,Oromia,58,0,0,NA,0,TRUE,FALSE,FALSE
yuDEj5YMH70,Naine Maternal and Child Health Specialty Center,yY9BLUUegel,Addis Ababa,17,0,0,NA,0,TRUE,FALSE,FALSE
yywzFgCefPG,Yabelo Woreda,XU2wpLlX4Vk,Oromia,50,1,0,0,1,TRUE,TRUE,FALSE
z01zZIJSeuG,East Wollega Zone Police Medium Clinic,XU2wpLlX4Vk,Oromia,0,0,0,NA,0,FALSE,FALSE,FALSE
z0sHcqyuoQf,Bona Zuria Woreda,xNUoZIrGKxQ,Sidama,76,26,1,0.038461538461538464,25,TRUE,TRUE,FALSE
z1WMlHGBTs7,Atsbi Woreda,Gmw0DJLXGtx,Tigray,50,0,2,NA,0,TRUE,FALSE,FALSE
z1xpjH5cj6n,ET Care Maternal and Child Health Speciality Center,yY9BLUUegel,Addis Ababa,3,1,1,1,0,TRUE,TRUE,FALSE
z2IIrEIdAqT,Jemu Town Administration,HIlnt7Qj8do,South West Ethiopia,21,0,0,NA,0,TRUE,FALSE,FALSE
z2NtAW0QRq0,Daro Labu Primary Hospital,XU2wpLlX4Vk,Oromia,22,3,0,0,3,TRUE,TRUE,FALSE
z2diZ8mAlbp,Dembecha Primary Hospital,yb9NKGA8uqt,Amhara,3,0,0,NA,0,TRUE,FALSE,FALSE
z49vSqyirAR,Kidista Mariam Primary Clinic,XU2wpLlX4Vk,Oromia,12,0,0,NA,0,TRUE,FALSE,FALSE
z4IqZWTRfwC,Meket Woreda,yb9NKGA8uqt,Amhara,165,7,0,0,7,TRUE,TRUE,FALSE
z6sDDQJCnKV,Harawe_PHCU,b9nYedsL8te,Harari,21,0,0,NA,0,TRUE,FALSE,FALSE
z77ljnB9DnI,Tokuma Medium Clinic,XU2wpLlX4Vk,Oromia,0,0,0,NA,0,FALSE,FALSE,FALSE
z7UIhoaxycG,Dessie Obstetric and Gynecology Specialty Clinic,yb9NKGA8uqt,Amhara,1,0,0,NA,0,TRUE,FALSE,FALSE
z9bf6VBBDQP,Kabgar Medium Clinic Number 2,yY9BLUUegel,Addis Ababa,0,0,0,NA,0,FALSE,FALSE,FALSE
z9fVY4SLVvy,Weroda 12 Health Center,yY9BLUUegel,Addis Ababa,2,0,0,NA,0,TRUE,FALSE,FALSE
z9uW5mWaN5L,Unit Medium Clinic,a2QIIR2UXcd,South Ethiopia,1,0,0,NA,0,TRUE,FALSE,FALSE
zBFJSGFDfj0,Brook Eye Medium Clinic,yb9NKGA8uqt,Amhara,0,0,0,NA,0,FALSE,FALSE,FALSE
zCvpI7QnLaS,Adola Rede Woreda,XU2wpLlX4Vk,Oromia,93,3,2,0.6666666666666666,1,TRUE,TRUE,FALSE
zDMNEKSwMfj,Doctor Tesfanew Medium Clinic,a2QIIR2UXcd,South Ethiopia,0,0,0,NA,0,FALSE,FALSE,FALSE
zDbswFRHIw0,Danot Woreda,PCKGSJoNHXi,Somali,43,0,0,NA,0,TRUE,FALSE,FALSE
zDkqndRTSHU,Abdi Feya Medium Clinic,XU2wpLlX4Vk,Oromia,23,0,0,NA,0,TRUE,FALSE,FALSE
zHhC4li06rh,Debre Birhan Comprehensive Specialized Hospital,yb9NKGA8uqt,Amhara,23,9,8,0.8888888888888888,1,TRUE,TRUE,FALSE
zI5AoBRxkPs,Metehara Town,XU2wpLlX4Vk,Oromia,21,0,0,NA,0,TRUE,FALSE,FALSE
zIOAu8BlK7P,Gebra Guracha Town,XU2wpLlX4Vk,Oromia,7,0,0,NA,0,TRUE,FALSE,FALSE
zIxRvW9B1TL,Werda12 Health center,yY9BLUUegel,Addis Ababa,5,0,0,NA,0,TRUE,FALSE,FALSE
zKZpTr3XW3T,Sodo Dachi Woreda,XU2wpLlX4Vk,Oromia,39,0,0,NA,0,TRUE,FALSE,FALSE
zKeIrODqQxi,Dr. Solmon Medium Clinic,Fccw8uMlJHN,Benishangul-Gumuz,0,0,0,NA,0,FALSE,FALSE,FALSE
zLJz1X9JoBD,Gomma Woreda,XU2wpLlX4Vk,Oromia,164,1,2,2,0,TRUE,TRUE,FALSE
zMYZUWS4w4U,Robe Manahariya Medium Clinic,XU2wpLlX4Vk,Oromia,2,0,0,NA,0,TRUE,FALSE,FALSE
zOoOFMUHbKI,Sekela Woreda,yb9NKGA8uqt,Amhara,144,9,6,0.6666666666666666,3,TRUE,TRUE,FALSE
zRySWNfDcRK,Kurkura Dambi_PHCU,XU2wpLlX4Vk,Oromia,15,0,0,NA,0,TRUE,FALSE,FALSE
zS0Ea7YOVoE,Yirgalem Town,xNUoZIrGKxQ,Sidama,1,0,0,NA,0,TRUE,FALSE,FALSE
zTXLygRYgjB,Menafesh_PHCU,yb9NKGA8uqt,Amhara,2,0,0,NA,0,TRUE,FALSE,FALSE
zTYfBFB1uOB,Galan Guda Sub City,XU2wpLlX4Vk,Oromia,16,0,0,NA,0,TRUE,FALSE,FALSE
zTu5VNXlGme,Dr.Genenew Obstetrics and gynecology,yY9BLUUegel,Addis Ababa,1,0,0,NA,0,TRUE,FALSE,FALSE
zUIwR9LIdFE,Dagim Meduim clinic,XU2wpLlX4Vk,Oromia,0,0,0,NA,0,FALSE,FALSE,FALSE
zV5WOMj6yRJ,Yonas Medium Clinic,XU2wpLlX4Vk,Oromia,0,0,0,NA,0,FALSE,FALSE,FALSE
zVcEfPLFGib,Dewe Woreda,UFtGyqJMEZh,Afar,64,0,0,NA,0,TRUE,FALSE,FALSE
zWJbDkVwG1y,Lemma Beteseb Medium Clinic,yY9BLUUegel,Addis Ababa,0,0,0,NA,0,FALSE,FALSE,FALSE
zWUpokGIkpr,Borena Woreda,yb9NKGA8uqt,Amhara,103,0,0,NA,0,TRUE,FALSE,FALSE
zWXFuxxZEMF,Loma Bosa Woreda,HIlnt7Qj8do,South West Ethiopia,25,0,0,NA,0,TRUE,FALSE,FALSE
zXLe7ogmkox,Kidist Arsema Medium Clinic Number Two_closed,moBiwh9h5Ce,Gambella,14,0,0,NA,0,TRUE,FALSE,FALSE
zYHuB5lb3OT,Bereket Medium Clinic,XU2wpLlX4Vk,Oromia,0,0,0,NA,0,FALSE,FALSE,FALSE
zYw9DFfSAVU,Faya Medium Clinic,XU2wpLlX4Vk,Oromia,4,0,0,NA,0,TRUE,FALSE,FALSE
zavataJi0f5,Nejo_PHCU,XU2wpLlX4Vk,Oromia,18,0,0,NA,0,TRUE,FALSE,FALSE
zawWKvX5ykF,Amen Medical Surgical Specialty Center,yb9NKGA8uqt,Amhara,0,0,0,NA,0,FALSE,FALSE,FALSE
zek4f36sdeM,Hayat Medium Clinic,XU2wpLlX4Vk,Oromia,2,0,0,NA,0,TRUE,FALSE,FALSE
zhkN4P37Yrb,Tokuma Primary Clinic,XU2wpLlX4Vk,Oromia,0,0,0,NA,0,FALSE,FALSE,FALSE
ziTYLr9vQsi,Benmekerem General Hospital,Gmw0DJLXGtx,Tigray,0,0,0,NA,0,FALSE,FALSE,FALSE
zjhPDXCs9P0,Arero Primary Clinic,XU2wpLlX4Vk,Oromia,1,0,0,NA,0,TRUE,FALSE,FALSE
zkEXOuN6d6G,St.Mariam MEDIUM clinic,XU2wpLlX4Vk,Oromia,0,0,0,NA,0,FALSE,FALSE,FALSE
zlQ5LLl2cs4,Lomi Meda Health Center,yY9BLUUegel,Addis Ababa,0,0,0,NA,0,FALSE,FALSE,FALSE
zm9VNHpq2a4,Kidus Michael Medium Clinic,XU2wpLlX4Vk,Oromia,0,0,0,NA,0,FALSE,FALSE,FALSE
znEHmXywKEa,Gachit Woreda,HIlnt7Qj8do,South West Ethiopia,5,0,0,NA,0,TRUE,FALSE,FALSE
znjgxazlrJQ,Woreda 10 Health Center,yY9BLUUegel,Addis Ababa,4,0,0,NA,0,TRUE,FALSE,FALSE
znyzK7xa8DQ,Bule Hora General Hospital,XU2wpLlX4Vk,Oromia,1,0,0,NA,0,TRUE,FALSE,FALSE
zqVy1s1titt,Hewan Gynecologic And Obstetric Specialty Clinic,yY9BLUUegel,Addis Ababa,7,0,0,NA,0,TRUE,FALSE,FALSE
zrtBhkgiSlg,Kidus RUfael Medium Clinic,yY9BLUUegel,Addis Ababa,0,0,0,NA,0,FALSE,FALSE,FALSE
zsDKIziOor1,Naol Medium Clinic,XU2wpLlX4Vk,Oromia,0,0,0,NA,0,FALSE,FALSE,FALSE
ztX0szhrMay,Ab Primary Clinic,yY9BLUUegel,Addis Ababa,16,0,0,NA,0,TRUE,FALSE,FALSE
zvT9w6gCTDL,Hawi Primary Clinic _Closed,XU2wpLlX4Vk,Oromia,0,0,0,NA,0,FALSE,FALSE,FALSE
zw7rnn9sjra,Beza Medium Clinic_Closed,yb9NKGA8uqt,Amhara,0,0,0,NA,0,FALSE,FALSE,FALSE
zxm6ciyly01,Lobe Medium Clinic,yY9BLUUegel,Addis Ababa,1,0,0,NA,0,TRUE,FALSE,FALSE
zy6BOol6LYs,Boset Woreda,XU2wpLlX4Vk,Oromia,137,0,0,NA,0,TRUE,FALSE,FALSE
